Date,TransactionType,Amount,Currency,ExchangeRate,Balance,Merchant,Category,Subcategory,Country,City,IsFraud,Notes,CustomerSince,Amount_IDR,BalanceCategory
2025-04-03,DEBIT,47.36,USD ,80.6864,-1714968.59,ShopEasy,Education,Books,UK,Pune,TRUE,REPEAT PURCHASE,2018.0,726048.50176,Negative
2024-10-08,DEBIT,159.55,INR,1.0,-1162428.75,AutoZone,Entertainment,Concert,Australia,Delhi,TRUE,CASHBACK CREDITED,2022.0,30314.500000000004,Negative
2024-09-14,DEBIT,2.43,GBP,102.0148,-2085783.34,BigBasket,Groceries,Specialty,USA,Gurugram,TRUE,CASHBACK CREDITED,,47100.233159999996,Negative
2024-12-21,REFUND,78.96,AED,18.1216,-2727243.49,ShopEasy,Dining,Restaurant,Australia,Mumbai,TRUE,SUSPECTED FRAUD,,271867.49184,Negative
2024-04-14,REFUND,42.81,USD,78.4379,-259175.06,LocalMart,Dining,FastFood,USA,Mumbai,TRUE,CASHBACK CREDITED,2023.0,638006.03481,Negative
2025-05-20,REFUND,25.28,INR,1.0,-2681033.19,Amazon,Utilities,Electricity,India,Hyderabad,TRUE,,2015.0,4803.2,Negative
2023-09-14,CREDIT,30.06,USD,80.9396,-1641954.78,Starbucks,Utilities,Electricity,India,Jaipur,TRUE,MANUAL ADJUSTMENT,2025.0,462278.43143999996,Negative
2023-10-23,CREDIT,15.91,INR,1.0,-2238462.32,AutoZone,Travel,Flight,UAE,Mumbai,TRUE,,2021.0,3022.9,Negative
2023-10-31,REFUND,33.37,GBP,109.7276,-1773994.74,Myntra,Automotive,Fuel,UK,Jaipur,TRUE,MANUAL ADJUSTMENT,,695705.9022799999,Negative
2024-02-07,REFUND,41.34,USD,82.68,-445835.54,Reliance,Health,Clinic,UK,Pune,TRUE,REPEAT PURCHASE,,649418.3280000001,Negative
2024-07-08,DEBIT,33.37,GBP,96.0691,-1168892.39,ShopEasy,Automotive,Fuel,USA,Gurugram,TRUE,MONTHLY SUBSCRIPTION,,609106.91473,Negative
2024-10-13,REFUND,12.31,INR,1.0,-2419825.46,Zomato,Education,Books,UK,Noida,TRUE,PROMO APPLIED,,2338.9,Negative
2023-11-01,DEBIT,35.17,AED,19.8767,-2678063.64,Flipkart,Entertainment,Concert,USA,Mumbai,TRUE,REPEAT PURCHASE,,132822.07241,Negative
2025-02-24,CREDIT,8.82,AED,20.55,-1626685.13,Paytm Mall,Dining,Restaurant,Canada,Pune,TRUE,REPEAT PURCHASE,2015.0,34437.69,Negative
2024-05-03,CREDIT,106.77,INR,1.0,-144093.87,Walmart,Automotive,Fuel,India,Delhi,TRUE,REPEAT PURCHASE,,20286.3,Negative
2024-08-25,CREDIT,34.25,USD,81.3081,-965108.08,Starbucks,Entertainment,Streaming,Canada,Bengaluru,TRUE,CHARGEBACK REQUESTED,,529112.46075,Negative
2024-09-12,DEBIT,16.08,USD,80.4133,-2783810.24,ShopEasy,Groceries,Supermarket,UK,Jaipur,TRUE,REPEAT PURCHASE,,245678.71415999997,Negative
2025-06-20,DEBIT,83.05,INRR,1.0,-2464156.5,Zomato,Utilities,Internet,UK,Jaipur,TRUE,SUSPECTED FRAUD,2017.0,15779.5,Negative
2024-10-10,DEBIT,42.68,USD,76.2602,-1641954.78,ElectroWorld,Automotive,Repair,UK,Jaipur,TRUE,CASHBACK CREDITED,,618409.21384,Negative
2024-05-10,DEBIT,10.04,INR,1.0,-1641954.78,BigBasket,Education,Course,India,Mumbai,TRUE,MONTHLY SUBSCRIPTION,,1907.6,Negative
2024-11-14,CREDIT,14.87,AED,21.1947,-2466729.79,Myntra,Electronics,Laptop,Canada,Mumbai,TRUE,CHARGEBACK REQUESTED,,59881.38591,Negative
2024-12-14,REFUND,29.71,GBP,92.4582,-1641954.78,Myntra,Entertainment,Concert,USA,Hyderabad,TRUE,CHARGEBACK REQUESTED,,521917.2931800001,Negative
2025-05-16,DEBIT,10.15,USD,80.4977,-1641954.78,BigBasket,Entertainment,Concert,UK,Chennai,TRUE,MONTHLY SUBSCRIPTION,2024.0,155239.81445,Negative
2024-04-16,DEBIT,24.75,GBP,98.6922,-2235670.04,Swiggy,Utilities,Internet,UAE,Bengaluru,TRUE,PROMO APPLIED,2018.0,464100.0705,Negative
2024-08-31,DEBIT,139.02,AED,20.2535,-2866366.7,LocalMart,Groceries,Specialty,UAE,Hyderabad,TRUE,CASHBACK CREDITED,,534971.8983,Negative
2025-08-26,DEBIT,740.61,INR,1.0,-1077085.21,ElectroWorld,Education,Books,USA,Noida,TRUE,MANUAL ADJUSTMENT,,140715.9,Negative
2025-08-19,DEBIT,33.37,INR,1.0,-2680617.09,ElectroWorld,Travel,Taxi,UAE,Hyderabad,TRUE,CASHBACK CREDITED,2019.0,6340.299999999999,Negative
2024-05-27,DEBIT,133.12,USD,77.0508,-1641954.78,Paytm Mall,Entertainment,Movies,Australia,Mumbai,TRUE,PROMO APPLIED,,1948830.47424,Negative
2023-10-11,DEBIT,4.47,INR,1.0,-541895.17,Zomato,Automotive,Fuel,USA,Bengaluru,TRUE,MANUAL ADJUSTMENT,,849.3,Negative
2023-11-12,DEBIT,134.71,USD,74.1184,-1641954.78,ShopEasy,Utilities,Internet,UK,Bengaluru,TRUE,PROMO APPLIED,2018.0,1897053.0361600001,Negative
2024-04-08,CREDIT,65.07,GBP,108.1853,-1604589.22,Zomato,Automotive,Fuel,Canada,Noida,TRUE,REPEAT PURCHASE,,1337527.31949,Negative
2023-12-30,REFUND,2.06,INR,1.0,-1641954.78,ShopEasy,Clothing,Men,Australia,Delhi,TRUE,MONTHLY SUBSCRIPTION,,391.40000000000003,Negative
2024-08-06,DEBIT,4.51,INR,1.0,-2419281.82,Walmart,Health,Pharmacy,Canada,Gurugram,TRUE,MONTHLY SUBSCRIPTION,,856.9,Negative
2024-08-08,DEBIT,7.55,USD,77.3263,-1641954.78,Starbucks,Clothing,Men,UAE,Chennai,TRUE,PROMO APPLIED,,110924.57735,Negative
2024-04-04,DEBIT,16.27,INR,1.0,-1162726.61,Paytm Mall,Clothing,Men,India,Kolkata,TRUE,CHARGEBACK REQUESTED,,3091.2999999999997,Negative
2025-05-27,DEBIT,7.84,AED,19.3642,-1641954.78,Paytm Mall,Clothing,Women,USA,Pune,TRUE,MANUAL ADJUSTMENT,,28844.91232,Negative
2024-07-10,REFUND,121.42,GBP,108.7271,-1641954.78,Swiggy,Health,Pharmacy,India,Hyderabad,TRUE,CHARGEBACK REQUESTED,2018.0,2508312.45158,Negative
2025-02-13,CREDIT,49.02,USD,75.4365,-1641954.78,Paytm Mall,Clothing,Men,UAE,Jaipur,TRUE,REPEAT PURCHASE,2024.0,702600.4737,Negative
2024-08-17,DEBIT,30.81,INR,1.0,-1641954.78,BigBasket,Groceries,Specialty,India,Noida,TRUE,,,5853.9,Negative
2023-12-09,REFUND,33.37,USD,78.6113,-1641954.78,ShopEasy,Clothing,Men,USA,Mumbai,TRUE,PROMO APPLIED,2025.0,498419.2253899999,Negative
2024-03-31,DEBIT,47.29,INR,1.0,-159515.16,Amazon,Dining,FastFood,Australia,Bengaluru,TRUE,MONTHLY SUBSCRIPTION,,8985.1,Negative
2025-02-03,REFUND,33.37,AED,18.4318,-538125.35,Zomato,Entertainment,Concert,UK,Mumbai,TRUE,MONTHLY SUBSCRIPTION,2021.0,116863.14153999998,Negative
2023-10-31,DEBIT,37.53,INR,1.0,-558165.12,Zomato,Entertainment,Streaming,UK,Hyderabad,TRUE,REPEAT PURCHASE,2026.0,7130.7,Negative
2024-09-27,CREDIT,200.52,GBP,102.9324,-554069.5,ElectroWorld,Dining,FastFood,India,Bengaluru,TRUE,PROMO APPLIED,2018.0,3921600.92112,Negative
2025-04-11,DEBIT,7.44,AED,18.9825,-280484.11,BigBasket,Clothing,Men,Australia,Bengaluru,TRUE,CASHBACK CREDITED,2017.0,26833.662000000004,Negative
2024-01-11,DEBIT,62.7,USD,75.2344,-1807800.08,LocalMart,Entertainment,Concert,Australia,Gurugram,TRUE,CASHBACK CREDITED,,896267.4071999999,Negative
2025-05-03,DEBIT,3.35,INR,1.0,-2119765.95,Paytm Mall,Electronics,Laptop,UAE,Pune,TRUE,,2016.0,636.5,Negative
2025-03-19,CREDIT,33.37,INR,1.0,-2230268.97,ShopEasy,Groceries,Specialty,Australia,Delhi,TRUE,CHARGEBACK REQUESTED,,6340.299999999999,Negative
2025-03-12,CREDIT,51.11,GBP,104.2049,-1807774.53,Myntra,Entertainment,Streaming,Canada,Bengaluru,TRUE,REPEAT PURCHASE,,1011923.36341,Negative
2025-07-14,DEBIT,9.8,USD,81.3277,-1641954.78,Walmart,Automotive,Repair,UK,Kolkata,TRUE," -- VERIFY
CONTACT SUPPORT",,151432.1774,Negative
2024-12-31,DEBIT,33.37,USD,72.1534,-537998.07,BigBasket,Utilities,Electricity,UK,Noida,TRUE,MANUAL ADJUSTMENT,,457474.20201999997,Negative
2024-09-16,CREDIT,116.31,USD,80.1416,-2626456.33,Amazon,Entertainment,Movies,UAE,Hyderabad,TRUE,REPEAT PURCHASE,,1771041.2042399999,Negative
2024-01-24,DEBIT,76.36,USD,79.4491,-2229955.54,LocalMart,Utilities,Internet,UAE,Chennai,TRUE,MONTHLY SUBSCRIPTION,,1152679.32244,Negative
2023-12-29,DEBIT,33.37,USD,78.1248,-2582097.81,Reliance,Travel,Flight,UK,Gurugram,TRUE,CHARGEBACK REQUESTED,2016.0,495334.66943999997,Negative
2023-11-23,CREDIT,2.99,GBP,108.6389,-1198244.24,Flipkart,Automotive,Repair,UAE,Gurugram,TRUE,REPEAT PURCHASE,,61717.75909000001,Negative
2023-12-18,DEBIT,30.66,USD,74.8373,-556084.2,Swiggy,Groceries,Supermarket,USA,Mumbai,TRUE,,2021.0,435957.20742,Negative
2023-12-06,CREDIT,12.59,INR,1.0,-1641954.78,ShopEasy,Education,Course,Canada,Pune,TRUE,SUSPECTED FRAUD,,2392.1,Negative
2024-10-30,REFUND,33.37,USD,76.854,-540444.3,Reliance,Clothing,Men,USA,Kolkata,TRUE,REPEAT PURCHASE,,487277.4162,Negative
2024-08-16,DEBIT,173.77,AED,20.0875,-1412964.73,Paytm Mall,Education,Course,USA,Chennai,TRUE,REPEAT PURCHASE,,663214.92625,Negative
2024-12-01,DEBIT,59.08,USD,72.0087,-160861.6,Starbucks,Electronics,Laptop,Canada,Delhi,TRUE,SUSPECTED FRAUD,,808312.05924,Negative
2023-11-13,DEBIT,424.0,INR,1.0,-1985416.59,BigBasket,Automotive,Fuel,UAE,Hyderabad,TRUE,REPEAT PURCHASE,,80560.0,Negative
2024-06-26,CREDIT,31.18,GBP,93.8799,-1558063.5,Reliance,Clothing,Women,UAE,Mumbai,TRUE,CHARGEBACK REQUESTED,2019.0,556163.3035800001,Negative
2025-06-24,DEBIT,31.37,INR,1.0,-2902030.33,ShopEasy,Clothing,Women,USA,Gurugram,TRUE,SUSPECTED FRAUD,,5960.3,Negative
2024-01-22,DEBIT,66.96,INR,1.0,-1078153.24,Zomato,Electronics,Laptop,India,Pune,TRUE,SUSPECTED FRAUD,2024.0,12722.4,Negative
2025-06-23,DEBIT,71.43,INR,1.0,-1984854.17,Amazon,Entertainment,Concert,India,Mumbai,TRUE,CASHBACK CREDITED,,13571.7,Negative
2025-09-03,REFUND,66.91,INR,1.0,-1641954.78,Swiggy,Electronics,Laptop,Canada,Jaipur,TRUE,REPEAT PURCHASE,2018.0,12712.9,Negative
2024-02-14,REFUND,10.23,GBP,92.614,-1641954.78,Swiggy,Education,Course,Australia,Gurugram,TRUE,SUSPECTED FRAUD,2022.0,180013.8318,Negative
2023-12-15,DEBIT,6.15,USD,78.2158,-1641954.78,Flipkart,Utilities,Electricity,USA,Mumbai,TRUE,MONTHLY SUBSCRIPTION,,91395.1623,Negative
2023-11-22,CREDIT,31.07,USD,78.395,-1558830.66,AutoZone,Education,Course,Australia,Chennai,TRUE,CHARGEBACK REQUESTED,,462789.2035,Negative
2024-05-30,DEBIT,41.99,USD,80.671,-1641954.78,ElectroWorld,Dining,Cafe,UK,Gurugram,TRUE,REPEAT PURCHASE,2025.0,643601.3051000001,Negative
2024-10-18,DEBIT,33.37,AED,20.6941,-593608.93,Paytm Mall,Dining,Cafe,India,Jaipur,TRUE,CASHBACK CREDITED,,131206.80223,Negative
2024-09-21,DEBIT,87.42,USD,82.3036,-2465179.51,BigBasket,Electronics,Mobile,Canada,Mumbai,TRUE,CASHBACK CREDITED,,1367046.33528,Negative
2025-02-24,CREDIT,57.51,USD,79.4537,-975017.93,LocalMart,Education,Books,Australia,Mumbai,TRUE,CASHBACK CREDITED,,868182.6345299999,Negative
2024-12-06,CREDIT,43.04,INR,1.0,-2120376.67,Zomato,Dining,FastFood,Australia,Chennai,TRUE,REPEAT PURCHASE,,8177.599999999999,Negative
2023-12-21,DEBIT,111.86,INR,1.0,-441710.35,ShopEasy,Clothing,Women,Canada,Gurugram,TRUE,,,21253.4,Negative
2025-02-13,CREDIT,41.76,INR,1.0,-2868221.09,Zomato,Entertainment,Concert,UAE,Gurugram,TRUE,PROMO APPLIED,,7934.4,Negative
2024-05-14,DEBIT,11.91,GBP,106.2813,-2582304.63,Swiggy,Entertainment,Streaming,India,Hyderabad,TRUE,MANUAL ADJUSTMENT,,240503.95377,Negative
2023-12-20,DEBIT,13.97,USD,72.048,-1131438.52,Flipkart,Clothing,Women,UAE,Hyderabad,TRUE,REPEAT PURCHASE,2023.0,191237.0064,Negative
2024-06-28,REFUND,151.59,INR,1.0,-1641954.78,LocalMart,Electronics,Accessory,UK,Delhi,TRUE,SUSPECTED FRAUD,,28802.100000000002,Negative
2024-03-13,DEBIT,266.85,INR,1.0,-1271368.07,Paytm Mall,Education,Course,UAE,Mumbai,TRUE,,2022.0,50701.50000000001,Negative
2025-01-23,REFUND,212.71,GBP,97.335,-155509.42,Starbucks,Education,Course,Canada,Noida,TRUE,"CASHBACK CREDITED -- VERIFY
CONTACT SUPPORT",2019.0,3933784.2915000003,Negative
2025-04-20,DEBIT,33.37,USD,82.4542,-976444.62,BigBasket,Automotive,Repair,Australia,Hyderabad,TRUE,"CASHBACK CREDITED -- VERIFY
CONTACT SUPPORT",,522784.36425999994,Negative
2023-09-23,CREDIT,21.95,GBP,93.9114,-1652243.2,Starbucks,Education,Books,India,Noida,TRUE,SUSPECTED FRAUD,2021.0,391657.49370000005,Negative
2024-06-08,DEBIT,19.35,INR,1.0,-2901617.31,Reliance,Education,Course,India,Bengaluru,TRUE,REPEAT PURCHASE,2018.0,3676.5000000000005,Negative
2025-08-04,CREDIT,159.82,USD,74.2505,-2466130.77,LocalMart,Groceries,Supermarket,Canada,Noida,TRUE,REPEAT PURCHASE,,2254675.8329000003,Negative
2024-06-12,CREDIT,10.41,GBP,99.5808,-1641954.78,Starbucks,Education,Course,UK,Chennai,TRUE,CHARGEBACK REQUESTED,,196960.86431999996,Negative
2024-06-18,CREDIT,33.37,USD,74.1723,-1823671.89,Flipkart,Education,Course,UAE,Kolkata,TRUE,SUSPECTED FRAUD,,470274.63369000005,Negative
2023-12-20,DEBIT,12.82,USD,78.9386,-2514468.82,ElectroWorld,Electronics,Accessory,USA,Chennai,TRUE,,,192278.64187999998,Negative
2024-07-05,DEBIT,33.37,INR,1.0,-1284760.12,Amazon,Automotive,Repair,Australia,Hyderabad,TRUE,CASHBACK CREDITED,,6340.299999999999,Negative
2025-02-09,CREDIT,21.41,INR,1.0,-1641954.78,LocalMart,Automotive,Repair,Australia,Jaipur,TRUE,PROMO APPLIED,,4067.9,Negative
2024-07-08,REFUND,27.04,AED,19.5658,-1143250.93,Paytm Mall,Dining,FastFood,Canada,Noida,TRUE,CHARGEBACK REQUESTED,2019.0,100521.25407999998,Negative
2024-08-10,REFUND,7.53,INR,1.0,-2625259.39,Flipkart,Groceries,Supermarket,UAE,Delhi,TRUE,REPEAT PURCHASE,2021.0,1430.7,Negative
2024-01-20,CREDIT,33.37,INR,1.0,9630.77,LocalMart,Dining,Restaurant,India,Hyderabad,TRUE,CHARGEBACK REQUESTED,,6340.299999999999,Positive
2025-07-02,REFUND,26.55,AED,21.6973,-2679258.09,LocalMart,Education,Books,UAE,Mumbai,TRUE,PROMO APPLIED,2025.0,109452.02984999999,Negative
2025-02-22,DEBIT,12.59,USD,80.0191,-2873879.72,Zomato,Health,Clinic,USA,Pune,TRUE,REPEAT PURCHASE,,191413.68910999998,Negative
2023-09-12,DEBIT,132.05,INR,1.0,-2936292.47,ShopEasy,Electronics,Laptop,USA,Jaipur,TRUE,SUSPECTED FRAUD,,25089.500000000004,Negative
2024-09-26,CREDIT,26.76,GBP,103.2226,-2775577.18,Starbucks,Electronics,Accessory,India,Gurugram,TRUE,MONTHLY SUBSCRIPTION,,524824.98744,Negative
2025-05-02,DEBIT,42.0,AED,19.7965,-434795.16,Paytm Mall,Health,Clinic,UK,Delhi,TRUE,MANUAL ADJUSTMENT,,157976.07,Negative
2025-05-08,DEBIT,26.13,USD,72.1281,-1170364.46,Amazon,Dining,Cafe,Canada,Mumbai,TRUE,,2023.0,358094.37807000004,Negative
2025-02-25,CREDIT,76.08,USD,79.3054,-1008377.25,Swiggy,Clothing,Men,Australia,Delhi,TRUE,PROMO APPLIED,2015.0,1146375.4180800002,Negative
2025-02-04,CREDIT,56.62,GBP,108.3485,-2935439.48,Zomato,Health,Pharmacy,India,Mumbai,TRUE,MONTHLY SUBSCRIPTION,2015.0,1165591.4933,Negative
2025-05-02,DEBIT,33.32,AED,,-1641954.78,,Health,Pharmacy,UK,Gurugram,TRUE,MONTHLY SUBSCRIPTION,,,Negative
2024-11-29,DEBIT,101.4,INR,1.0,-986126.23,Zomato,Education,Books,UAE,Jaipur,TRUE,CASHBACK CREDITED,,19266.0,Negative
2024-11-14,CREDIT,6.06,USD,75.6366,-2120355.15,Starbucks,Electronics,Mobile,USA,Noida,TRUE,PROMO APPLIED,,87087.98124,Negative
2023-10-23,CREDIT,33.37,AED,20.9336,-528640.45,Starbucks,Education,Course,Australia,Jaipur,TRUE,MONTHLY SUBSCRIPTION,2017.0,132725.30407999997,Negative
2024-11-21,DEBIT,30.39,USD,77.8394,-554511.1,ElectroWorld,Health,Clinic,Australia,Noida,TRUE,PROMO APPLIED,,449452.47954,Negative
2024-06-08,DEBIT,31.51,INR,1.0,-2680025.78,Amazon,Clothing,Women,UK,Gurugram,TRUE,PROMO APPLIED,,5986.900000000001,Negative
2024-07-11,DEBIT,33.37,INR,1.0,-1288474.34,ShopEasy,Automotive,Fuel,UAE,Jaipur,TRUE,PROMO APPLIED,2019.0,6340.299999999999,Negative
2024-08-06,DEBIT,35.0,AED,20.566,-1641954.78,LocalMart,Automotive,Fuel,Australia,Pune,TRUE,MANUAL ADJUSTMENT,,136763.9,Negative
2023-12-23,DEBIT,53.94,INR,1.0,-2867771.13,Flipkart,Entertainment,Movies,UAE,Noida,TRUE,CHARGEBACK REQUESTED,2018.0,10248.6,Negative
2023-12-04,CREDIT,4.68,USD,72.3627,-1705829.09,Starbucks,Automotive,Repair,India,Gurugram,TRUE,,2016.0,64344.912840000005,Negative
2025-01-21,CREDIT,33.37,AED,19.8043,-1641954.78,BigBasket,Automotive,Fuel,UK,Mumbai,TRUE,MONTHLY SUBSCRIPTION,,125565.20329,Negative
2025-08-08,CREDIT,12.04,USD,78.3085,-1130088.71,Zomato,Entertainment,Movies,USA,Bengaluru,TRUE,MONTHLY SUBSCRIPTION,,179138.52459999998,Negative
2024-10-29,DEBIT,51.46,GBP,95.2761,-1000914.04,Starbucks,Travel,Taxi,USA,Mumbai,TRUE,,,931552.5401399999,Negative
2025-05-07,DEBIT,16.42,USD,79.5977,-1641954.78,ShopEasy,Entertainment,Movies,Canada,Kolkata,TRUE,MANUAL ADJUSTMENT,2019.0,248328.90446000005,Negative
2025-06-03,DEBIT,32.24,INR,1.0,-1641954.78,Amazon,Education,Course,Canada,Mumbai,TRUE,CASHBACK CREDITED,2022.0,6125.6,Negative
2025-08-04,CREDIT,107.69,AED,18.6868,-441532.25,ShopEasy,Utilities,Water,USA,Chennai,TRUE,,,382352.48348000005,Negative
2025-05-06,DEBIT,41.1,USD,72.4401,-1641954.78,Swiggy,Electronics,Mobile,UK,Noida,TRUE,SUSPECTED FRAUD,,565684.7409,Negative
2023-11-12,REFUND,48.1,AED,19.8843,-2121925.86,Paytm Mall,Health,Clinic,Canada,Gurugram,TRUE,CASHBACK CREDITED,,181722.6177,Negative
2023-09-15,CREDIT,32.12,INR,1.0,-2901032.24,BigBasket,Health,Clinic,UK,Mumbai,TRUE,SUSPECTED FRAUD,,6102.799999999999,Negative
2025-02-04,DEBIT,866.28,USD,77.9663,-160795.64,LocalMart,Clothing,Women,Canada,Gurugram,TRUE,SUSPECTED FRAUD,2019.0,12832722.80916,Negative
2025-01-20,CREDIT,23.95,INR,1.0,-280081.52,Reliance,Utilities,Internet,UAE,Gurugram,TRUE,,,4550.5,Negative
2025-04-06,CREDIT,10.31,AED,19.8323,-2867744.16,ElectroWorld,Dining,FastFood,UAE,Hyderabad,TRUE,PROMO APPLIED,,38849.49247,Negative
2024-02-16,REFUND,33.37,USD,72.1227,-2467984.14,LocalMart,Dining,Restaurant,Canada,Bengaluru,TRUE,CHARGEBACK REQUESTED,2019.0,457279.55480999994,Negative
2023-11-18,DEBIT,31.21,INR,1.0,-481231.34,AutoZone,Dining,Cafe,USA,Jaipur,TRUE,MANUAL ADJUSTMENT,,5929.900000000001,Negative
2024-10-02,DEBIT,46.29,INR ,1.0,-529696.79,Paytm Mall,Education,Books,UAE,Chennai,TRUE,MANUAL ADJUSTMENT,,8795.1,Negative
2025-01-30,DEBIT,80.45,USD,77.0856,-1676360.57,Paytm Mall,Automotive,Repair,India,Mumbai,TRUE,MONTHLY SUBSCRIPTION,2018.0,1178291.9388000001,Negative
2024-02-26,CREDIT,13.31,INR,1.0,-2117834.14,Swiggy,Groceries,Supermarket,Canada,Gurugram,TRUE,CHARGEBACK REQUESTED,,2528.9,Negative
2025-06-09,DEBIT,6.56,AED,21.7711,-2824853.57,ShopEasy,Electronics,Accessory,USA,Kolkata,TRUE,MONTHLY SUBSCRIPTION,,27135.49904,Negative
2025-02-12,DEBIT,114.06,USD,77.8039,-1560879.11,LocalMart,Dining,Restaurant,UK,Bengaluru,TRUE,MANUAL ADJUSTMENT,,1686119.43846,Negative
2025-09-02,DEBIT,12.51,INR,1.0,-1935718.1,Paytm Mall,Groceries,Specialty,Australia,Jaipur,TRUE,,,2376.9,Negative
2024-06-06,DEBIT,81.51,AED,18.8845,-1639794.29,ShopEasy,Health,Pharmacy,UAE,Hyderabad,TRUE,CHARGEBACK REQUESTED,,292462.36305,Negative
2024-04-16,DEBIT,44.33,AED,19.6036,-1641954.78,Walmart,Electronics,Laptop,USA,Chennai,TRUE,SUSPECTED FRAUD,,165115.24172,Negative
2024-07-16,DEBIT,31.72,INR ,1.0,-1984427.11,Myntra,Travel,Flight,Australia,Pune,TRUE,MONTHLY SUBSCRIPTION,,6026.8,Negative
2024-07-26,REFUND,33.37,USD,81.4008,-1076551.12,AutoZone,Utilities,Internet,India,Kolkata,TRUE,CHARGEBACK REQUESTED,,516105.49224000005,Negative
2025-05-13,REFUND,33.37,USD,76.2514,-1527411.36,AutoZone,Groceries,Supermarket,Australia,Gurugram,TRUE,REPEAT PURCHASE,,483456.75142000004,Negative
2025-04-03,DEBIT,28.86,USD,76.3349,-1641954.78,BigBasket,Automotive,Fuel,India,Hyderabad,TRUE,CHARGEBACK REQUESTED,,418574.79066000006,Negative
2024-08-06,CREDIT,4.44,USD,74.3703,-2908487.45,LocalMart,Health,Pharmacy,UK,Gurugram,TRUE,PROMO APPLIED,,62738.78508,Negative
2023-11-21,CREDIT,33.37,USD,76.9529,-1288625.77,Flipkart,Travel,Hotel,India,Hyderabad,TRUE,PROMO APPLIED,,487904.47186999995,Negative
2024-03-05,DEBIT,23.58,INR,1.0,-1641954.78,Flipkart,Automotive,Repair,Canada,Noida,TRUE,MONTHLY SUBSCRIPTION,2015.0,4480.2,Negative
2023-12-19,DEBIT,33.37,GBP,98.8789,-2464651.72,Swiggy,Dining,FastFood,UAE,Bengaluru,TRUE,MANUAL ADJUSTMENT,2017.0,626921.88967,Negative
2023-09-27,CREDIT,33.37,AED,19.3283,-1808913.64,LocalMart,Health,Pharmacy,UK,Mumbai,TRUE,MANUAL ADJUSTMENT,2019.0,122547.22048999998,Negative
2025-02-13,DEBIT,39.49,INR,1.0,-1131249.42,Amazon,Groceries,Specialty,India,Gurugram,TRUE,CASHBACK CREDITED,,7503.1,Negative
2024-02-24,CREDIT,33.37,USD,76.0964,-2579372.26,Starbucks,Entertainment,Movies,USA,Mumbai,TRUE,CASHBACK CREDITED,,482474.00492,Negative
2024-06-06,CREDIT,47.4,INR,1.0,-2901112.67,Swiggy,Dining,Restaurant,UAE,Kolkata,TRUE,CHARGEBACK REQUESTED,,9006.0,Negative
2023-12-11,DEBIT,44.33,INR,1.0,-2119575.49,Walmart,Automotive,Fuel,USA,Hyderabad,TRUE,SUSPECTED FRAUD,2015.0,8422.699999999999,Negative
2024-10-16,DEBIT,48.04,USD ,76.3269,-1641954.78,AutoZone,Entertainment,Movies,Australia,Kolkata,TRUE,CASHBACK CREDITED,,696681.41244,Negative
2025-02-20,REFUND,13.7,USD,77.1552,-1641954.78,Reliance,Entertainment,Concert,UK,Gurugram,TRUE,MONTHLY SUBSCRIPTION,2016.0,200834.98559999999,Negative
2023-12-19,DEBIT,33.37,INR,1.0,-163755.11,Myntra,Travel,Taxi,USA,Pune,TRUE,PROMO APPLIED,2023.0,6340.299999999999,Negative
2024-12-04,DEBIT,54.05,USD,74.664,-441485.77,ElectroWorld,Entertainment,Movies,UAE,Kolkata,TRUE,CASHBACK CREDITED,,766761.948,Negative
2025-07-11,CREDIT,4.85,USD,76.3083,-2118169.36,ElectroWorld,Education,Course,Canada,Jaipur,TRUE,CHARGEBACK REQUESTED,,70318.09845,Negative
2025-07-05,DEBIT,17.78,GBP,105.3954,-144850.68,Walmart,Utilities,Internet,India,Mumbai,TRUE,CHARGEBACK REQUESTED,2020.0,356046.74027999997,Negative
2024-01-02,CREDIT,66.59,USD,82.4189,-987576.75,Paytm Mall,Dining,Restaurant,India,Kolkata,TRUE,REPEAT PURCHASE,,1042772.1646899999,Negative
2024-03-17,DEBIT,6.86,INR,1.0,-1641954.78,Swiggy,Health,Clinic,India,Mumbai,TRUE,MANUAL ADJUSTMENT,2018.0,1303.4,Negative
2024-12-04,DEBIT,33.37,USD,77.2428,-1078375.8,AutoZone,Groceries,Specialty,Australia,Pune,TRUE,,2018.0,489742.52483999997,Negative
2024-11-14,DEBIT,61.13,INR,1.0,-1560822.08,AutoZone,Travel,Taxi,UAE,Jaipur,TRUE,SUSPECTED FRAUD,2026.0,11614.7,Negative
2023-09-18,DEBIT,79.76,INR,1.0,-1641977.29,Paytm Mall,Travel,Flight,UAE,Noida,TRUE,CHARGEBACK REQUESTED,,15154.400000000001,Negative
2025-02-28,REFUND,33.37,USD,76.7557,-1641954.78,ShopEasy,Clothing,Women,India,Kolkata,TRUE,MONTHLY SUBSCRIPTION,2023.0,486654.16471,Negative
2025-07-14,DEBIT,100.63,INR,1.0,-1641954.78,BigBasket,Health,Pharmacy,Canada,Gurugram,TRUE,CASHBACK CREDITED,2015.0,19119.7,Negative
2024-02-27,REFUND,52.19,INR,1.0,-1641954.78,Amazon,Travel,Taxi,UAE,Gurugram,TRUE,REPEAT PURCHASE,,9916.1,Negative
2025-07-09,REFUND,33.37,INR,1.0,-280622.08,Walmart,Utilities,Water,UAE,Mumbai,TRUE,MANUAL ADJUSTMENT,,6340.299999999999,Negative
2024-01-01,DEBIT,16.18,USD,77.4354,-1641954.78,Swiggy,Electronics,Accessory,UAE,Hyderabad,TRUE,MONTHLY SUBSCRIPTION,,238051.90668000001,Negative
2024-11-10,CREDIT,4.96,USD,73.6432,-2678046.06,Starbucks,Utilities,Internet,Canada,Noida,TRUE,CASHBACK CREDITED,2015.0,69401.35167999999,Negative
2024-04-08,REFUND,21.66,USD,75.7654,-2867026.6,Zomato,Dining,Restaurant,Australia,Pune,TRUE,PROMO APPLIED,2017.0,311804.92715999996,Negative
2024-02-12,DEBIT,17.69,INR,1.0,-440726.51,Myntra,Electronics,Laptop,Canada,Gurugram,TRUE,MANUAL ADJUSTMENT,,3361.1000000000004,Negative
2024-09-09,REFUND,33.37,USD,78.4444,-973784.9,Zomato,Entertainment,Streaming,UAE,Chennai,TRUE,CHARGEBACK REQUESTED,,497361.0293199999,Negative
2025-04-26,DEBIT,41.43,INR,1.0,-1641954.78,BigBasket,Dining,FastFood,Canada,Chennai,TRUE,REPEAT PURCHASE,,7871.7,Negative
2023-10-15,DEBIT,60.85,INR,1.0,-2579203.47,LocalMart,Clothing,Women,Canada,Gurugram,TRUE,"CASHBACK CREDITED -- VERIFY
CONTACT SUPPORT",,11561.5,Negative
2025-07-18,CREDIT,33.37,INR,1.0,-1272983.62,Flipkart,Electronics,Laptop,UK,Hyderabad,TRUE,PROMO APPLIED,,6340.299999999999,Negative
2024-04-09,CREDIT,42.25,USD,82.3064,-489665.0,Zomato,Groceries,Specialty,UAE,Pune,TRUE,,,660714.626,Negative
2025-09-03,DEBIT,70.76,USD,78.795,-1641954.78,Starbucks,Dining,Cafe,UK,Noida,TRUE,PROMO APPLIED,,1059351.4980000001,Negative
2024-09-10,DEBIT,39.63,USD,72.4621,-2677896.38,Walmart,Utilities,Internet,UK,Gurugram,TRUE,MONTHLY SUBSCRIPTION,2020.0,545617.8743700001,Negative
2025-07-27,DEBIT,33.37,USD,72.7945,-144027.27,LocalMart,Electronics,Laptop,Australia,Mumbai,TRUE,REPEAT PURCHASE,2021.0,461538.9683499999,Negative
2024-08-09,DEBIT,33.37,GBP,105.0162,-1641954.78,ShopEasy,Travel,Flight,India,Chennai,TRUE,MONTHLY SUBSCRIPTION,,665834.2128599999,Negative
2023-09-27,DEBIT,60.35,INR,1.0,-1641954.78,Walmart,Electronics,Laptop,UAE,Chennai,TRUE,REPEAT PURCHASE,2017.0,11466.5,Negative
2025-09-06,DEBIT,11.12,INR,1.0,-145905.97,ShopEasy,Education,Books,UK,Delhi,TRUE,CHARGEBACK REQUESTED,,2112.7999999999997,Negative
2025-07-31,REFUND,80.56,AED,21.0995,-1200460.15,Zomato,Groceries,Supermarket,UK,Bengaluru,TRUE,SUSPECTED FRAUD,2020.0,322957.3868,Negative
2024-02-02,CREDIT,33.37,GBP,101.544,-489425.6,BigBasket,Education,Books,India,Gurugram,TRUE,PROMO APPLIED,2017.0,643819.4231999998,Negative
2023-12-28,DEBIT,4.87,INR,1.0,-1641954.78,LocalMart,Utilities,Water,Australia,Kolkata,TRUE,,2025.0,925.3000000000001,Negative
2025-04-05,REFUND,35.01,USD,73.3838,-529191.9,Zomato,Groceries,Specialty,India,Bengaluru,TRUE,MANUAL ADJUSTMENT,,488141.69921999995,Negative
2024-02-03,REFUND,33.37,INR,1.0,-2236629.7,Myntra,Automotive,Repair,UK,Jaipur,TRUE,REPEAT PURCHASE,2024.0,6340.299999999999,Negative
2024-11-05,DEBIT,43.59,GBP,108.5562,-1984943.34,ElectroWorld,Education,Course,India,Bengaluru,TRUE,REPEAT PURCHASE,,899073.3040200002,Negative
2024-11-13,CREDIT,26.18,INR,1.0,-2593103.99,Starbucks,Travel,Flight,Canada,Kolkata,TRUE,,,4974.2,Negative
2024-11-10,DEBIT,14.67,INR,1.0,-1641954.78,Reliance,Automotive,Repair,USA,Gurugram,TRUE,SUSPECTED FRAUD,,2787.3,Negative
2024-10-08,DEBIT,78.34,INR,1.0,-258439.68,Starbucks,Automotive,Fuel,UK,Mumbai,TRUE,CHARGEBACK REQUESTED,,14884.6,Negative
2025-01-24,CREDIT,59.88,USD,80.3552,-2254487.86,BigBasket,Dining,Restaurant,UK,Kolkata,TRUE,REPEAT PURCHASE,,914217.18144,Negative
2024-06-12,DEBIT,33.37,USD,77.6013,-2933788.46,LocalMart,Groceries,Supermarket,UAE,Hyderabad,TRUE,"SUSPECTED FRAUD -- VERIFY
CONTACT SUPPORT",2022.0,492015.52238999994,Negative
2024-03-13,DEBIT,33.37,GBP,99.0019,-593304.35,BigBasket,Utilities,Water,USA,Chennai,TRUE,MANUAL ADJUSTMENT,,627701.74657,Negative
2023-11-04,DEBIT,150.67,INR,1.0,-986203.93,Amazon,Dining,FastFood,USA,Pune,TRUE,,,28627.3,Negative
2024-09-14,DEBIT,60.1,USD,75.701,9969.95,Paytm Mall,Utilities,Water,UK,Noida,TRUE,CASHBACK CREDITED,2020.0,864429.7189999999,Positive
2025-04-08,DEBIT,37.76,AED,21.4204,-281014.85,Swiggy,Entertainment,Concert,UK,Mumbai,TRUE,,,153678.51776,Negative
2024-12-31,REFUND,97.36,GBP,107.7313,-2872698.11,Myntra,Education,Books,Canada,Bengaluru,TRUE,MONTHLY SUBSCRIPTION,,1992856.67992,Negative
2024-04-10,CREDIT,18.64,INR,1.0,-447389.6,BigBasket,Education,Course,Canada,Kolkata,TRUE,MANUAL ADJUSTMENT,2026.0,3541.6,Negative
2023-12-18,DEBIT,73.88,AED,20.3972,-1273004.12,Zomato,Travel,Taxi,USA,Pune,TRUE,CHARGEBACK REQUESTED,,286319.57584,Negative
2024-08-10,DEBIT,33.37,USD,80.8364,-173440.65,Myntra,Utilities,Electricity,USA,Jaipur,TRUE,MONTHLY SUBSCRIPTION,,512527.02692,Negative
2025-08-01,DEBIT,6.59,AED,19.2223,-1198971.05,Reliance,Education,Books,UAE,Hyderabad,TRUE,CHARGEBACK REQUESTED,,24068.241830000003,Negative
2025-01-24,CREDIT,100.63,USD,76.997,-1199309.09,Starbucks,Entertainment,Movies,Australia,Jaipur,TRUE,PROMO APPLIED,,1472159.5409,Negative
2025-06-30,DEBIT,33.37,AED,21.3687,-2607617.83,Swiggy,Automotive,Repair,India,Pune,TRUE,CASHBACK CREDITED,,135483.96860999998,Negative
2025-05-24,CREDIT,33.37,USD,76.3658,-555360.28,Paytm Mall,Utilities,Water,Australia,Delhi,TRUE,CHARGEBACK REQUESTED,2016.0,484182.08173999994,Negative
2025-07-23,DEBIT,34.89,AED,21.536,-1605046.07,ElectroWorld,Utilities,Water,UAE,Kolkata,TRUE,CHARGEBACK REQUESTED,,142764.29760000002,Negative
2024-11-22,DEBIT,106.71,GBP,98.7902,-175962.22,Flipkart,Education,Course,India,Bengaluru,TRUE,SUSPECTED FRAUD,,2002961.42598,Negative
2023-10-13,DEBIT,244.34,GBP,100.5967,-1641954.78,Reliance,Dining,Cafe,USA,Gurugram,TRUE,MANUAL ADJUSTMENT,,4670161.55882,Negative
2025-04-18,DEBIT,42.15,INR,1.0,-555687.16,Zomato,Health,Clinic,Canada,Noida,TRUE,MONTHLY SUBSCRIPTION,2023.0,8008.5,Negative
2024-12-16,REFUND,168.66,AED,18.5062,-2235313.01,Myntra,Groceries,Specialty,Australia,Gurugram,TRUE,CHARGEBACK REQUESTED,2020.0,593038.5814799999,Negative
2024-01-03,CREDIT,15.63,AED,18.7671,-1558972.09,Myntra,Health,Pharmacy,UK,Noida,TRUE,,2022.0,55732.65687,Negative
2024-09-25,REFUND,121.64,INRR,1.0,-1641954.78,Zomato,Electronics,Mobile,India,Jaipur,TRUE,CHARGEBACK REQUESTED,2025.0,23111.6,Negative
2025-04-21,DEBIT,47.93,USD,74.7033,-1169002.49,AutoZone,Dining,FastFood,Canada,Bengaluru,TRUE,MONTHLY SUBSCRIPTION,2016.0,680300.54211,Negative
2024-06-23,DEBIT,18.35,AED,19.5038,-1559268.95,Flipkart,Education,Course,USA,Jaipur,TRUE,SUSPECTED FRAUD,,67999.9987,Negative
2023-09-16,DEBIT,33.37,USD,74.2271,-2622852.79,BigBasket,Clothing,Women,UAE,Delhi,TRUE,MONTHLY SUBSCRIPTION,,470622.0821299999,Negative
2024-11-08,CREDIT,63.63,INR,1.0,-2462770.03,Zomato,Dining,Cafe,USA,Hyderabad,TRUE,REPEAT PURCHASE,2019.0,12089.7,Negative
2023-12-22,REFUND,10.72,INR,1.0,-1641954.78,Swiggy,Health,Pharmacy,Australia,Mumbai,TRUE,PROMO APPLIED,2021.0,2036.8000000000002,Negative
2023-12-28,CREDIT,33.37,USD,79.1055,-1641954.78,AutoZone,Electronics,Mobile,UK,Delhi,TRUE,CASHBACK CREDITED,,501552.60165,Negative
2023-12-22,CREDIT,33.37,INR,1.0,-2678303.98,Amazon,Education,Course,USA,Delhi,TRUE,,,6340.299999999999,Negative
2024-05-06,DEBIT,24.25,USD,81.3019,-2230287.58,ShopEasy,Dining,Cafe,UK,Pune,TRUE,SUSPECTED FRAUD,,374598.50425,Negative
2025-01-14,DEBIT,10.16,GBP,108.6912,-2465438.01,BigBasket,Health,Clinic,UAE,Jaipur,TRUE,MONTHLY SUBSCRIPTION,2016.0,209817.49248000002,Negative
2024-05-11,CREDIT,41.99,INR,1.0,-2428028.02,Swiggy,Education,Course,India,Kolkata,TRUE,REPEAT PURCHASE,,7978.1,Negative
2024-05-16,DEBIT,33.37,USD,73.8762,-2118882.17,LocalMart,Travel,Hotel,UK,Bengaluru,TRUE,MONTHLY SUBSCRIPTION,,468397.27085999993,Negative
2024-02-03,REFUND,36.58,USD,76.7174,-2873789.37,Flipkart,Dining,FastFood,UAE,Gurugram,TRUE,,,533201.27348,Negative
2025-05-21,REFUND,33.37,USD,74.4212,-1200341.12,ShopEasy,Clothing,Women,India,Jaipur,TRUE,PROMO APPLIED,,471852.73435999994,Negative
2023-11-24,DEBIT,4.89,INR,1.0,-2462960.41,Myntra,Groceries,Supermarket,Australia,Delhi,TRUE,MONTHLY SUBSCRIPTION,,929.0999999999999,Negative
2025-06-18,DEBIT,34.5,GBP,91.704,-1641954.78,AutoZone,Health,Clinic,UK,Noida,TRUE,,,601119.72,Negative
2024-08-15,DEBIT,53.5,USD,73.0748,-976474.86,Reliance,Travel,Flight,Canada,Pune,TRUE,REPEAT PURCHASE,,742805.342,Negative
2024-05-25,DEBIT,7.74,AED,19.6442,-1641954.78,ElectroWorld,Education,Course,Canada,Hyderabad,TRUE,,2021.0,28888.76052,Negative
2025-06-26,CREDIT,43.4,USD,72.4923,-1412682.35,Reliance,Utilities,Electricity,USA,Noida,TRUE,PROMO APPLIED,2025.0,597771.5057999999,Negative
2024-03-05,DEBIT,136.48,AED,21.7163,-2464057.92,LocalMart,Dining,FastFood,India,Kolkata,TRUE,REPEAT PURCHASE,,563129.71856,Negative
2025-05-19,DEBIT,33.37,INR,1.0,-2121032.02,Amazon,Utilities,Electricity,USA,Delhi,TRUE,MANUAL ADJUSTMENT,,6340.299999999999,Negative
2025-07-29,DEBIT,100.4,INR,1.0,-1557872.24,BigBasket,Clothing,Women,USA,Delhi,TRUE,REPEAT PURCHASE,,19076.0,Negative
2025-03-13,DEBIT,9.35,INR ,1.0,-555076.1,Swiggy,Dining,Restaurant,UK,Chennai,TRUE,MONTHLY SUBSCRIPTION,2024.0,1776.5,Negative
2024-01-23,DEBIT,79.42,GBP,90.3096,-2678132.79,Zomato,Utilities,Electricity,UK,Pune,TRUE,PROMO APPLIED,2025.0,1362753.80208,Negative
2023-09-25,CREDIT,12.72,USD,76.5562,-2936108.98,Paytm Mall,Automotive,Repair,UAE,Bengaluru,TRUE,MANUAL ADJUSTMENT,2024.0,185021.02416,Negative
2024-07-15,REFUND,18.44,INR,1.0,-2463699.81,Starbucks,Education,Books,India,Pune,TRUE,MANUAL ADJUSTMENT,,3503.6000000000004,Negative
2024-03-29,CREDIT,55.05,GBP,92.0206,-1641954.78,Flipkart,Electronics,Accessory,India,Hyderabad,TRUE,CHARGEBACK REQUESTED,2019.0,962489.4657,Negative
2024-04-14,REFUND,33.37,INR,1.0,-1641954.78,Zomato,Clothing,Women,Canada,Jaipur,TRUE,REPEAT PURCHASE,,6340.299999999999,Negative
2024-09-18,DEBIT,5.35,INR,1.0,-2236587.83,Paytm Mall,Automotive,Fuel,Australia,Bengaluru,TRUE,PROMO APPLIED,,1016.4999999999999,Negative
2025-06-26,CREDIT,63.18,AED,20.0821,-975806.83,ElectroWorld,Electronics,Laptop,India,Pune,TRUE,,,241069.54482,Negative
2024-12-09,REFUND,21.77,INR,1.0,-1641954.78,Paytm Mall,Groceries,Specialty,Canada,Hyderabad,TRUE,,,4136.3,Negative
2025-04-16,CREDIT,223.29,USD,79.0351,-2936094.25,Flipkart,Health,Pharmacy,India,Delhi,TRUE,MONTHLY SUBSCRIPTION,,3353072.02101,Negative
2023-10-10,DEBIT,33.37,USD,74.1523,-2237682.53,Flipkart,Utilities,Internet,UK,Gurugram,TRUE,MONTHLY SUBSCRIPTION,,470147.82769,Negative
2024-10-26,DEBIT,5.45,GBP,104.4179,-1271460.6,ElectroWorld,Groceries,Specialty,India,Chennai,TRUE,REPEAT PURCHASE,,108124.73545000001,Negative
2024-07-17,DEBIT,49.71,AED,20.9188,-1641954.78,ShopEasy,Groceries,Supermarket,Canada,Hyderabad,TRUE,CASHBACK CREDITED,,197575.97412,Negative
2024-09-20,CREDIT,47.55,USD,76.5587,-145731.6,ElectroWorld,Automotive,Repair,Canada,Jaipur,TRUE,,2016.0,691669.5751499999,Negative
2025-09-03,DEBIT,8.81,USD,82.4222,-1712960.84,Flipkart,Automotive,Fuel,Canada,Pune,TRUE,MONTHLY SUBSCRIPTION,,137966.52058,Negative
2025-06-17,REFUND,27.06,INR,1.0,-2872989.26,Amazon,Entertainment,Streaming,India,Mumbai,TRUE,CHARGEBACK REQUESTED,,5141.4,Negative
2025-01-12,REFUND,55.81,GBP,90.8911,-2936119.49,ElectroWorld,Entertainment,Streaming,USA,Kolkata,TRUE,CHARGEBACK REQUESTED,2024.0,963800.13529,Negative
2025-06-22,DEBIT,59.86,AED,20.4343,-445814.88,Flipkart,Automotive,Repair,UAE,Gurugram,TRUE,"MANUAL ADJUSTMENT -- VERIFY
CONTACT SUPPORT",2024.0,232407.46762,Negative
2024-01-07,DEBIT,57.66,AED,18.6581,-174447.35,Flipkart,Education,Course,UAE,Kolkata,TRUE,CASHBACK CREDITED,,204406.94874,Negative
2024-03-02,CREDIT,60.97,AED,21.8961,-2308327.41,Starbucks,Travel,Taxi,Canada,Jaipur,TRUE,CASHBACK CREDITED,,253650.99122999999,Negative
2025-06-25,DEBIT,33.37,INR,1.0,-1131912.82,Starbucks,Groceries,Specialty,Australia,Delhi,TRUE,SUSPECTED FRAUD,2019.0,6340.299999999999,Negative
2025-04-15,REFUND,725.16,USD,81.9602,-2774924.05,Swiggy,Clothing,Women,Australia,Kolkata,TRUE,REPEAT PURCHASE,,11292509.14008,Negative
2024-02-13,DEBIT,31.22,AED,21.7868,-1889622.02,ElectroWorld,Travel,Flight,Australia,Chennai,TRUE,SUSPECTED FRAUD,,129234.94024,Negative
2024-11-12,DEBIT,51.03,INR,1.0,-2680791.01,Reliance,Electronics,Mobile,USA,Bengaluru,TRUE,SUSPECTED FRAUD,2025.0,9695.7,Negative
2024-09-06,DEBIT,5.2,AED,21.2397,-1641954.78,Swiggy,Education,Course,UK,Kolkata,TRUE,,2021.0,20984.8236,Negative
2023-09-25,DEBIT,134.76,AED,20.0277,-1412440.3,Zomato,Groceries,Supermarket,India,Delhi,TRUE,PROMO APPLIED,,512797.24188,Negative
2025-02-09,DEBIT,28.79,INR,1.0,-1624756.67,Starbucks,Entertainment,Concert,Australia,Pune,TRUE,MONTHLY SUBSCRIPTION,2018.0,5470.099999999999,Negative
2024-08-30,DEBIT,38.02,INR,1.0,-1130830.4,Starbucks,Health,Pharmacy,UK,Mumbai,TRUE,SUSPECTED FRAUD,2019.0,7223.8,Negative
2024-09-11,CREDIT,100.3,GBP,92.5715,-2579829.97,Swiggy,Electronics,Laptop,Australia,Kolkata,TRUE,CHARGEBACK REQUESTED,2025.0,1764135.0755,Negative
2023-12-01,DEBIT,33.37,INR,1.0,-2774303.54,LocalMart,Dining,FastFood,Australia,Jaipur,TRUE,SUSPECTED FRAUD,2022.0,6340.299999999999,Negative
2024-02-27,REFUND,229.63,AED,19.333,-556275.4,Zomato,Education,Course,UAE,Bengaluru,TRUE,PROMO APPLIED,,843492.9900999999,Negative
2024-08-08,REFUND,30.8,USD,76.1827,-2236676.21,Starbucks,Electronics,Mobile,Canada,Gurugram,TRUE,,,445821.16040000005,Negative
2024-09-18,CREDIT,33.37,AED,18.3478,-1000836.13,Amazon,Groceries,Supermarket,USA,Pune,TRUE,MANUAL ADJUSTMENT,2017.0,116330.55634,Negative
2024-02-28,REFUND,106.39,INR,1.0,-446718.69,Zomato,Automotive,Repair,Canada,Chennai,TRUE,CASHBACK CREDITED,2021.0,20214.1,Negative
2024-01-15,DEBIT,13.04,GBP,107.8422,-2420526.58,Walmart,Groceries,Specialty,Canada,Bengaluru,TRUE,CHARGEBACK REQUESTED,2022.0,267189.83472,Negative
2024-01-05,DEBIT,3.19,INR,1.0,-2538971.63,BigBasket,Education,Course,Australia,Chennai,TRUE,REPEAT PURCHASE,,606.1,Negative
2023-11-26,DEBIT,8.05,INR,1.0,-1077984.95,Zomato,Groceries,Supermarket,UK,Kolkata,TRUE,MONTHLY SUBSCRIPTION,2019.0,1529.5000000000002,Negative
2023-10-10,DEBIT,3.93,GBP,100.5887,-1641954.78,Walmart,Education,Books,UAE,Bengaluru,TRUE,CASHBACK CREDITED,2020.0,75109.58229,Negative
2023-11-16,CREDIT,21.16,INR,1.0,-2825456.92,Zomato,Groceries,Specialty,UAE,Hyderabad,TRUE,MANUAL ADJUSTMENT,2019.0,4020.4,Negative
2025-02-04,DEBIT,6.25,INR,1.0,-2593090.9,Flipkart,Electronics,Mobile,UK,Pune,TRUE,CHARGEBACK REQUESTED,,1187.5,Negative
2024-08-15,CREDIT,27.94,USD,73.3379,-2580143.37,ElectroWorld,Electronics,Mobile,Australia,Mumbai,TRUE,MANUAL ADJUSTMENT,,389321.57594,Negative
2023-12-04,DEBIT,8.15,USD,79.5849,-1641954.78,LocalMart,Automotive,Repair,Canada,Hyderabad,TRUE,REPEAT PURCHASE,,123237.21765,Negative
2025-04-29,CREDIT,53.76,USD,77.1893,-1641954.78,ElectroWorld,Dining,Restaurant,India,Bengaluru,TRUE,CASHBACK CREDITED,,788442.3859199999,Negative
2025-03-12,DEBIT,33.37,INR,1.0,-2868673.07,BigBasket,Electronics,Mobile,UAE,Gurugram,TRUE,PROMO APPLIED,,6340.299999999999,Negative
2025-03-26,CREDIT,35.44,INR,1.0,-1641954.78,Paytm Mall,Utilities,Internet,UK,Noida,TRUE,CASHBACK CREDITED,,6733.599999999999,Negative
2024-12-18,DEBIT,42.05,USD,74.5694,-174468.38,ElectroWorld,Electronics,Laptop,Canada,Bengaluru,TRUE,PROMO APPLIED,2021.0,595772.2213,Negative
2024-12-21,CREDIT,33.37,AED,20.1344,-1774076.31,Starbucks,Electronics,Laptop,Australia,Chennai,TRUE,,,127658.13631999999,Negative
2025-08-04,DEBIT,178.4,USD,75.234,-1641954.78,Walmart,Education,Books,UK,Delhi,TRUE,MONTHLY SUBSCRIPTION,,2550131.664,Negative
2025-03-09,REFUND,16.48,GBP,98.872,-595123.43,Reliance,Education,Course,India,Pune,TRUE,MANUAL ADJUSTMENT,,309588.0064,Negative
2025-02-25,DEBIT,234.06,INR,1.0,-2235647.08,Zomato,Dining,Cafe,USA,Kolkata,TRUE,CHARGEBACK REQUESTED,,44471.4,Negative
2024-02-14,CREDIT,16.81,AED,21.4556,-1557409.37,ShopEasy,Utilities,Electricity,Canada,Bengaluru,TRUE,MANUAL ADJUSTMENT,,68527.04084,Negative
2024-06-28,DEBIT,7.87,GBP,102.1845,-2622915.64,LocalMart,Entertainment,Streaming,Australia,Pune,TRUE,MANUAL ADJUSTMENT,,152796.48285,Negative
2025-08-05,DEBIT,33.37,INR,1.0,-1641954.78,LocalMart,Electronics,Laptop,UK,Hyderabad,TRUE,MANUAL ADJUSTMENT,,6340.299999999999,Negative
2025-01-30,CREDIT,106.72,INR,1.0,-1143416.54,BigBasket,Education,Books,UK,Kolkata,TRUE,CHARGEBACK REQUESTED,,20276.8,Negative
2023-09-30,DEBIT,74.81,GBP,90.0181,-1641954.78,Swiggy,Electronics,Laptop,USA,Kolkata,TRUE,MONTHLY SUBSCRIPTION,2019.0,1279508.27159,Negative
2023-12-01,CREDIT,57.33,USD,81.8563,-2902724.79,ShopEasy,Entertainment,Streaming,USA,Pune,TRUE,REPEAT PURCHASE,2019.0,891636.1190099999,Negative
2025-03-14,DEBIT,60.77,USD,80.8427,-1824365.03,Myntra,Travel,Taxi,UK,Pune,TRUE,PROMO APPLIED,,933434.0670099999,Negative
2024-09-13,CREDIT,205.03,INR,1.0,-1641954.78,AutoZone,Electronics,Mobile,UK,Mumbai,TRUE,MANUAL ADJUSTMENT,,38955.7,Negative
2023-11-18,DEBIT,24.71,AED,19.9036,-1602612.96,Walmart,Utilities,Water,Canada,Pune,TRUE,,,93445.41164,Negative
2024-01-10,DEBIT,26.58,INR,1.0,-1272477.49,Flipkart,Dining,FastFood,India,Mumbai,TRUE,,,5050.2,Negative
2024-09-16,DEBIT,14.46,INR,1.0,-1435779.94,BigBasket,Electronics,Laptop,India,Bengaluru,TRUE,MONTHLY SUBSCRIPTION,,2747.4,Negative
2025-04-05,REFUND,24.25,USD,75.8089,-1641954.78,Zomato,Automotive,Repair,USA,Delhi,TRUE,MONTHLY SUBSCRIPTION,,349289.50675,Negative
2025-08-17,CREDIT,84.8,USD,72.5004,-2230250.33,Myntra,Travel,Flight,UK,Pune,TRUE,PROMO APPLIED,2025.0,1168126.4448,Negative
2024-08-01,CREDIT,82.52,INR,1.0,-2121073.28,Zomato,Education,Books,Australia,Bengaluru,TRUE,CASHBACK CREDITED,,15678.8,Negative
2024-01-07,DEBIT,33.37,GBP,93.8748,-1641954.78,ShopEasy,Dining,FastFood,USA,Mumbai,TRUE,MANUAL ADJUSTMENT,,595194.39444,Negative
2024-12-18,DEBIT,33.37,INR,1.0,-529847.31,Myntra,Travel,Flight,UAE,Gurugram,TRUE,MANUAL ADJUSTMENT,2019.0,6340.299999999999,Negative
2024-11-23,REFUND,38.67,INR,1.0,-280995.97,Amazon,Electronics,Laptop,USA,Chennai,TRUE,,,7347.3,Negative
2023-12-02,CREDIT,33.37,GBP,96.7794,-1077542.8,LocalMart,Education,Course,Australia,Mumbai,TRUE,,2019.0,613610.4298199998,Negative
2024-08-25,CREDIT,18.25,INR,1.0,-2582754.98,BigBasket,Electronics,Laptop,India,Hyderabad,TRUE,REPEAT PURCHASE,2023.0,3467.5,Negative
2025-08-25,REFUND,33.37,USD,76.1955,-259212.54,Amazon,Education,Course,USA,Hyderabad,TRUE,CASHBACK CREDITED,,483102.32865,Negative
2024-05-29,DEBIT,33.37,INR,1.0,-1641954.78,Flipkart,Education,Course,Australia,Chennai,TRUE,CASHBACK CREDITED,2023.0,6340.299999999999,Negative
2024-08-13,DEBIT,25.97,GBP,99.41,-2118693.12,Myntra,Travel,Flight,Canada,Gurugram,TRUE,,2019.0,490518.763,Negative
2025-05-31,DEBIT,34.09,USD,74.7657,-1076412.8,Swiggy,Utilities,Internet,UAE,Gurugram,TRUE,SUSPECTED FRAUD,,484264.91547,Negative
2024-02-19,DEBIT,7.48,USD,77.779,-1198283.47,ShopEasy,Entertainment,Concert,UAE,Delhi,TRUE,CASHBACK CREDITED,,110539.5148,Negative
2025-01-16,CREDIT,26.54,USD,74.9257,-1559338.31,Flipkart,Utilities,Internet,UK,Delhi,TRUE,,,377820.33482,Negative
2024-08-04,REFUND,38.12,INR,1.0,-175084.65,Amazon,Entertainment,Streaming,Canada,Pune,TRUE,SUSPECTED FRAUD,2023.0,7242.799999999999,Negative
2025-07-09,DEBIT,45.81,USD,79.0075,-260514.94,Starbucks,Automotive,Fuel,USA,Chennai,TRUE,CHARGEBACK REQUESTED,,687673.3792499999,Negative
2024-11-14,CREDIT,33.37,INR,1.0,-1641954.78,Reliance,Clothing,Men,Canada,Chennai,TRUE,SUSPECTED FRAUD,,6340.299999999999,Negative
2025-07-14,DEBIT,28.35,USD,79.872,-1675953.75,Myntra,Automotive,Repair,UK,Chennai,TRUE,,,430230.528,Negative
2024-01-04,CREDIT,270.29,USD,81.4454,-1641954.78,AutoZone,Utilities,Internet,India,Hyderabad,TRUE,MANUAL ADJUSTMENT,2023.0,4182636.6615400002,Negative
2024-06-03,CREDIT,90.7,INR,1.0,-2428263.1,Paytm Mall,Travel,Taxi,Australia,Chennai,TRUE,CHARGEBACK REQUESTED,,17233.0,Negative
2024-12-21,DEBIT,33.37,INR,1.0,-1641954.78,Starbucks,Clothing,Women,UK,Gurugram,TRUE,,2021.0,6340.299999999999,Negative
2024-03-30,CREDIT,33.37,GBP,93.9035,-2495141.31,BigBasket,Travel,Flight,Canada,Hyderabad,TRUE,MONTHLY SUBSCRIPTION,,595376.36105,Negative
2023-12-08,CREDIT,24.62,INR,1.0,-1269625.44,Paytm Mall,Utilities,Electricity,UAE,Pune,TRUE,CHARGEBACK REQUESTED,2024.0,4677.8,Negative
2024-01-06,CREDIT,33.37,GBP,97.9378,-1640853.96,Amazon,Groceries,Specialty,India,Delhi,TRUE,REPEAT PURCHASE,2016.0,620955.0333399998,Negative
2025-06-24,DEBIT,33.37,INR,1.0,-2208818.56,Swiggy,Utilities,Electricity,USA,Chennai,TRUE,MANUAL ADJUSTMENT,,6340.299999999999,Negative
2024-02-11,DEBIT,38.05,GBP,91.5345,-2622884.12,Walmart,Travel,Flight,UK,Hyderabad,TRUE,CASHBACK CREDITED,,661748.6677499999,Negative
2025-08-09,DEBIT,33.37,USD,74.2768,-1605079.22,Swiggy,Education,Course,UK,Pune,TRUE,REPEAT PURCHASE,,470937.19503999996,Negative
2023-12-08,DEBIT,47.49,AED,20.0669,-1199864.28,Swiggy,Groceries,Supermarket,India,Gurugram,TRUE,MANUAL ADJUSTMENT,,181065.64539000002,Negative
2025-08-25,REFUND,65.7,USD,79.5693,-165825.81,Reliance,Education,Course,Canada,Bengaluru,TRUE,,,993263.5719,Negative
2024-11-19,DEBIT,29.22,AED,21.9057,-1641954.78,Flipkart,Groceries,Specialty,Canada,Chennai,TRUE,MONTHLY SUBSCRIPTION,,121616.06525999999,Negative
2025-07-10,DEBIT,33.37,AED,20.7827,-1527281.42,Paytm Mall,Education,Books,UK,Delhi,TRUE,,,131768.55280999996,Negative
2025-03-10,CREDIT,61.16,INR,1.0,-1143600.55,Zomato,Utilities,Electricity,Australia,Delhi,TRUE,MONTHLY SUBSCRIPTION,,11620.4,Negative
2025-09-07,DEBIT,18.64,INR,1.0,-1284252.48,Swiggy,Clothing,Women,Australia,Bengaluru,TRUE,CHARGEBACK REQUESTED,2019.0,3541.6,Negative
2023-10-08,DEBIT,3.37,GBP,106.7913,-2901460.43,LocalMart,Electronics,Mobile,Canada,Noida,TRUE,CASHBACK CREDITED,,68378.46939,Negative
2024-07-15,CREDIT,145.05,USD,82.1837,-1604431.62,Zomato,Health,Clinic,Canada,Noida,TRUE,SUSPECTED FRAUD,,2264941.6801500004,Negative
2024-02-14,DEBIT,7.02,USD,81.8457,-1269126.99,Myntra,Electronics,Mobile,UK,Noida,TRUE,CASHBACK CREDITED,2023.0,109165.79465999999,Negative
2023-11-26,REFUND,33.37,GBP,90.3691,-2119956.74,AutoZone,Dining,FastFood,India,Pune,TRUE,REPEAT PURCHASE,2025.0,572967.20473,Negative
2024-02-03,DEBIT,1.85,USD,78.5806,-1641954.78,Myntra,Automotive,Fuel,Canada,Mumbai,TRUE,MANUAL ADJUSTMENT,,27621.0809,Negative
2024-08-23,CREDIT,144.89,INR,1.0,-1641954.78,Swiggy,Education,Books,Australia,Delhi,TRUE,CHARGEBACK REQUESTED,,27529.1,Negative
2023-12-07,REFUND,20.16,GBP,103.9071,-1642014.63,Swiggy,Travel,Taxi,UAE,Delhi,TRUE,CASHBACK CREDITED,,398005.75584,Negative
2024-03-23,DEBIT,19.76,INR,1.0,-1641954.78,ElectroWorld,Electronics,Accessory,Canada,Noida,TRUE,PROMO APPLIED,,3754.4,Negative
2024-10-11,DEBIT,322.89,USD,72.0104,-1935466.67,Reliance,Utilities,Electricity,UK,Bengaluru,TRUE,MONTHLY SUBSCRIPTION,,4417773.23064,Negative
2025-05-17,CREDIT,207.19,USD,82.6368,-2120983.99,Flipkart,Automotive,Fuel,Australia,Kolkata,TRUE,,,3253088.5324799996,Negative
2024-08-19,REFUND,33.37,AED,19.7966,-1641954.78,Zomato,Entertainment,Movies,India,Delhi,TRUE,CASHBACK CREDITED,,125516.38298,Negative
2024-02-15,DEBIT,27.63,INR,1.0,-1617013.51,Swiggy,Groceries,Specialty,Australia,Kolkata,TRUE,SUSPECTED FRAUD,2024.0,5249.7,Negative
2023-10-11,REFUND,31.86,AED,21.4628,-1641954.78,Amazon,Entertainment,Movies,Canada,Kolkata,TRUE,PROMO APPLIED,2015.0,129922.91352,Negative
2024-08-10,DEBIT,7.94,USD,73.557,-2775599.25,Paytm Mall,Travel,Taxi,Canada,Jaipur,TRUE,SUSPECTED FRAUD,,110968.0902,Negative
2023-10-05,REFUND,11.07,USD,77.9021,-1641954.78,BigBasket,Groceries,Specialty,Australia,Jaipur,TRUE,PROMO APPLIED,,163851.48693,Negative
2023-09-24,CREDIT,60.58,AED,20.3605,-2419312.11,BigBasket,Groceries,Specialty,Canada,Chennai,TRUE,PROMO APPLIED,2016.0,234353.42709999997,Negative
2024-07-08,CREDIT,15.9,USD,74.8873,-2866510.32,Swiggy,Groceries,Specialty,Canada,Delhi,TRUE,PROMO APPLIED,2022.0,226234.53329999998,Negative
2025-02-11,DEBIT,48.6,USD,74.9806,-1270951.88,LocalMart,Dining,FastFood,UAE,Kolkata,TRUE,,,692370.8604,Negative
2025-01-31,DEBIT,751.46,AED,21.3937,-1641954.78,Zomato,Clothing,Men,Canada,Noida,TRUE,MANUAL ADJUSTMENT,2015.0,3054536.8623800003,Negative
2025-02-27,CREDIT,265.58,INR,1.0,-1652742.45,ShopEasy,Clothing,Women,UAE,Kolkata,TRUE,MANUAL ADJUSTMENT,,50460.2,Negative
2024-08-10,CREDIT,46.38,USD,80.8614,-1641954.78,Amazon,Education,Course,Canada,Jaipur,TRUE,MONTHLY SUBSCRIPTION,2016.0,712566.82908,Negative
2025-07-31,CREDIT,33.37,USD,74.5406,-1641954.78,ShopEasy,Utilities,Water,Canada,Kolkata,TRUE,REPEAT PURCHASE,,472609.76618,Negative
2024-04-25,DEBIT,28.99,INR,1.0,-2236266.27,Swiggy,Electronics,Laptop,India,Delhi,TRUE,MONTHLY SUBSCRIPTION,,5508.099999999999,Negative
2024-10-09,CREDIT,33.37,INR,1.0,-1641954.78,ElectroWorld,Entertainment,Movies,Canada,Bengaluru,TRUE,PROMO APPLIED,,6340.299999999999,Negative
2024-07-02,CREDIT,12.27,USD,74.1636,-189062.22,Flipkart,Travel,Hotel,Australia,Chennai,TRUE,REPEAT PURCHASE,,172897.60068,Negative
2024-09-14,CREDIT,22.51,GBP,107.0488,-554137.58,AutoZone,Electronics,Accessory,Canada,Bengaluru,TRUE,,,457837.01272000006,Negative
2024-12-25,CREDIT,38.95,USD,81.6092,-2420212.97,AutoZone,Automotive,Repair,Australia,Bengaluru,TRUE,MONTHLY SUBSCRIPTION,2024.0,603948.8846000001,Negative
2025-01-12,CREDIT,156.65,USD,73.5348,-1641954.78,Myntra,Electronics,Accessory,UAE,Mumbai,TRUE,SUSPECTED FRAUD,,2188653.0198000004,Negative
2025-09-02,DEBIT,22.56,INR,1.0,-1214878.21,Starbucks,Travel,Taxi,USA,Gurugram,TRUE,PROMO APPLIED,,4286.4,Negative
2025-03-13,REFUND,3.51,USD,78.4882,-1652058.35,ShopEasy,Automotive,Repair,USA,Pune,TRUE,REPEAT PURCHASE,,52343.78058,Negative
2024-03-04,CREDIT,33.37,USD,82.8457,-2773368.5,LocalMart,Automotive,Fuel,USA,Hyderabad,TRUE,CASHBACK CREDITED,2021.0,525266.59171,Negative
2024-10-01,CREDIT,33.37,USD,81.2767,-2774229.33,LocalMart,Groceries,Supermarket,Canada,Chennai,TRUE,,,515318.66101,Negative
2024-11-13,REFUND,272.21,USD,81.6828,-1641954.78,ShopEasy,Travel,Hotel,USA,Hyderabad,TRUE,PROMO APPLIED,,4224626.24772,Negative
2024-11-16,DEBIT,5.46,GBP,95.6331,-2866441.3,Flipkart,Dining,Restaurant,UAE,Bengaluru,TRUE,MANUAL ADJUSTMENT,,99209.77793999999,Negative
2024-01-21,REFUND,33.37,USD,74.4364,-1641954.78,BigBasket,Clothing,Women,India,Gurugram,TRUE,PROMO APPLIED,,471949.10692000005,Negative
2025-05-19,REFUND,76.38,USD,73.7133,-1641954.78,LocalMart,Groceries,Specialty,Canada,Kolkata,TRUE,MONTHLY SUBSCRIPTION,,1069742.1522600001,Negative
2025-02-09,CREDIT,68.3,USD,78.1587,-1714944.91,Paytm Mall,Health,Clinic,Canada,Jaipur,TRUE,SUSPECTED FRAUD,,1014265.4498999999,Negative
2024-06-29,DEBIT,27.91,AED,19.9625,-189932.75,Walmart,Automotive,Repair,India,Mumbai,TRUE,CHARGEBACK REQUESTED,,105859.14125,Negative
2025-04-28,CREDIT,11.26,AED,18.5045,-1270478.9,Amazon,Clothing,Men,India,Jaipur,TRUE,MANUAL ADJUSTMENT,2025.0,39588.5273,Negative
2025-03-04,CREDIT,33.37,GBP,107.7739,-2117916.96,ShopEasy,Entertainment,Streaming,USA,Jaipur,TRUE,CASHBACK CREDITED,,683318.8581699999,Negative
2024-12-30,CREDIT,33.37,GBP,93.9035,-2495141.31,BigBasket,Travel,Flight,Canada,Hyderabad,TRUE,MONTHLY SUBSCRIPTION,,595376.36105,Negative
2024-05-22,DEBIT,75.02,INR,1.0,-1641954.78,Myntra,Dining,FastFood,Australia,Kolkata,TRUE,SUSPECTED FRAUD,,14253.8,Negative
2025-05-08,DEBIT,46.15,INR,1.0,-1641954.78,Flipkart,Entertainment,Streaming,India,Jaipur,TRUE,SUSPECTED FRAUD,,8768.5,Negative
2023-09-28,DEBIT,56.35,USD,74.2493,-1641954.78,BigBasket,Automotive,Repair,USA,Noida,TRUE,,2023.0,794950.1304500002,Negative
2025-06-26,DEBIT,33.37,GBP,92.5763,-1641954.78,Zomato,Groceries,Specialty,UK,Hyderabad,TRUE,MONTHLY SUBSCRIPTION,2021.0,586961.51489,Negative
2023-12-20,DEBIT,119.11,INR,1.0,-528774.77,Myntra,Clothing,Men,India,Kolkata,TRUE,,2024.0,22630.9,Negative
2025-08-20,DEBIT,33.37,USD,73.2651,-593638.14,Starbucks,Automotive,Fuel,India,Kolkata,TRUE,MANUAL ADJUSTMENT,2020.0,464522.71352999995,Negative
2025-01-10,CREDIT,285.28,GBP,93.4802,-490283.08,Reliance,Dining,Cafe,UAE,Hyderabad,TRUE,REPEAT PURCHASE,,5066925.976639999,Negative
2025-05-13,CREDIT,33.37,USD ,75.5155,-143970.6,Walmart,Entertainment,Concert,UAE,Jaipur,TRUE,,,478790.92464999994,Negative
2025-01-12,CREDIT,11.49,INR,1.0,-1641954.78,Walmart,Utilities,Water,USA,Kolkata,TRUE,,,2183.1,Negative
2025-04-26,CREDIT,152.21,INR,1.0,-2922044.22,Starbucks,Automotive,Fuel,Australia,Chennai,TRUE,REPEAT PURCHASE,,28919.9,Negative
2024-07-31,REFUND,86.15,GBP,104.1353,-1641954.78,Swiggy,Automotive,Fuel,USA,Bengaluru,TRUE,REPEAT PURCHASE,,1704538.6580500002,Negative
2024-05-10,DEBIT,22.25,GBP,90.1552,-1641954.78,BigBasket,Electronics,Laptop,Canada,Chennai,TRUE,REPEAT PURCHASE,,381131.108,Negative
2025-08-19,CREDIT,18.42,INR,1.0,-1000542.36,BigBasket,Dining,Cafe,USA,Mumbai,TRUE,,2015.0,3499.8,Negative
2025-01-08,DEBIT,33.37,INR,1.0,-159830.83,Starbucks,Automotive,Fuel,USA,Delhi,TRUE,CASHBACK CREDITED,2020.0,6340.299999999999,Negative
2025-06-17,CREDIT,10.9,USD,78.9594,-1556846.41,Paytm Mall,Health,Clinic,Australia,Gurugram,TRUE,PROMO APPLIED,,163524.9174,Negative
2025-06-28,REFUND,171.34,INR,1.0,-2452352.51,Walmart,Groceries,Specialty,UK,Gurugram,TRUE,MANUAL ADJUSTMENT,,32554.600000000002,Negative
2024-03-09,CREDIT,43.29,INR,1.0,-1641954.78,Paytm Mall,Utilities,Electricity,Canada,Mumbai,TRUE,,,8225.1,Negative
2024-04-17,CREDIT,33.37,USD,78.6482,-441144.2,Reliance,Groceries,Supermarket,UK,Jaipur,TRUE,MONTHLY SUBSCRIPTION,,498653.18246,Negative
2025-05-29,CREDIT,33.37,INR,1.0,-440730.93,Flipkart,Education,Books,UK,Hyderabad,TRUE,PROMO APPLIED,2026.0,6340.299999999999,Negative
2024-08-24,DEBIT,15.69,AED,21.7325,-1130529.36,Flipkart,Clothing,Women,USA,Noida,TRUE,MONTHLY SUBSCRIPTION,,64786.755750000004,Negative
2025-08-17,DEBIT,25.96,USD,81.61,-1558988.47,Walmart,Dining,Restaurant,Canada,Noida,TRUE,PROMO APPLIED,,402533.16400000005,Negative
2025-07-16,REFUND,399.61,GBP,101.3694,-277975.52,AutoZone,Utilities,Electricity,USA,Kolkata,TRUE,CASHBACK CREDITED,2019.0,7696562.92746,Negative
2023-11-09,CREDIT,33.37,INR,1.0,-1641954.78,LocalMart,Dining,Restaurant,UAE,Delhi,TRUE,MANUAL ADJUSTMENT,,6340.299999999999,Negative
2024-06-25,DEBIT,67.81,GBP,108.9816,-1561066.52,Zomato,Utilities,Electricity,Australia,Gurugram,TRUE,PROMO APPLIED,,1404108.03624,Negative
2024-04-22,CREDIT,54.7,INR,1.0,-1849461.46,Paytm Mall,Automotive,Fuel,Australia,Jaipur,TRUE,PROMO APPLIED,,10393.0,Negative
2024-01-20,DEBIT,23.91,INR,1.0,-1641954.78,Myntra,Entertainment,Movies,India,Jaipur,TRUE,MANUAL ADJUSTMENT,,4542.9,Negative
2025-09-01,DEBIT,33.37,GBP,101.3361,-175169.5,Walmart,Health,Pharmacy,Australia,Bengaluru,TRUE,CHARGEBACK REQUESTED,2024.0,642501.2748299999,Negative
2025-01-24,CREDIT,55.88,INR,1.0,-1825554.38,Myntra,Clothing,Men,UK,Mumbai,TRUE,,,10617.2,Negative
2024-04-13,DEBIT,511.82,USD,80.3698,-1713220.38,Paytm Mall,Education,Books,Canada,Delhi,TRUE,MONTHLY SUBSCRIPTION,,7815625.496839999,Negative
2024-11-13,REFUND,33.37,USD,79.802,-1641954.78,Flipkart,Dining,Restaurant,USA,Chennai,TRUE,,,505968.6206,Negative
2023-12-06,CREDIT,93.48,INR,1.0,-2873328.58,Myntra,Education,Books,USA,Bengaluru,TRUE,PROMO APPLIED,,17761.2,Negative
2024-09-06,DEBIT,33.37,USD,78.8407,-2903210.11,ShopEasy,Education,Books,Canada,Hyderabad,TRUE,CHARGEBACK REQUESTED,,499873.69021,Negative
2024-02-19,REFUND,272.03,USD,77.5813,-1653014.22,Myntra,Travel,Flight,Australia,Mumbai,TRUE,SUSPECTED FRAUD,,4009843.7974099996,Negative
2024-07-22,REFUND,705.43,USD,81.7892,-2580643.08,Starbucks,Electronics,Accessory,Australia,Mumbai,TRUE,REPEAT PURCHASE,,10962345.517639998,Negative
2024-12-26,DEBIT,3.73,INR,1.0,-1641512.04,ElectroWorld,Travel,Flight,UAE,Hyderabad,TRUE,MONTHLY SUBSCRIPTION,2022.0,708.7,Negative
2025-06-18,DEBIT,125.19,INR,1.0,-1641954.78,Paytm Mall,Automotive,Repair,India,Pune,TRUE,REPEAT PURCHASE,,23786.1,Negative
2024-09-07,DEBIT,118.17,GBP,100.2877,-2593163.07,Reliance,Clothing,Women,UK,Gurugram,TRUE,MONTHLY SUBSCRIPTION,,2251689.5267100004,Negative
2025-04-06,DEBIT,22.73,USD,80.4236,-1527270.05,AutoZone,Dining,Restaurant,UK,Gurugram,TRUE,REPEAT PURCHASE,,347325.40131999995,Negative
2025-01-07,DEBIT,12.66,USD,75.4082,-2773764.82,Paytm Mall,Dining,Restaurant,USA,Chennai,TRUE,SUSPECTED FRAUD,,181386.88427999997,Negative
2025-06-12,REFUND,1387.82,INR,1.0,-2624337.1,Walmart,Automotive,Repair,Australia,Gurugram,TRUE,CASHBACK CREDITED,2026.0,263685.8,Negative
2024-09-15,CREDIT,33.37,USD,81.587,-1198942.89,ShopEasy,Health,Pharmacy,India,Bengaluru,TRUE,CASHBACK CREDITED,,517286.0560999999,Negative
2024-11-05,DEBIT,11.2,USD,80.0546,-1077956.49,Starbucks,Entertainment,Concert,Australia,Delhi,TRUE,SUSPECTED FRAUD,,170356.18879999997,Negative
2025-07-23,DEBIT,29.95,USD,79.2138,-1641954.78,ElectroWorld,Groceries,Supermarket,UK,Bengaluru,TRUE,MANUAL ADJUSTMENT,2025.0,450766.12890000007,Negative
2023-11-30,DEBIT,179.93,INR,1.0,-1641954.78,ElectroWorld,Health,Pharmacy,India,Pune,TRUE,MONTHLY SUBSCRIPTION,,34186.700000000004,Negative
2024-03-19,DEBIT,76.85,GBP,97.071,-2514527.71,LocalMart,Education,Course,India,Delhi,TRUE,REPEAT PURCHASE,2022.0,1417382.2064999999,Negative
2024-11-13,DEBIT,73.97,USD,73.963,-1641954.78,ElectroWorld,Electronics,Accessory,Canada,Mumbai,TRUE,PROMO APPLIED,2023.0,1039498.1908999999,Negative
2025-04-09,CREDIT,158.21,USD,74.5203,-1641954.78,ElectroWorld,Automotive,Repair,UAE,Noida,TRUE,CASHBACK CREDITED,,2240072.7659700005,Negative
2024-11-17,DEBIT,25.23,GBP,103.1657,-1000888.31,BigBasket,Education,Course,India,Kolkata,TRUE,MANUAL ADJUSTMENT,,494545.4160900001,Negative
2024-11-24,DEBIT,16.11,INR,1.0,9360.9,Amazon,Clothing,Men,India,Bengaluru,TRUE,REPEAT PURCHASE,2017.0,3060.9,Positive
2023-10-22,DEBIT,50.42,USD,81.4412,-2452518.3,Flipkart,Entertainment,Movies,UK,Bengaluru,TRUE,SUSPECTED FRAUD,2022.0,780190.40776,Negative
2025-02-26,DEBIT,19.29,USD,74.3289,-1199621.95,Swiggy,Electronics,Accessory,UK,Delhi,TRUE,MANUAL ADJUSTMENT,,272422.85139,Negative
2025-02-01,CREDIT,11.93,USD,79.4164,-1641954.78,Flipkart,Electronics,Mobile,Australia,Gurugram,TRUE,MANUAL ADJUSTMENT,,180013.15388,Negative
2024-12-04,DEBIT,33.37,GBP,92.1632,-2868227.85,LocalMart,Utilities,Internet,UAE,Pune,TRUE,PROMO APPLIED,,584342.33696,Negative
2024-04-18,DEBIT,28.58,INR,1.0,-1642017.95,Walmart,Travel,Hotel,Canada,Gurugram,TRUE,SUSPECTED FRAUD,,5430.2,Negative
2023-10-31,CREDIT,71.27,AED,20.0597,-1641954.78,Walmart,Groceries,Supermarket,USA,Bengaluru,TRUE,SUSPECTED FRAUD,,271634.41560999997,Negative
2023-10-31,CREDIT,47.31,INR,1.0,-1641954.78,LocalMart,Entertainment,Streaming,Canada,Mumbai,TRUE,CHARGEBACK REQUESTED,2020.0,8988.9,Negative
2024-06-20,CREDIT,204.32,USD,80.1576,-1641843.77,ShopEasy,Utilities,Electricity,UK,Pune,TRUE,PROMO APPLIED,,3111782.15808,Negative
2025-07-12,REFUND,33.37,USD,73.3484,-1284751.55,Myntra,Entertainment,Concert,Australia,Kolkata,TRUE,MONTHLY SUBSCRIPTION,2024.0,465050.86051999993,Negative
2025-05-25,DEBIT,23.69,USD,79.7916,-1499902.74,Amazon,Clothing,Women,UAE,Delhi,TRUE,PROMO APPLIED,2024.0,359149.97076000005,Negative
2024-03-15,DEBIT,33.37,GBP,94.538,-1641954.78,ElectroWorld,Groceries,Supermarket,Canada,Pune,TRUE,,,599399.2813999999,Negative
2024-12-13,DEBIT,13.39,USD,81.3779,-556068.87,Swiggy,Travel,Hotel,USA,Pune,TRUE,SUSPECTED FRAUD,2023.0,207033.51539,Negative
2024-11-19,DEBIT,54.65,INR,1.0,-1641954.78,Paytm Mall,Automotive,Repair,Canada,Bengaluru,TRUE,PROMO APPLIED,,10383.5,Negative
2024-09-07,REFUND,33.37,INR,1.0,-1198750.74,Walmart,Travel,Taxi,UK,Bengaluru,TRUE,REPEAT PURCHASE,2023.0,6340.299999999999,Negative
2024-12-31,DEBIT,116.06,USD,78.8887,-1603350.19,Reliance,Health,Clinic,UK,Kolkata,TRUE,REPEAT PURCHASE,2025.0,1739606.27918,Negative
2024-09-07,REFUND,33.37,INR,1.0,-436728.23,ShopEasy,Dining,Cafe,India,Gurugram,TRUE,MONTHLY SUBSCRIPTION,2016.0,6340.299999999999,Negative
2024-11-08,REFUND,4.7,AED,18.4163,-2726736.6,Walmart,Automotive,Repair,USA,Mumbai,TRUE,MONTHLY SUBSCRIPTION,2024.0,16445.7559,Negative
2024-03-29,REFUND,13.74,INR,1.0,-2466736.66,Amazon,Health,Clinic,USA,Kolkata,TRUE,CHARGEBACK REQUESTED,,2610.6,Negative
2024-12-08,DEBIT,30.09,USD,77.5856,-2902356.14,Swiggy,Utilities,Internet,USA,Bengaluru,TRUE,MONTHLY SUBSCRIPTION,2015.0,443564.63375999994,Negative
2025-04-05,DEBIT,36.62,GBP,90.4514,-1559861.61,Flipkart,Automotive,Repair,Australia,Bengaluru,TRUE,MANUAL ADJUSTMENT,2023.0,629342.75092,Negative
2024-12-30,CREDIT,43.75,GBP,96.0644,-176119.97,Amazon,Dining,Restaurant,Canada,Gurugram,TRUE,PROMO APPLIED,2015.0,798535.3250000001,Negative
2025-05-22,DEBIT,45.5,USD,74.497,-1936573.55,Swiggy,Clothing,Women,UAE,Jaipur,TRUE,SUSPECTED FRAUD,,644026.565,Negative
2023-10-13,DEBIT,66.63,GBP,96.3011,-2119761.28,Walmart,Groceries,Supermarket,Canada,Noida,TRUE,CASHBACK CREDITED,,1219143.03567,Negative
2025-08-16,DEBIT,8.32,GBP,106.3036,-1616705.5,LocalMart,Groceries,Specialty,Canada,Jaipur,TRUE,PROMO APPLIED,2023.0,168044.73088000002,Negative
2025-03-18,DEBIT,1.55,GBP,93.5647,-2872975.73,Paytm Mall,Education,Course,Canada,Noida,TRUE,PROMO APPLIED,,27554.80415,Negative
2024-11-13,DEBIT,33.37,AED,21.6869,-276274.19,ElectroWorld,Dining,Cafe,Australia,Gurugram,TRUE,MONTHLY SUBSCRIPTION,,137501.45207,Negative
2024-03-16,CREDIT,80.68,GBP,95.3716,-974754.75,Swiggy,Clothing,Women,Canada,Mumbai,TRUE,,2017.0,1461970.3307200002,Negative
2025-09-06,CREDIT,34.02,USD,77.5553,-1214039.65,Amazon,Travel,Flight,Canada,Gurugram,TRUE,,2016.0,501301.94814000005,Negative
2024-03-03,DEBIT,43.2,GBP,101.5992,-1641954.78,Walmart,Clothing,Men,India,Gurugram,TRUE,REPEAT PURCHASE,2017.0,833926.2335999999,Negative
2024-05-28,REFUND,75.07,INR,1.0,-1825592.71,Flipkart,Electronics,Accessory,USA,Gurugram,TRUE,REPEAT PURCHASE,,14263.3,Negative
2024-03-12,DEBIT,48.87,USD,72.9935,-2428209.02,Paytm Mall,Dining,Cafe,Australia,Noida,TRUE,CHARGEBACK REQUESTED,2015.0,677766.5455499999,Negative
2024-07-05,CREDIT,33.37,GBP,97.7825,-2913226.38,Zomato,Clothing,Men,India,Jaipur,TRUE,REPEAT PURCHASE,,619970.38475,Negative
2025-05-20,DEBIT,6.41,USD,79.6968,-1641555.06,Myntra,Travel,Taxi,India,Mumbai,TRUE,MONTHLY SUBSCRIPTION,,97062.73272,Negative
2023-12-26,DEBIT,137.67,GBP,99.8375,-1076714.91,Myntra,Utilities,Internet,UK,Chennai,TRUE,PROMO APPLIED,,2611479.4387499997,Negative
2024-01-02,,149.38,INRR,1.0,-2452431.7,Myntra,Entertainment,,,,TRUE,CASHBACK CREDITED,,28382.2,Negative
2023-10-28,DEBIT,15.45,AED,21.7564,-1624764.39,Myntra,Clothing,Women,UAE,Chennai,TRUE,MONTHLY SUBSCRIPTION,,63865.91219999999,Negative
2025-08-19,CREDIT,33.37,GBP,95.1653,-1105548.97,Swiggy,Health,Pharmacy,Canada,Mumbai,TRUE,CHARGEBACK REQUESTED,2018.0,603376.5515899999,Negative
2025-03-01,REFUND,37.04,INR,1.0,-1641954.78,AutoZone,Travel,Taxi,USA,Kolkata,TRUE,CHARGEBACK REQUESTED,,7037.599999999999,Negative
2024-03-26,DEBIT,41.96,INR ,1.0,-1641954.78,Swiggy,Groceries,Supermarket,Canada,Bengaluru,TRUE,,,7972.400000000001,Negative
2024-10-15,DEBIT,25.11,GBP,91.6238,-2903827.89,ElectroWorld,Electronics,Laptop,Australia,Pune,TRUE,"CASHBACK CREDITED -- VERIFY
CONTACT SUPPORT",,437127.98741999996,Negative
2025-01-17,DEBIT,33.37,USD,81.2996,-1641954.78,Swiggy,Electronics,Mobile,USA,Chennai,TRUE,CHARGEBACK REQUESTED,2024.0,515463.85387999995,Negative
2025-01-25,DEBIT,1.4,USD,74.2182,-1557780.88,Paytm Mall,Entertainment,Streaming,Canada,Chennai,TRUE,PROMO APPLIED,,19742.041199999996,Negative
2023-12-03,CREDIT,137.39,USD,77.099,-975066.42,BigBasket,Entertainment,Streaming,UK,Mumbai,TRUE,,2017.0,2012600.0059,Negative
2025-08-18,REFUND,1.61,GBP,92.2116,-2922656.64,BigBasket,Electronics,Laptop,Australia,Mumbai,TRUE,,,28207.528440000002,Negative
2024-05-14,DEBIT,12.2,USD,76.5977,-1435791.56,Walmart,Education,Books,Canada,Hyderabad,TRUE,,,177553.4686,Negative
2023-10-25,DEBIT,73.37,AED,18.4244,-1641954.78,Walmart,Automotive,Repair,UAE,Chennai,TRUE,CASHBACK CREDITED,,256841.66331999996,Negative
2024-02-07,DEBIT,903.49,AED,18.6935,-2538789.73,Amazon,Entertainment,Concert,India,Noida,TRUE,,,3208984.15985,Negative
2024-04-04,CREDIT,33.37,USD,74.7113,-2419001.61,Flipkart,Electronics,Mobile,UAE,Kolkata,TRUE,SUSPECTED FRAUD,,473692.05538999994,Negative
2023-11-25,REFUND,72.98,GBP,92.5407,-489923.35,Reliance,Education,Books,Canada,Delhi,TRUE,MONTHLY SUBSCRIPTION,2018.0,1283187.85434,Negative
2024-12-09,DEBIT,13.43,INR,1.0,-1130909.22,AutoZone,Automotive,Fuel,UAE,Chennai,TRUE,CHARGEBACK REQUESTED,,2551.7,Negative
2025-03-16,DEBIT,134.24,USD,75.9973,-2580210.49,Myntra,Utilities,Water,Australia,Pune,TRUE,CHARGEBACK REQUESTED,2021.0,1938356.73488,Negative
2025-04-17,CREDIT,33.37,INR,1.0,-2681837.53,LocalMart,Groceries,Specialty,Canada,Kolkata,TRUE,,,6340.299999999999,Negative
2024-07-13,REFUND,51.63,GBP,100.4987,-1935711.45,Amazon,Health,Clinic,Australia,Chennai,TRUE,SUSPECTED FRAUD,2018.0,985862.09739,Negative
2023-12-20,CREDIT,121.25,INR,1.0,-2922561.92,Starbucks,Automotive,Repair,USA,Hyderabad,TRUE,,,23037.5,Negative
2024-11-15,REFUND,19.04,INR,1.0,-2462855.92,Paytm Mall,Dining,Cafe,Australia,Jaipur,TRUE,PROMO APPLIED,,3617.6,Negative
2025-01-29,DEBIT,33.37,USD,81.1739,-2872736.28,Zomato,Dining,Restaurant,Australia,Hyderabad,TRUE,MANUAL ADJUSTMENT,,514666.8781699999,Negative
2023-11-16,DEBIT,7.12,AED,21.953,-440835.36,ShopEasy,Health,Clinic,UAE,Delhi,TRUE,CHARGEBACK REQUESTED,,29698.0184,Negative
2025-07-08,REFUND,33.37,USD,77.2352,-2466421.59,Reliance,Groceries,Specialty,Australia,Gurugram,TRUE,MONTHLY SUBSCRIPTION,,489694.33856,Negative
2024-05-19,CREDIT,112.3,USD,73.8596,-1412339.72,BigBasket,Entertainment,Movies,UK,Jaipur,TRUE,REPEAT PURCHASE,2017.0,1575942.2852,Negative
2024-09-16,DEBIT,33.37,AED,19.3979,-2874017.92,ElectroWorld,Education,Course,UK,Pune,TRUE,CASHBACK CREDITED,,122988.50537,Negative
2025-04-20,CREDIT,33.37,USD,77.4874,-1676292.39,Walmart,Travel,Flight,USA,Chennai,TRUE,MONTHLY SUBSCRIPTION,2022.0,491293.36221999995,Negative
2025-01-22,CREDIT,9.95,USD,81.3793,-1200419.87,ShopEasy,Automotive,Repair,Australia,Jaipur,TRUE,SUSPECTED FRAUD,,153847.56665,Negative
2025-05-28,CREDIT,33.37,INR,1.0,-1641954.78,Swiggy,Groceries,Specialty,USA,Bengaluru,TRUE,CASHBACK CREDITED,2023.0,6340.299999999999,Negative
2024-03-17,DEBIT,33.37,INR,1.0,-1641954.78,Myntra,Electronics,Accessory,Australia,Pune,TRUE,SUSPECTED FRAUD,,6340.299999999999,Negative
2025-08-23,REFUND,33.37,GBP,94.495,-2495096.53,Swiggy,Clothing,Women,UK,Bengaluru,TRUE,MONTHLY SUBSCRIPTION,,599126.6485,Negative
2024-06-29,CREDIT,33.37,USD,75.1769,-480982.69,ShopEasy,Dining,FastFood,India,Kolkata,TRUE,PROMO APPLIED,,476644.09906999994,Negative
2024-05-15,CREDIT,8.01,USD,77.5264,-2520095.45,Amazon,Utilities,Internet,UAE,Mumbai,TRUE,SUSPECTED FRAUD,,117987.42816,Negative
2025-02-23,REFUND,58.45,INR,1.0,-1641954.78,ElectroWorld,Education,Course,UAE,Kolkata,TRUE,REPEAT PURCHASE,,11105.5,Negative
2023-10-12,DEBIT,33.37,INR ,1.0,-1641954.78,Starbucks,Utilities,Water,India,Bengaluru,TRUE,CHARGEBACK REQUESTED,,6340.299999999999,Negative
2024-11-04,REFUND,23.53,GBP,102.9414,-1617365.94,ShopEasy,Groceries,Specialty,Australia,Jaipur,TRUE,"PROMO APPLIED -- VERIFY
CONTACT SUPPORT",2020.0,460220.11698000005,Negative
2025-01-26,CREDIT,33.37,USD,77.9814,-2582773.67,Zomato,Electronics,Accessory,USA,Chennai,TRUE,REPEAT PURCHASE,,494425.4704199999,Negative
2025-06-29,DEBIT,9.09,USD,74.3885,-1984162.42,Myntra,Dining,Restaurant,USA,Noida,TRUE,,2018.0,128476.37834999998,Negative
2024-08-01,CREDIT,33.37,USD,81.7303,-1713064.14,BigBasket,Utilities,Internet,USA,Bengaluru,TRUE,REPEAT PURCHASE,,518194.62109,Negative
2025-06-02,DEBIT,33.37,USD,72.0553,-1809441.18,Paytm Mall,Groceries,Supermarket,UAE,Bengaluru,TRUE,CHARGEBACK REQUESTED,,456852.21859,Negative
2023-11-20,DEBIT,16.18,INR,1.0,-2121305.95,Paytm Mall,Electronics,Accessory,USA,Jaipur,TRUE,,2024.0,3074.2,Negative
2024-05-10,DEBIT,33.37,USD,73.4896,-1641954.78,ShopEasy,Automotive,Repair,USA,Gurugram,TRUE,MANUAL ADJUSTMENT,2020.0,465946.11087999993,Negative
2025-03-05,DEBIT,33.37,USD,72.3416,-1641954.78,Swiggy,Groceries,Specialty,UAE,Noida,TRUE,PROMO APPLIED,,458667.4464799999,Negative
2025-07-08,CREDIT,54.8,USD,81.0824,-2238327.82,Zomato,Groceries,Specialty,India,Kolkata,TRUE,SUSPECTED FRAUD,,844229.9488,Negative
2025-05-01,DEBIT,18.36,AED,19.9925,-1198247.22,Amazon,Travel,Flight,UAE,Mumbai,TRUE,REPEAT PURCHASE,2022.0,69741.837,Negative
2025-07-03,DEBIT,535.5,GBP,93.4029,-596088.93,Starbucks,Education,Course,Canada,Jaipur,TRUE,CASHBACK CREDITED,2023.0,9503278.0605,Negative
2024-01-26,DEBIT,9.11,INR,1.0,-1807442.61,Walmart,Health,Pharmacy,Australia,Pune,TRUE,CASHBACK CREDITED,,1730.8999999999999,Negative
2023-09-21,DEBIT,30.34,USD,78.9723,-1641954.78,Swiggy,Groceries,Specialty,Australia,Noida,TRUE,REPEAT PURCHASE,2023.0,455243.72057999996,Negative
2024-03-04,REFUND,10.22,USD,74.3085,-1823792.72,BigBasket,Health,Clinic,USA,Chennai,TRUE,CHARGEBACK REQUESTED,,144292.2453,Negative
2024-10-13,DEBIT,4.39,GBP,108.7565,-2581213.69,Zomato,Travel,Flight,USA,Mumbai,TRUE,MONTHLY SUBSCRIPTION,,90713.79665,Negative
2024-09-19,DEBIT,33.37,AED,18.2417,-1871280.78,Walmart,Groceries,Specialty,USA,Chennai,TRUE,,2016.0,115657.85051,Negative
2024-05-19,REFUND,33.37,USD ,76.5082,-2462208.21,Zomato,Automotive,Fuel,USA,Kolkata,TRUE,,,485084.94046,Negative
2025-05-27,DEBIT,58.86,GBP,101.4991,-2580289.66,Starbucks,Entertainment,Concert,Australia,Gurugram,TRUE,MANUAL ADJUSTMENT,,1135105.03494,Negative
2023-09-29,DEBIT,35.91,USD,80.8345,-258228.4,ElectroWorld,Travel,Hotel,India,Jaipur,TRUE,REPEAT PURCHASE,2020.0,551525.71005,Negative
2024-05-08,DEBIT,33.37,INR,1.0,-1200375.27,Swiggy,Electronics,Mobile,India,Bengaluru,TRUE,MONTHLY SUBSCRIPTION,,6340.299999999999,Negative
2024-08-18,DEBIT,1.89,INR,1.0,-1641954.78,Reliance,Entertainment,Concert,UAE,Mumbai,TRUE,MANUAL ADJUSTMENT,2021.0,359.09999999999997,Negative
2023-11-19,DEBIT,21.58,INR,1.0,-1871157.36,Walmart,Automotive,Fuel,Australia,Pune,TRUE,CASHBACK CREDITED,2022.0,4100.2,Negative
2024-05-19,DEBIT,26.91,USD,78.487,-556658.48,Zomato,Clothing,Men,India,Delhi,TRUE,PROMO APPLIED,2015.0,401296.1823,Negative
2025-01-28,DEBIT,33.37,AED,21.2929,-1850267.88,Myntra,Groceries,Supermarket,UK,Chennai,TRUE,MANUAL ADJUSTMENT,,135003.37386999998,Negative
2025-06-16,REFUND,4.3,AED,20.6884,-2773851.98,Starbucks,Automotive,Repair,India,Bengaluru,TRUE,SUSPECTED FRAUD,2020.0,16902.4228,Negative
2024-07-23,DEBIT,84.33,GBP,101.4112,-1272831.45,AutoZone,Clothing,Men,Canada,Noida,TRUE,MONTHLY SUBSCRIPTION,2019.0,1624881.23424,Negative
2025-06-12,DEBIT,30.44,USD,80.7458,-447039.49,Myntra,Dining,Cafe,Australia,Gurugram,TRUE,PROMO APPLIED,,467001.40888,Negative
2024-01-17,CREDIT,25.39,GBP,99.0309,-976102.18,Flipkart,Groceries,Specialty,USA,Gurugram,TRUE,CASHBACK CREDITED,,477734.96469000005,Negative
2024-06-10,CREDIT,66.89,INR,1.0,-2120345.28,Swiggy,Dining,Restaurant,Australia,Pune,TRUE,,,12709.1,Negative
2024-05-11,CREDIT,12.55,INR,1.0,-1271446.28,Reliance,Automotive,Fuel,UAE,Jaipur,TRUE,MANUAL ADJUSTMENT,,2384.5,Negative
2023-11-01,DEBIT,1.29,USD,73.0852,-2208810.78,Paytm Mall,Dining,Restaurant,USA,Hyderabad,TRUE,CHARGEBACK REQUESTED,2019.0,17913.182520000002,Negative
2024-08-03,CREDIT,27.69,INRR,1.0,-1809022.81,Paytm Mall,Groceries,Specialty,Australia,Bengaluru,TRUE,MONTHLY SUBSCRIPTION,,5261.1,Negative
2024-07-18,CREDIT,12.98,INR,1.0,-1712978.46,Myntra,Health,Pharmacy,India,Mumbai,TRUE,CASHBACK CREDITED,,2466.2000000000003,Negative
2025-08-06,DEBIT,49.45,AED,18.633,-1641954.78,Paytm Mall,Education,Books,USA,Mumbai,TRUE,MANUAL ADJUSTMENT,2019.0,175066.3515,Negative
2023-10-24,REFUND,33.37,USD,80.7919,-2873506.66,Amazon,Clothing,Men,Canada,Noida,TRUE,SUSPECTED FRAUD,,512244.88356999995,Negative
2025-05-31,DEBIT,33.37,INR,1.0,-542692.39,Reliance,Utilities,Water,Australia,Kolkata,TRUE,CHARGEBACK REQUESTED,,6340.299999999999,Negative
2025-09-11,DEBIT,4.07,USD,78.9768,-1880289.41,Walmart,Utilities,Electricity,Canada,Jaipur,TRUE,MANUAL ADJUSTMENT,,61072.75944,Negative
2025-07-20,DEBIT,15.15,INR,1.0,-2826275.83,Swiggy,Automotive,Repair,UAE,Chennai,TRUE,,2018.0,2878.5,Negative
2025-02-18,REFUND,32.34,INR,1.0,-2825627.0,Starbucks,Health,Clinic,India,Mumbai,TRUE,CHARGEBACK REQUESTED,2024.0,6144.6,Negative
2025-04-29,DEBIT,46.3,INR,1.0,-2231526.19,Amazon,Travel,Flight,UK,Jaipur,TRUE,SUSPECTED FRAUD,2025.0,8797.0,Negative
2024-11-22,DEBIT,88.46,USD,75.5994,-1412281.23,Paytm Mall,Automotive,Repair,Australia,Bengaluru,TRUE,MANUAL ADJUSTMENT,,1270629.35556,Negative
2025-05-15,DEBIT,21.17,USD,81.9559,-1641954.78,ShopEasy,Electronics,Laptop,India,Kolkata,TRUE,,2025.0,329651.21657,Negative
2025-07-24,DEBIT,224.38,USD,81.4342,-1889637.56,Zomato,Clothing,Men,India,Noida,TRUE,CASHBACK CREDITED,,3471719.10124,Negative
2023-12-05,DEBIT,23.65,AED,19.0146,-564892.31,Myntra,Dining,Restaurant,India,Pune,TRUE,,,85442.1051,Negative
2024-06-17,DEBIT,53.79,USD,81.0251,-1641954.78,ElectroWorld,Dining,FastFood,UAE,Noida,TRUE,PROMO APPLIED,,828084.6245099999,Negative
2024-01-29,DEBIT,16.87,AED,21.0217,-1162525.57,LocalMart,Utilities,Internet,Australia,Mumbai,TRUE,CHARGEBACK REQUESTED,,67380.85501,Negative
2024-10-19,DEBIT,13.64,INR,1.0,-1641954.78,Swiggy,Electronics,Accessory,USA,Pune,TRUE,PROMO APPLIED,,2591.6,Negative
2024-12-12,CREDIT,148.35,INR,1.0,-1641954.78,Zomato,Groceries,Supermarket,Canada,Delhi,TRUE,,,28186.5,Negative
2024-04-19,CREDIT,9.1,USD,82.3082,-2418995.5,Starbucks,Travel,Hotel,USA,Mumbai,TRUE,MANUAL ADJUSTMENT,,142310.8778,Negative
2024-09-16,DEBIT,63.42,USD,82.0604,-974098.63,Swiggy,Entertainment,Movies,USA,Kolkata,TRUE,REPEAT PURCHASE,,988811.40792,Negative
2025-05-02,DEBIT,11.98,AED,18.4416,-1641954.78,Starbucks,Electronics,Mobile,Canada,Pune,TRUE,,,41976.769920000006,Negative
2025-07-22,DEBIT,175.36,USD,74.0281,-2467052.46,Flipkart,Utilities,Electricity,UAE,Kolkata,TRUE,SUSPECTED FRAUD,,2466497.84704,Negative
2025-06-01,CREDIT,71.9,USD,76.5404,-2420303.53,Reliance,Utilities,Water,USA,Jaipur,TRUE,MONTHLY SUBSCRIPTION,,1045618.4044000001,Negative
2025-02-07,CREDIT,33.37,INR,1.0,-2231824.26,Reliance,Education,Course,Australia,Kolkata,TRUE,PROMO APPLIED,2021.0,6340.299999999999,Negative
2024-12-15,CREDIT,13.38,USD,79.2044,-445333.14,LocalMart,Clothing,Men,UK,Kolkata,TRUE,,2023.0,201353.42568000004,Negative
2025-02-09,DEBIT,37.67,INR,1.0,-2462531.85,Reliance,Travel,Flight,UAE,Chennai,TRUE,SUSPECTED FRAUD,,7157.3,Negative
2025-02-18,CREDIT,33.37,GBP,90.2305,-564914.25,BigBasket,Health,Clinic,Australia,Bengaluru,TRUE,PROMO APPLIED,2025.0,572088.43915,Negative
2023-12-27,DEBIT,63.85,USD,72.3355,-1214071.58,Amazon,Travel,Flight,Canada,Pune,TRUE,CHARGEBACK REQUESTED,2026.0,877538.1182499999,Negative
2024-05-08,REFUND,13.82,INR,1.0,-2119220.43,BigBasket,Groceries,Supermarket,India,Delhi,TRUE,PROMO APPLIED,,2625.8,Negative
2025-02-24,REFUND,13.07,INR,1.0,-2208475.69,ElectroWorld,Automotive,Repair,UK,Hyderabad,TRUE,CASHBACK CREDITED,,2483.3,Negative
2023-10-26,CREDIT,208.8,INR,1.0,-2592328.13,Flipkart,Groceries,Supermarket,Australia,Gurugram,TRUE,MONTHLY SUBSCRIPTION,2023.0,39672.0,Negative
2025-02-28,DEBIT,186.45,AED,20.446,-537958.48,ShopEasy,Utilities,Electricity,UK,Pune,TRUE,CHARGEBACK REQUESTED,,724309.773,Negative
2023-11-26,CREDIT,33.37,USD,75.5728,-1886863.49,BigBasket,Utilities,Water,UAE,Pune,TRUE,MANUAL ADJUSTMENT,2017.0,479154.22383999993,Negative
2025-07-09,DEBIT,84.62,INR,1.0,-155764.09,ElectroWorld,Groceries,Specialty,UK,Bengaluru,TRUE,,2023.0,16077.800000000001,Negative
2024-07-19,REFUND,9.74,INR,1.0,-1412631.13,ElectroWorld,Dining,FastFood,Canada,Hyderabad,TRUE,,,1850.6000000000001,Negative
2024-09-26,CREDIT,119.74,INR,1.0,-2626136.51,Flipkart,Electronics,Accessory,India,Gurugram,TRUE,CASHBACK CREDITED,2025.0,22750.6,Negative
2025-07-13,REFUND,13.49,INR,1.0,-190127.93,Zomato,Clothing,Men,USA,Hyderabad,TRUE,SUSPECTED FRAUD,,2563.1,Negative
2024-11-13,DEBIT,10.43,USD,80.9899,-1652268.73,Walmart,Groceries,Supermarket,India,Delhi,TRUE,PROMO APPLIED,,160497.68483,Negative
2023-11-29,CREDIT,14.7,INR,1.0,-143879.05,ShopEasy,Entertainment,Concert,Canada,Hyderabad,TRUE,CASHBACK CREDITED,,2793.0,Negative
2024-02-16,CREDIT,23.33,USD,75.9157,-1641954.78,Starbucks,Health,Clinic,Australia,Gurugram,TRUE,CASHBACK CREDITED,2021.0,336511.52339,Negative
2024-04-16,REFUND,33.37,AED,20.0045,-1283922.52,BigBasket,Groceries,Supermarket,India,Delhi,TRUE,,2017.0,126834.53135,Negative
2024-09-04,REFUND,72.92,AED,21.4847,-2463514.14,ShopEasy,Entertainment,Concert,Canada,Jaipur,TRUE,"MANUAL ADJUSTMENT -- VERIFY
CONTACT SUPPORT",2018.0,297666.22156000003,Negative
2025-04-17,CREDIT,11.01,USD,80.9442,-1641954.78,Flipkart,Travel,Flight,UK,Kolkata,TRUE,CHARGEBACK REQUESTED,,169327.17197999998,Negative
2024-10-19,DEBIT,8.21,GBP,101.0982,-1676017.6,Paytm Mall,Automotive,Fuel,USA,Pune,TRUE,MONTHLY SUBSCRIPTION,2015.0,157703.08218000003,Negative
2024-07-20,DEBIT,0.74,USD,73.6948,-2514173.73,Paytm Mall,Travel,Flight,UAE,Jaipur,TRUE,CASHBACK CREDITED,,10361.488879999999,Negative
2025-04-04,DEBIT,17.79,USD,81.3969,-1641954.78,LocalMart,Health,Clinic,USA,Delhi,TRUE,CHARGEBACK REQUESTED,2019.0,275129.66169,Negative
2023-10-07,DEBIT,4.06,AED,18.5602,-1150769.32,Starbucks,Clothing,Men,UAE,Bengaluru,TRUE,SUSPECTED FRAUD,2017.0,14317.338279999996,Negative
2024-03-21,REFUND,23.24,AED,19.8439,-1641954.78,AutoZone,Utilities,Internet,Australia,Pune,TRUE,REPEAT PURCHASE,,87622.72484,Negative
2025-07-09,CREDIT,36.39,USD,77.6852,-1823757.63,ShopEasy,Clothing,Women,UK,Jaipur,TRUE,SUSPECTED FRAUD,2020.0,537123.2413199999,Negative
2025-03-24,DEBIT,27.47,USD,74.3047,-277581.21,Walmart,Education,Books,USA,Noida,TRUE,CASHBACK CREDITED,2025.0,387818.52071,Negative
2025-05-29,DEBIT,49.96,INR,1.0,-537826.59,ElectroWorld,Utilities,Water,India,Chennai,TRUE,CHARGEBACK REQUESTED,2024.0,9492.4,Negative
2025-01-28,CREDIT,141.18,USD,76.5403,-987154.48,Reliance,Automotive,Repair,India,Hyderabad,TRUE,"CASHBACK CREDITED -- VERIFY
CONTACT SUPPORT",,2053132.31526,Negative
2025-02-16,CREDIT,40.21,INR,1.0,-2775215.58,AutoZone,Groceries,Supermarket,UK,Gurugram,TRUE,CASHBACK CREDITED,,7639.900000000001,Negative
2024-01-12,CREDIT,12.6,AED,21.0681,-1641954.78,Swiggy,Health,Pharmacy,Australia,Kolkata,TRUE,,,50437.0314,Negative
2024-08-22,DEBIT,6.67,USD,74.3043,-2727204.01,ElectroWorld,Clothing,Women,India,Kolkata,TRUE,SUSPECTED FRAUD,,94165.83939,Negative
2025-02-22,CREDIT,12.39,GBP,100.3528,-1198964.85,Swiggy,Entertainment,Movies,UAE,Bengaluru,TRUE,SUSPECTED FRAUD,,236240.52648,Negative
2024-07-09,DEBIT,34.72,INR,1.0,-1641954.78,Myntra,Dining,Cafe,India,Gurugram,TRUE,PROMO APPLIED,2025.0,6596.8,Negative
2024-04-28,CREDIT,33.37,USD,79.6804,-1624271.73,Walmart,Groceries,Supermarket,UAE,Mumbai,TRUE,CHARGEBACK REQUESTED,,505197.64012,Negative
2025-07-06,DEBIT,1.67,INR,1.0,-1652145.01,Swiggy,Education,Books,UK,Hyderabad,TRUE,CASHBACK CREDITED,,317.3,Negative
2025-02-28,CREDIT,113.81,AED,20.1321,-1641954.78,Myntra,Education,Course,USA,Bengaluru,TRUE,MANUAL ADJUSTMENT,2022.0,435334.51719,Negative
2025-07-24,REFUND,16.53,AED,18.0289,-2229926.66,Zomato,Travel,Flight,UK,Hyderabad,TRUE,PROMO APPLIED,,56623.36623,Negative
2025-01-11,DEBIT,11.19,INR,1.0,-1641954.78,Reliance,Education,Books,Canada,Noida,TRUE,CHARGEBACK REQUESTED,,2126.1,Negative
2024-04-13,CREDIT,16.78,INR,1.0,-2465366.73,Reliance,Dining,Cafe,India,Mumbai,TRUE,CASHBACK CREDITED,,3188.2000000000003,Negative
2024-04-11,DEBIT,33.37,GBP,92.7274,-189056.08,Paytm Mall,Travel,Taxi,Canada,Pune,TRUE,SUSPECTED FRAUD,2024.0,587919.53422,Negative
2025-08-06,DEBIT,51.41,USD,72.8755,-258820.49,LocalMart,Automotive,Repair,USA,Kolkata,TRUE,MONTHLY SUBSCRIPTION,2017.0,711840.59645,Negative
2025-01-28,CREDIT,33.37,USD,81.7468,-1984903.93,Paytm Mall,Clothing,Men,India,Pune,TRUE,PROMO APPLIED,,518299.2360399999,Negative
2025-01-23,CREDIT,17.41,USD,78.3476,-1126586.6,ElectroWorld,Entertainment,Movies,UK,Bengaluru,TRUE,REPEAT PURCHASE,,259166.02604,Negative
2024-01-21,CREDIT,49.72,INR,1.0,-1641954.78,Starbucks,Automotive,Fuel,UAE,Delhi,TRUE,MONTHLY SUBSCRIPTION,2017.0,9446.8,Negative
2025-08-15,DEBIT,8.62,GBP,103.9731,-2653546.99,Paytm Mall,Entertainment,Concert,India,Delhi,TRUE,MANUAL ADJUSTMENT,,170287.14317999998,Negative
2024-07-17,DEBIT,15.69,USD,74.8265,-174829.0,LocalMart,Travel,Taxi,USA,Delhi,TRUE,,,223065.27915,Negative
2025-02-08,DEBIT,64.19,GBP,105.4972,-1412394.75,Zomato,Automotive,Fuel,UK,Bengaluru,TRUE,CASHBACK CREDITED,,1286654.4009200002,Negative
2025-08-27,DEBIT,18.55,INR,1.0,-2481811.24,Starbucks,Travel,Taxi,India,Gurugram,TRUE,CHARGEBACK REQUESTED,,3524.5,Negative
2023-12-24,CREDIT,33.37,GBP,109.102,-2466801.83,Swiggy,Dining,FastFood,Canada,Delhi,TRUE,PROMO APPLIED,2024.0,691739.4106,Negative
2024-08-15,DEBIT,56.91,USD,76.3902,-1641954.78,ShopEasy,Health,Clinic,UAE,Gurugram,TRUE,,2023.0,825999.5935799999,Negative
2024-06-17,DEBIT,187.26,GBP,91.712,-537723.33,BigBasket,Clothing,Women,UAE,Noida,TRUE,,,3263057.9327999996,Negative
2025-05-02,DEBIT,33.37,USD,72.7661,-538217.62,Amazon,Automotive,Repair,UAE,Hyderabad,TRUE,PROMO APPLIED,2025.0,461358.9038299999,Negative
2025-06-20,DEBIT,114.7,INR,1.0,-1641954.78,Myntra,Dining,Restaurant,USA,Bengaluru,TRUE,,,21793.0,Negative
2024-06-21,DEBIT,25.76,AED,20.1533,-1483120.66,ShopEasy,Dining,Cafe,Australia,Noida,TRUE,CASHBACK CREDITED,2019.0,98638.31152000002,Negative
2025-08-07,CREDIT,15.04,INR,1.0,-1560871.59,Zomato,Health,Clinic,Canada,Pune,TRUE,MANUAL ADJUSTMENT,,2857.6,Negative
2023-10-19,CREDIT,34.51,INR,1.0,-2908519.23,Reliance,Electronics,Laptop,Canada,Kolkata,TRUE,MONTHLY SUBSCRIPTION,2016.0,6556.9,Negative
2025-05-13,DEBIT,117.85,INR,1.0,-2463592.28,Flipkart,Groceries,Specialty,UK,Hyderabad,TRUE,REPEAT PURCHASE,,22391.5,Negative
2025-05-28,DEBIT,7.33,AED,19.0595,-1499846.96,Myntra,Travel,Hotel,UAE,Kolkata,TRUE,REPEAT PURCHASE,,26544.16565,Negative
2023-10-11,CREDIT,130.08,USD,72.7813,-1214851.7,Swiggy,Dining,Cafe,UAE,Pune,TRUE,SUSPECTED FRAUD,,1798804.3857600002,Negative
2024-06-03,DEBIT,14.63,INR,1.0,-538154.95,Flipkart,Clothing,Men,Australia,Noida,TRUE,,,2779.7000000000003,Negative
2023-12-08,CREDIT,10.99,INR,1.0,-1168312.2,AutoZone,Groceries,Supermarket,USA,Jaipur,TRUE,,2025.0,2088.1,Negative
2024-11-21,DEBIT,15.26,USD,77.8149,-2419279.57,Starbucks,Education,Books,UK,Kolkata,TRUE,CHARGEBACK REQUESTED,,225616.52105999997,Negative
2024-03-21,REFUND,33.37,GBP,109.5771,-1616731.82,Zomato,Entertainment,Streaming,Canada,Kolkata,TRUE,SUSPECTED FRAUD,2015.0,694751.68713,Negative
2024-06-09,CREDIT,85.49,USD,76.0463,-1499957.32,ElectroWorld,Electronics,Laptop,Canada,Jaipur,TRUE,SUSPECTED FRAUD,2017.0,1235227.65553,Negative
2025-05-27,CREDIT,4.09,GBP,92.2108,-2873634.54,LocalMart,Education,Books,UAE,Chennai,TRUE,MONTHLY SUBSCRIPTION,2019.0,71657.01268,Negative
2024-11-03,DEBIT,26.79,AED,18.1736,-1617342.41,Flipkart,Travel,Hotel,India,Mumbai,TRUE,SUSPECTED FRAUD,,92505.44136,Negative
2023-09-24,CREDIT,36.56,GBP,103.7964,-1130681.62,Paytm Mall,Education,Course,UK,Jaipur,TRUE,REPEAT PURCHASE,,721011.31296,Negative
2024-04-19,CREDIT,7.71,USD,77.5658,-2901621.16,Swiggy,Health,Clinic,India,Noida,TRUE,MANUAL ADJUSTMENT,,113626.14041999998,Negative
2024-09-09,CREDIT,38.8,USD,74.7885,-1850572.1,LocalMart,Electronics,Mobile,UAE,Jaipur,TRUE,CHARGEBACK REQUESTED,,551340.8219999999,Negative
2024-05-01,CREDIT,4.15,USD,81.0314,-1676473.99,LocalMart,Automotive,Repair,UAE,Chennai,TRUE,SUSPECTED FRAUD,2019.0,63893.25890000001,Negative
2025-03-23,REFUND,90.82,USD,82.3232,-1834275.02,Walmart,Education,Books,UK,Noida,TRUE,MONTHLY SUBSCRIPTION,,1420552.67456,Negative
2024-04-15,REFUND,54.58,INR,1.0,-1808205.81,ElectroWorld,Education,Course,USA,Delhi,TRUE,MANUAL ADJUSTMENT,,10370.199999999999,Negative
2024-08-05,DEBIT,33.37,INR,1.0,-1162306.78,ElectroWorld,Clothing,Women,Canada,Noida,TRUE,,2016.0,6340.299999999999,Negative
2024-10-12,DEBIT,42.49,INR,1.0,-1834296.26,Paytm Mall,Travel,Taxi,USA,Bengaluru,TRUE,MONTHLY SUBSCRIPTION,,8073.1,Negative
2025-02-12,CREDIT,65.48,INR,1.0,-2122452.94,Walmart,Automotive,Repair,UK,Delhi,TRUE,SUSPECTED FRAUD,,12441.2,Negative
2024-02-05,CREDIT,200.66,USD,77.6438,-975264.37,ShopEasy,Entertainment,Streaming,Canada,Noida,TRUE,CASHBACK CREDITED,,2960200.93252,Negative
2024-07-10,DEBIT,33.37,GBP,91.7555,-1077980.92,Reliance,Dining,Cafe,India,Mumbai,TRUE,CHARGEBACK REQUESTED,,581757.39665,Negative
2024-03-15,DEBIT,33.25,INR,1.0,-1557797.5,Swiggy,Automotive,Repair,UAE,Gurugram,TRUE,REPEAT PURCHASE,2025.0,6317.5,Negative
2025-04-07,DEBIT,16.27,INR,1.0,-1603728.25,ElectroWorld,Entertainment,Streaming,Canada,Noida,TRUE,MONTHLY SUBSCRIPTION,,3091.2999999999997,Negative
2025-03-05,DEBIT,40.92,INR,1.0,-1641954.78,Starbucks,Dining,Restaurant,India,Hyderabad,TRUE,MANUAL ADJUSTMENT,,7774.8,Negative
2025-02-15,CREDIT,432.99,GBP,96.755,-541645.32,AutoZone,Electronics,Accessory,Australia,Jaipur,TRUE,PROMO APPLIED,2023.0,7959850.0155,Negative
2025-01-15,CREDIT,17.21,USD,73.8209,-2913319.7,Amazon,Dining,Cafe,Australia,Hyderabad,TRUE,MONTHLY SUBSCRIPTION,,241386.96091000002,Negative
2024-09-16,CREDIT,23.97,AED,18.1972,-258400.51,LocalMart,Health,Pharmacy,Canada,Chennai,TRUE,SUSPECTED FRAUD,,82875.50795999999,Negative
2024-11-10,CREDIT,33.37,USD,82.7956,-1937181.91,Flipkart,Automotive,Repair,Australia,Mumbai,TRUE,SUSPECTED FRAUD,,524948.94268,Negative
2025-02-17,DEBIT,135.39,USD,74.5636,-1641954.78,Walmart,Automotive,Fuel,UK,Delhi,TRUE,MANUAL ADJUSTMENT,,1918081.5027599996,Negative
2025-06-29,DEBIT,47.68,USD,81.9247,-1483496.55,Reliance,Dining,FastFood,Australia,Pune,TRUE,MANUAL ADJUSTMENT,,742172.2422399999,Negative
2023-09-18,DEBIT,33.37,AED,19.0923,-2826389.89,Myntra,Utilities,Water,USA,Chennai,TRUE,CHARGEBACK REQUESTED,2018.0,121050.90969,Negative
2024-09-30,CREDIT,57.97,INR,1.0,-1641954.78,Walmart,Dining,Cafe,UAE,Delhi,TRUE,"REPEAT PURCHASE -- VERIFY
CONTACT SUPPORT",,11014.3,Negative
2023-11-20,REFUND,55.94,INR,1.0,-973869.88,Starbucks,Entertainment,Movies,India,Jaipur,TRUE,SUSPECTED FRAUD,2022.0,10628.6,Negative
2024-09-07,DEBIT,38.9,INR,1.0,-2825968.59,Swiggy,Clothing,Men,Canada,Jaipur,TRUE,REPEAT PURCHASE,,7391.0,Negative
2023-11-24,DEBIT,25.91,INR,1.0,-1616744.78,BigBasket,Clothing,Women,India,Mumbai,TRUE,SUSPECTED FRAUD,2020.0,4922.9,Negative
2023-09-21,DEBIT,148.87,INR,1.0,-1641954.78,Swiggy,Dining,FastFood,Australia,Pune,TRUE,REPEAT PURCHASE,,28285.3,Negative
2024-05-23,DEBIT,2.38,INR,1.0,-2826277.02,LocalMart,Automotive,Fuel,USA,Kolkata,TRUE,MANUAL ADJUSTMENT,2024.0,452.2,Negative
2024-01-28,DEBIT,44.38,INR,1.0,-1214519.35,Starbucks,Clothing,Men,India,Delhi,TRUE,REPEAT PURCHASE,2016.0,8432.2,Negative
2023-12-07,DEBIT,63.14,USD,79.4658,-1641954.78,Starbucks,Education,Books,Australia,Hyderabad,TRUE,,,953319.41628,Negative
2024-05-04,DEBIT,46.66,INR,1.0,-2462903.9,Amazon,Automotive,Fuel,UK,Jaipur,TRUE,REPEAT PURCHASE,2015.0,8865.4,Negative
2024-07-20,DEBIT,6.18,USD,76.1821,-1603610.07,Paytm Mall,Groceries,Specialty,Canada,Noida,TRUE,,2024.0,89453.02182000001,Negative
2023-12-09,CREDIT,48.39,AED,18.4179,-1641954.78,Swiggy,Health,Clinic,UK,Hyderabad,TRUE,CHARGEBACK REQUESTED,,169336.01439,Negative
2024-01-07,DEBIT,174.36,GBP,99.0437,-558015.61,Zomato,Travel,Flight,Australia,Delhi,TRUE,CASHBACK CREDITED,,3281159.31108,Negative
2024-01-21,DEBIT,33.37,USD,81.3146,-2085782.12,Amazon,Dining,Restaurant,UK,Bengaluru,TRUE,,,515558.9583799999,Negative
2025-02-20,REFUND,2.26,INR,1.0,-1626968.4,BigBasket,Clothing,Women,UAE,Gurugram,TRUE,PROMO APPLIED,2025.0,429.4,Negative
2024-02-20,DEBIT,19.81,INR,1.0,-553969.24,Walmart,Travel,Taxi,USA,Jaipur,TRUE,CASHBACK CREDITED,2017.0,3763.8999999999996,Negative
2024-02-20,DEBIT,75.01,USD,79.0981,-1626722.63,ElectroWorld,Automotive,Fuel,India,Kolkata,TRUE,MONTHLY SUBSCRIPTION,,1127298.21139,Negative
2023-09-22,CREDIT,64.33,INR,1.0,-2462942.07,LocalMart,Electronics,Accessory,UK,Jaipur,TRUE,SUSPECTED FRAUD,2020.0,12222.699999999999,Negative
2023-12-04,DEBIT,11.92,INR,1.0,-1641954.78,ShopEasy,Clothing,Women,Australia,Bengaluru,TRUE,CHARGEBACK REQUESTED,,2264.8,Negative
2024-03-13,REFUND,10.22,INR,1.0,-1641954.78,Walmart,Entertainment,Movies,India,Hyderabad,TRUE,PROMO APPLIED,2019.0,1941.8000000000002,Negative
2025-03-17,CREDIT,35.57,INR,1.0,-1641954.78,Walmart,Electronics,Accessory,UK,Chennai,TRUE,REPEAT PURCHASE,2025.0,6758.3,Negative
2025-07-27,CREDIT,48.86,USD,73.0456,-175521.27,Paytm Mall,Utilities,Internet,UAE,Noida,TRUE,SUSPECTED FRAUD,2021.0,678111.52304,Negative
2023-10-12,DEBIT,4.84,AED,18.1966,-1641954.78,Flipkart,Travel,Flight,UK,Kolkata,TRUE,,2015.0,16733.59336,Negative
2023-12-04,DEBIT,4.35,INR,1.0,-2538332.87,Flipkart,Automotive,Fuel,Canada,Pune,TRUE,,,826.4999999999999,Negative
2024-12-19,DEBIT,153.0,INR,1.0,-1936650.05,ShopEasy,Health,Pharmacy,India,Noida,TRUE,MONTHLY SUBSCRIPTION,,29070.0,Negative
2024-09-14,CREDIT,8.73,INR,1.0,-436535.66,ShopEasy,Entertainment,Streaming,UK,Mumbai,TRUE,CHARGEBACK REQUESTED,,1658.7,Negative
2023-12-07,REFUND,33.37,INR,1.0,-436500.15,Walmart,Travel,Taxi,USA,Kolkata,TRUE,PROMO APPLIED,2022.0,6340.299999999999,Negative
2025-07-25,DEBIT,10.65,AED,18.8866,-1641954.78,LocalMart,Entertainment,Movies,USA,Chennai,TRUE,CHARGEBACK REQUESTED,2022.0,38217.03510000001,Negative
2024-11-16,REFUND,33.37,USD,80.3467,-2428007.03,Reliance,Electronics,Accessory,India,Hyderabad,TRUE,CHARGEBACK REQUESTED,,509422.18201,Negative
2023-11-04,DEBIT,16.99,GBP,100.9122,-2119965.24,LocalMart,Health,Pharmacy,Australia,Mumbai,TRUE,CASHBACK CREDITED,,325754.67282,Negative
2025-03-21,DEBIT,118.53,USD,78.6022,-2583018.84,Swiggy,Dining,Restaurant,UK,Mumbai,TRUE,,2018.0,1770176.56554,Negative
2023-10-28,DEBIT,115.13,USD,77.5115,-1642365.49,Walmart,Health,Pharmacy,Australia,Chennai,TRUE,PROMO APPLIED,,1695540.8090499998,Negative
2024-09-30,DEBIT,46.19,AED,19.7442,-1198324.36,Swiggy,Groceries,Supermarket,Canada,Chennai,TRUE,REPEAT PURCHASE,,173277.07361999998,Negative
2025-06-13,CREDIT,33.37,USD,76.4906,-441474.57,Myntra,Utilities,Internet,UK,Mumbai,TRUE,CASHBACK CREDITED,,484973.35118,Negative
2024-01-09,DEBIT,40.45,INRR,1.0,-1641954.78,Flipkart,Travel,Hotel,UK,Mumbai,TRUE,SUSPECTED FRAUD,,7685.500000000001,Negative
2024-01-21,CREDIT,1.66,INR,1.0,-1886858.3,LocalMart,Travel,Hotel,UAE,Gurugram,TRUE,MANUAL ADJUSTMENT,,315.4,Negative
2025-05-09,DEBIT,33.37,INR,1.0,-182447.75,ElectroWorld,Health,Pharmacy,India,Pune,TRUE,MANUAL ADJUSTMENT,,6340.299999999999,Negative
2023-12-27,REFUND,18.81,AED,18.0741,-1641954.78,ElectroWorld,Groceries,Specialty,UK,Bengaluru,TRUE,MANUAL ADJUSTMENT,,64595.025989999995,Negative
2025-02-13,CREDIT,13.2,USD,81.3119,-1483994.33,ShopEasy,Travel,Hotel,Canada,Hyderabad,TRUE,,,203930.24519999998,Negative
2025-08-22,DEBIT,78.4,USD,80.2685,-1641954.78,Reliance,Groceries,Specialty,UAE,Jaipur,TRUE,CHARGEBACK REQUESTED,,1195679.5760000001,Negative
2024-06-18,CREDIT,9.97,USD,76.439,-1078312.68,Myntra,Travel,Taxi,USA,Bengaluru,TRUE,CASHBACK CREDITED,,144798.3977,Negative
2025-05-31,DEBIT,163.2,USD,80.9857,-537977.11,ShopEasy,Groceries,Supermarket,UK,Jaipur,TRUE,CASHBACK CREDITED,,2511204.5855999994,Negative
2025-06-12,REFUND,243.11,AED,20.4249,-1000646.98,Paytm Mall,Health,Pharmacy,UAE,Pune,TRUE,CASHBACK CREDITED,,943444.5134100001,Negative
2024-07-16,DEBIT,34.99,GBP,95.0371,-1641954.78,Flipkart,Electronics,Laptop,India,Hyderabad,TRUE,CHARGEBACK REQUESTED,2024.0,631816.14451,Negative
2024-10-27,DEBIT,23.76,INR,1.0,-976090.3,Reliance,Utilities,Electricity,UK,Pune,TRUE,PROMO APPLIED,,4514.400000000001,Negative
2023-12-10,DEBIT,5.82,AED,21.321,-1641954.78,Walmart,Groceries,Supermarket,USA,Jaipur,TRUE,CHARGEBACK REQUESTED,2017.0,23576.761800000004,Negative
2023-11-01,DEBIT,42.59,GBP,101.5646,-1198238.04,Walmart,Groceries,Supermarket,UAE,Mumbai,TRUE,CASHBACK CREDITED,2023.0,821870.8996600001,Negative
2024-06-14,DEBIT,6.51,INR,1.0,-2902125.24,AutoZone,Automotive,Repair,Australia,Gurugram,TRUE,SUSPECTED FRAUD,,1236.8999999999999,Negative
2025-02-28,DEBIT,12.3,AED,20.7248,-1935899.81,Zomato,Automotive,Fuel,India,Noida,TRUE,MONTHLY SUBSCRIPTION,,48433.8576,Negative
2024-08-23,DEBIT,33.37,INR,1.0,-2579975.61,Walmart,Utilities,Water,Australia,Bengaluru,TRUE,,2022.0,6340.299999999999,Negative
2025-06-27,DEBIT,64.31,AED,19.9209,-2208294.08,Swiggy,Dining,Cafe,Australia,Mumbai,TRUE,SUSPECTED FRAUD,,243411.48501,Negative
2023-10-02,DEBIT,68.05,INR,1.0,-2681670.77,AutoZone,Utilities,Electricity,UK,Hyderabad,TRUE,PROMO APPLIED,,12929.5,Negative
2024-05-04,CREDIT,33.37,USD,81.956,-2904142.45,Paytm Mall,Electronics,Accessory,Canada,Chennai,TRUE,PROMO APPLIED,2017.0,519625.6268,Negative
2024-11-10,CREDIT,51.55,USD,82.8776,-1625157.65,Amazon,Electronics,Laptop,UK,Bengaluru,TRUE,CASHBACK CREDITED,2018.0,811744.6532,Negative
2024-02-20,CREDIT,16.32,AED,21.1455,-2232274.1,Reliance,Dining,Restaurant,USA,Noida,TRUE,CASHBACK CREDITED,,65567.9664,Negative
2023-12-25,CREDIT,21.23,USD,77.3501,-542887.03,Starbucks,Entertainment,Streaming,Canada,Bengaluru,TRUE,PROMO APPLIED,2021.0,312007.09836999996,Negative
2023-11-17,DEBIT,33.37,INR,1.0,-1823652.01,Starbucks,Entertainment,Streaming,Australia,Kolkata,TRUE,SUSPECTED FRAUD,,6340.299999999999,Negative
2025-02-04,DEBIT,97.56,GBP,109.9032,-1713414.29,Zomato,Travel,Flight,UAE,Bengaluru,TRUE,SUSPECTED FRAUD,,2037209.6764800001,Negative
2025-05-28,DEBIT,136.77,INR,1.0,-2118676.62,Paytm Mall,Electronics,Accessory,Australia,Bengaluru,TRUE,PROMO APPLIED,,25986.300000000003,Negative
2023-12-08,DEBIT,33.37,INRR,1.0,-2874034.63,Starbucks,Health,Clinic,UAE,Hyderabad,TRUE,,,6340.299999999999,Negative
2024-12-07,CREDIT,175.99,USD,73.2857,-565027.19,BigBasket,Electronics,Mobile,Canada,Jaipur,TRUE,MANUAL ADJUSTMENT,2020.0,2450534.5651700003,Negative
2025-02-23,CREDIT,41.73,USD,80.2517,-2623202.94,AutoZone,Utilities,Internet,UK,Noida,TRUE,MONTHLY SUBSCRIPTION,,636291.65379,Negative
2025-04-22,CREDIT,46.95,GBP,107.0597,-2254511.34,Starbucks,Entertainment,Movies,Canada,Pune,TRUE,CASHBACK CREDITED,,955026.0538500001,Negative
2024-05-04,REFUND,52.32,GBP,107.2467,-977262.04,Myntra,Utilities,Internet,Australia,Noida,TRUE,MANUAL ADJUSTMENT,,1066117.99536,Negative
2024-06-18,REFUND,67.26,INR,1.0,-1935910.07,Paytm Mall,Automotive,Fuel,Canada,Noida,TRUE,MANUAL ADJUSTMENT,,12779.400000000001,Negative
2025-05-16,CREDIT,106.74,AED,21.7011,-1712841.14,AutoZone,Clothing,Women,UK,Delhi,TRUE,PROMO APPLIED,2021.0,440111.32866,Negative
2023-10-09,CREDIT,50.49,INRR,1.0,-1935286.17,Myntra,Dining,Restaurant,India,Kolkata,TRUE,MONTHLY SUBSCRIPTION,,9593.1,Negative
2024-07-28,DEBIT,38.4,GBP,104.5663,-2678323.18,ElectroWorld,Utilities,Water,USA,Chennai,TRUE,PROMO APPLIED,2021.0,762915.7248,Negative
2024-06-29,CREDIT,99.68,USD,82.8444,-565077.03,Flipkart,Automotive,Repair,Canada,Gurugram,TRUE,MANUAL ADJUSTMENT,,1569006.6604799998,Negative
2025-01-18,REFUND,102.0,INR,1.0,-2465933.06,Swiggy,Entertainment,Movies,USA,Kolkata,TRUE,SUSPECTED FRAUD,2025.0,19380.0,Negative
2025-04-22,DEBIT,31.81,USD,74.0495,-1617285.54,Amazon,Groceries,Specialty,Australia,Chennai,TRUE,MANUAL ADJUSTMENT,,447547.77304999996,Negative
2024-02-03,CREDIT,48.18,AED,21.9318,-1935763.68,Paytm Mall,Dining,Restaurant,UK,Mumbai,TRUE,PROMO APPLIED,2024.0,200768.08355999997,Negative
2024-03-26,DEBIT,9.38,GBP,99.0077,-1889048.5,Walmart,Education,Books,Canada,Delhi,TRUE,,,176451.52294000002,Negative
2024-03-25,CREDIT,62.88,USD,75.598,-2775298.14,ElectroWorld,Health,Pharmacy,Canada,Noida,TRUE,,,903184.4256000001,Negative
2025-05-01,CREDIT,46.55,INR,1.0,-1714153.82,Amazon,Entertainment,Streaming,India,Kolkata,TRUE,REPEAT PURCHASE,,8844.5,Negative
2025-04-17,DEBIT,23.52,GBP,103.9663,-2514724.52,Myntra,Utilities,Electricity,Australia,Hyderabad,TRUE,SUSPECTED FRAUD,2020.0,464604.60144000006,Negative
2025-08-19,REFUND,33.37,AED,18.9812,-2465762.05,BigBasket,Dining,Cafe,UK,Gurugram,TRUE,CASHBACK CREDITED,,120346.50236,Negative
2024-02-21,DEBIT,7.71,AED,19.8226,-175806.79,Swiggy,Utilities,Electricity,Canada,Chennai,TRUE,,,29038.12674,Negative
2025-02-01,DEBIT,18.52,USD,77.7931,-1641954.78,Reliance,Education,Books,India,Hyderabad,TRUE,PROMO APPLIED,2024.0,273738.36028,Negative
2024-03-09,DEBIT,41.08,GBP,100.1354,-1641954.78,AutoZone,Groceries,Supermarket,India,Noida,TRUE,MANUAL ADJUSTMENT,2026.0,781576.82408,Negative
2025-04-06,DEBIT,21.26,USD,75.4296,-1705810.93,Amazon,Automotive,Repair,UK,Chennai,TRUE,REPEAT PURCHASE,,304690.32623999997,Negative
2025-01-08,DEBIT,27.0,AED ,21.0546,-2538863.45,ShopEasy,Health,Clinic,India,Pune,TRUE,CASHBACK CREDITED,,108010.098,Negative
2024-03-20,DEBIT,34.39,USD,82.4968,-2868027.13,Swiggy,Entertainment,Concert,India,Kolkata,TRUE,CHARGEBACK REQUESTED,,539042.3408799999,Negative
2024-02-04,REFUND,34.65,AED,20.9191,-1641954.78,Walmart,Automotive,Fuel,UAE,Hyderabad,TRUE,CASHBACK CREDITED,,137720.89485,Negative
2024-08-16,DEBIT,60.42,INR,1.0,-1641954.78,Amazon,Education,Books,UAE,Delhi,TRUE,MANUAL ADJUSTMENT,,11479.800000000001,Negative
2024-05-09,CREDIT,4.87,USD,77.0714,-1221698.45,BigBasket,Entertainment,Movies,UAE,Hyderabad,TRUE,CASHBACK CREDITED,,71314.16642,Negative
2024-04-22,DEBIT,33.37,USD,72.924,-2121570.56,Myntra,Education,Books,Canada,Jaipur,TRUE,CASHBACK CREDITED,,462360.0372,Negative
2025-07-19,DEBIT,33.37,INR,1.0,-1143522.58,Paytm Mall,Education,Books,UK,Delhi,TRUE,CHARGEBACK REQUESTED,2017.0,6340.299999999999,Negative
2025-05-01,DEBIT,15.03,USD,74.7422,-1652152.52,ElectroWorld,Clothing,Men,USA,Jaipur,TRUE,PROMO APPLIED,,213441.30054,Negative
2024-05-16,REFUND,78.06,INR,1.0,-1652404.97,Paytm Mall,Health,Clinic,UAE,Bengaluru,TRUE,CASHBACK CREDITED,,14831.4,Negative
2024-02-29,DEBIT,79.79,USD,81.9487,-1641954.78,Flipkart,Clothing,Men,India,Jaipur,TRUE,SUSPECTED FRAUD,,1242350.4868700001,Negative
2024-06-06,CREDIT,172.15,USD,72.4607,-1641954.78,Flipkart,Utilities,Electricity,Canada,Hyderabad,TRUE,MANUAL ADJUSTMENT,,2370080.80595,Negative
2024-08-31,DEBIT,113.9,INR,1.0,-1936005.84,Zomato,Education,Course,USA,Noida,TRUE,SUSPECTED FRAUD,,21641.0,Negative
2024-01-04,REFUND,32.79,AED,18.5568,-2465675.93,LocalMart,Automotive,Fuel,Canada,Hyderabad,TRUE,PROMO APPLIED,2025.0,115610.71967999998,Negative
2025-09-05,DEBIT,27.15,INR,1.0,-1823739.44,Starbucks,Dining,FastFood,USA,Kolkata,TRUE,CHARGEBACK REQUESTED,2016.0,5158.5,Negative
2023-09-27,DEBIT,19.99,GBP,105.3618,-145065.8,Flipkart,Utilities,Internet,India,Gurugram,TRUE,SUSPECTED FRAUD,,400174.65258,Negative
2024-10-08,CREDIT,27.65,USD,78.1265,-1936130.65,Paytm Mall,Entertainment,Concert,Canada,Delhi,TRUE,SUSPECTED FRAUD,,410437.56774999993,Negative
2024-05-01,DEBIT,257.94,INR,1.0,-1143252.01,Swiggy,Groceries,Supermarket,India,Noida,TRUE,"MANUAL ADJUSTMENT -- VERIFY
CONTACT SUPPORT",,49008.6,Negative
2025-05-18,DEBIT,10.58,INR,1.0,-2900595.01,AutoZone,Education,Books,Canada,Chennai,TRUE,CASHBACK CREDITED,,2010.2,Negative
2024-01-31,CREDIT,333.0,GBP,102.4748,-2208469.16,BigBasket,Entertainment,Streaming,India,Kolkata,TRUE,PROMO APPLIED,,6483580.596,Negative
2025-04-26,REFUND,58.9,USD,82.9727,-2236926.48,Paytm Mall,Clothing,Women,UK,Delhi,TRUE,MONTHLY SUBSCRIPTION,2023.0,928547.4857,Negative
2024-05-11,CREDIT,7.51,INR,1.0,-2625216.88,Paytm Mall,Dining,Restaurant,UK,Mumbai,TRUE,MONTHLY SUBSCRIPTION,,1426.8999999999999,Negative
2025-06-03,DEBIT,104.38,GBP,95.6127,-634963.17,Swiggy,Entertainment,Streaming,Canada,Kolkata,TRUE,CHARGEBACK REQUESTED,,1896210.1889400003,Negative
2025-05-21,DEBIT,216.5,GBP,105.5576,-1641954.78,Walmart,Travel,Taxi,India,Mumbai,TRUE,MANUAL ADJUSTMENT,2019.0,4342111.875999999,Negative
2025-06-22,CREDIT,386.15,USD,72.3347,-1825817.73,Myntra,Dining,Restaurant,USA,Mumbai,TRUE,MANUAL ADJUSTMENT,,5307088.436949999,Negative
2023-09-29,DEBIT,25.52,INR,1.0,-2901045.0,ShopEasy,Travel,Flight,Canada,Chennai,TRUE,REPEAT PURCHASE,,4848.8,Negative
2025-03-26,CREDIT,64.71,AED,20.0555,-1641954.78,Swiggy,Automotive,Repair,Canada,Jaipur,TRUE,CHARGEBACK REQUESTED,,246580.36694999994,Negative
2023-10-17,DEBIT,174.8,AED,19.3979,-1865690.63,Zomato,Electronics,Mobile,USA,Pune,TRUE,PROMO APPLIED,2018.0,644243.0548,Negative
2024-02-23,DEBIT,33.37,INR,1.0,-1625564.98,Paytm Mall,Electronics,Accessory,USA,Mumbai,TRUE,MONTHLY SUBSCRIPTION,,6340.299999999999,Negative
2023-11-09,DEBIT,51.31,USD,78.3881,-555354.46,Flipkart,Electronics,Laptop,UK,Gurugram,TRUE,PROMO APPLIED,2020.0,764197.74809,Negative
2024-07-13,REFUND,15.47,INR,1.0,-1935571.44,Starbucks,Utilities,Internet,Australia,Mumbai,TRUE,CHARGEBACK REQUESTED,2017.0,2939.3,Negative
2024-03-04,REFUND,218.87,USD,79.9471,-2772830.83,Flipkart,Electronics,Mobile,UK,Pune,TRUE,REPEAT PURCHASE,2015.0,3324624.1376300002,Negative
2025-04-22,DEBIT,27.83,GBP,91.4552,-2901683.84,Zomato,Automotive,Repair,India,Chennai,TRUE,,,483587.66104,Negative
2024-01-14,REFUND,13.97,AED,20.637,-1931591.42,Paytm Mall,Entertainment,Concert,Canada,Bengaluru,TRUE,PROMO APPLIED,,54776.78910000001,Negative
2024-06-27,DEBIT,19.21,GBP,94.947,-2466442.8,Flipkart,Health,Pharmacy,Canada,Jaipur,TRUE,PROMO APPLIED,2019.0,346547.0553,Negative
2025-01-25,DEBIT,138.02,USD,72.9922,-556437.96,AutoZone,Automotive,Repair,USA,Hyderabad,TRUE,REPEAT PURCHASE,,1914132.8543600002,Negative
2025-01-03,DEBIT,251.4,USD,78.4644,-2867208.0,Paytm Mall,Health,Pharmacy,India,Mumbai,TRUE,MONTHLY SUBSCRIPTION,,3747930.5304,Negative
2025-01-02,DEBIT,59.35,INR,1.0,-2538970.04,BigBasket,Clothing,Women,UK,Kolkata,TRUE,MANUAL ADJUSTMENT,2017.0,11276.5,Negative
2024-07-21,DEBIT,33.37,INR,1.0,-2120314.89,ElectroWorld,Clothing,Women,UK,Pune,TRUE,CASHBACK CREDITED,,6340.299999999999,Negative
2023-10-09,CREDIT,33.37,USD,74.5743,-1870653.94,ElectroWorld,Entertainment,Concert,USA,Pune,TRUE,MONTHLY SUBSCRIPTION,2018.0,472823.4342899999,Negative
2024-12-21,CREDIT,33.96,GBP ,105.0988,-1214565.26,Swiggy,Electronics,Accessory,Canada,Kolkata,TRUE,,2023.0,678139.49712,Negative
2025-06-13,CREDIT,19.13,INR,1.0,-1000656.55,Myntra,Education,Books,UAE,Gurugram,TRUE,PROMO APPLIED,2019.0,3634.7,Negative
2025-05-12,CREDIT,38.97,AED,19.058,-1641954.78,ShopEasy,Education,Course,Australia,Mumbai,TRUE,SUSPECTED FRAUD,,141111.1494,Negative
2025-01-16,CREDIT,30.06,INR,1.0,-1641954.78,Zomato,Education,Books,UAE,Chennai,TRUE,SUSPECTED FRAUD,2016.0,5711.4,Negative
2025-04-01,DEBIT,33.37,GBP,107.4194,-144718.83,BigBasket,Groceries,Specialty,Australia,Pune,TRUE,CHARGEBACK REQUESTED,,681071.22182,Negative
2023-12-24,CREDIT,14.39,INR,1.0,-1198758.45,Starbucks,Groceries,Specialty,UK,Chennai,TRUE,CHARGEBACK REQUESTED,2024.0,2734.1,Negative
2023-11-22,DEBIT,33.37,AED,20.1966,-1641954.78,ShopEasy,Groceries,Supermarket,India,Chennai,TRUE,SUSPECTED FRAUD,,128052.50297999999,Negative
2025-07-29,DEBIT,24.84,USD,79.4968,-2121558.14,Myntra,Clothing,Men,UK,Mumbai,TRUE,REPEAT PURCHASE,,375193.09728,Negative
2024-05-25,DEBIT,33.37,GBP,93.1353,-1641954.78,ElectroWorld,Entertainment,Concert,UK,Hyderabad,TRUE,MANUAL ADJUSTMENT,2025.0,590505.7425899999,Negative
2024-05-16,DEBIT,60.47,USD,76.9951,-1284810.42,Zomato,Travel,Taxi,Australia,Delhi,TRUE,CHARGEBACK REQUESTED,,884619.8024299999,Negative
2024-02-20,REFUND,33.37,AED,20.3335,-1641954.78,Myntra,Groceries,Supermarket,UK,Chennai,TRUE,CASHBACK CREDITED,,128920.49004999998,Negative
2025-04-03,CREDIT,172.32,USD,81.3849,-1641954.78,Myntra,Electronics,Mobile,India,Kolkata,TRUE,CHARGEBACK REQUESTED,2021.0,2664606.73392,Negative
2025-07-26,CREDIT,48.61,USD,82.5765,-1641954.78,Amazon,Utilities,Internet,UAE,Kolkata,TRUE,CASHBACK CREDITED,,762668.29635,Negative
2023-10-25,CREDIT,55.07,GBP,106.5254,-2726680.76,ElectroWorld,Education,Course,Australia,Kolkata,TRUE,MONTHLY SUBSCRIPTION,,1114607.2178200001,Negative
2023-12-13,CREDIT,13.64,USD,75.204,-2579244.24,Myntra,Health,Pharmacy,India,Jaipur,TRUE,SUSPECTED FRAUD,,194898.68639999998,Negative
2025-09-04,DEBIT,43.15,INR,1.0,-1626478.47,ShopEasy,Dining,Cafe,USA,Jaipur,TRUE,MANUAL ADJUSTMENT,2016.0,8198.5,Negative
2025-05-14,CREDIT,148.92,GBP,102.4789,-1641954.78,Amazon,Groceries,Specialty,UAE,Pune,TRUE,CASHBACK CREDITED,,2899619.9797199997,Negative
2023-11-05,REFUND,127.64,INR,1.0,-1412582.57,Flipkart,Automotive,Repair,Australia,Chennai,TRUE,MANUAL ADJUSTMENT,,24251.6,Negative
2025-07-11,CREDIT,33.37,INR,1.0,-2582574.06,AutoZone,Clothing,Women,Australia,Noida,TRUE,CHARGEBACK REQUESTED,2021.0,6340.299999999999,Negative
2024-02-28,CREDIT,33.37,INR,1.0,-1200481.68,Walmart,Entertainment,Concert,UAE,Mumbai,TRUE,PROMO APPLIED,2018.0,6340.299999999999,Negative
2025-08-26,REFUND,170.01,USD,78.6024,-2774404.42,Reliance,Groceries,Supermarket,UAE,Noida,TRUE,MONTHLY SUBSCRIPTION,,2539006.86456,Negative
2023-11-17,CREDIT,33.37,INR,1.0,-1705720.54,LocalMart,Health,Pharmacy,UK,Bengaluru,TRUE,REPEAT PURCHASE,,6340.299999999999,Negative
2024-02-20,CREDIT,30.91,AED,21.3509,-2249662.58,Paytm Mall,Automotive,Fuel,Canada,Noida,TRUE,CHARGEBACK REQUESTED,,125391.70061,Negative
2025-03-04,DEBIT,70.23,AED,21.27,-2902341.1,Reliance,Education,Books,India,Pune,TRUE,CASHBACK CREDITED,,283820.499,Negative
2024-03-19,DEBIT,33.37,USD,77.7139,-1652186.15,ElectroWorld,Electronics,Laptop,USA,Gurugram,TRUE,MANUAL ADJUSTMENT,2018.0,492729.44016999996,Negative
2025-05-09,DEBIT,33.37,GBP,94.7503,-1602561.18,Zomato,Health,Clinic,UK,Mumbai,TRUE,PROMO APPLIED,2022.0,600745.3270899999,Negative
2024-03-09,DEBIT,33.37,INR,1.0,-2465000.93,Zomato,Utilities,Water,India,Jaipur,TRUE,CHARGEBACK REQUESTED,,6340.299999999999,Negative
2024-03-25,CREDIT,70.93,USD,80.3998,-1078411.26,ElectroWorld,Electronics,Accessory,UK,Hyderabad,TRUE,MONTHLY SUBSCRIPTION,,1083523.98466,Negative
2025-04-07,REFUND,30.5,USD,80.1095,-1641551.86,Swiggy,Electronics,Accessory,Canada,Noida,TRUE,SUSPECTED FRAUD,,464234.5525,Negative
2023-10-26,CREDIT,280.94,AED,19.5711,-1713921.22,BigBasket,Travel,Taxi,Canada,Hyderabad,TRUE,CASHBACK CREDITED,,1044677.9184600001,Negative
2024-06-14,CREDIT,1.78,USD,72.3533,-2904011.99,BigBasket,Entertainment,Concert,India,Chennai,TRUE,SUSPECTED FRAUD,2018.0,24469.886060000004,Negative
2024-07-13,CREDIT,10.46,GBP,91.4301,-1642003.66,Myntra,Electronics,Accessory,Canada,Chennai,TRUE,,2023.0,181708.18074,Negative
2024-10-15,DEBIT,33.37,USD,80.5455,-2237004.67,Walmart,Travel,Taxi,India,Mumbai,TRUE,REPEAT PURCHASE,,510682.63365000003,Negative
2024-01-15,DEBIT,33.37,AED,20.1667,-2237376.13,Starbucks,Groceries,Supermarket,UAE,Chennai,TRUE,PROMO APPLIED,,127862.92800999999,Negative
2025-01-08,DEBIT,13.0,INR,1.0,-2727005.07,Walmart,Travel,Flight,UAE,Delhi,TRUE,MONTHLY SUBSCRIPTION,,2470.0,Negative
2024-08-27,DEBIT,33.37,AED,20.2335,-1825503.94,Amazon,Utilities,Water,UAE,Mumbai,TRUE,PROMO APPLIED,2016.0,128286.46005,Negative
2023-10-29,DEBIT,63.03,USD,78.2743,-2119648.89,BigBasket,Dining,Cafe,India,Hyderabad,TRUE,MONTHLY SUBSCRIPTION,,937389.53451,Negative
2025-03-01,DEBIT,92.21,AED,21.1016,-1641954.78,Walmart,Education,Books,Canada,Delhi,TRUE,MANUAL ADJUSTMENT,,369697.92184,Negative
2025-03-17,DEBIT,189.44,INR,1.0,-480838.54,Starbucks,Travel,Hotel,UK,Mumbai,TRUE,REPEAT PURCHASE,2021.0,35993.6,Negative
2023-10-12,DEBIT,108.16,AED,21.1543,-2237071.07,Flipkart,Clothing,Men,UAE,Kolkata,TRUE,MANUAL ADJUSTMENT,,434729.32671999995,Negative
2025-06-19,DEBIT,127.98,INR,1.0,-434343.91,AutoZone,Entertainment,Concert,Australia,Bengaluru,TRUE,MONTHLY SUBSCRIPTION,2025.0,24316.2,Negative
2023-12-17,CREDIT,36.44,INR,1.0,-2231947.51,Myntra,Health,Pharmacy,Canada,Mumbai,TRUE,REPEAT PURCHASE,,6923.599999999999,Negative
2024-10-04,DEBIT,46.83,USD,82.7852,-1150691.72,Amazon,Automotive,Fuel,UK,Delhi,TRUE,MANUAL ADJUSTMENT,,736597.87404,Negative
2024-12-13,REFUND,110.89,USD,72.0587,-1931553.21,Walmart,Utilities,Internet,UAE,Hyderabad,TRUE,,2019.0,1518211.9561700001,Negative
2025-01-21,CREDIT,33.37,AED,21.3392,-2774007.03,Amazon,Automotive,Repair,USA,Chennai,TRUE,SUSPECTED FRAUD,,135296.92976,Negative
2024-03-15,CREDIT,72.36,USD,76.6789,-165978.69,LocalMart,Electronics,Mobile,India,Pune,TRUE,CASHBACK CREDITED,2019.0,1054212.1887599998,Negative
2024-04-28,REFUND,20.65,AED,18.1283,-1936091.07,AutoZone,Education,Course,USA,Hyderabad,TRUE,PROMO APPLIED,,71126.38505,Negative
2024-12-19,REFUND,168.47,GBP,106.1219,-280289.23,Myntra,Groceries,Specialty,Canada,Jaipur,TRUE,SUSPECTED FRAUD,,3396887.73367,Negative
2024-01-24,DEBIT,269.82,INR,1.0,-2592785.66,Swiggy,Education,Books,Canada,Jaipur,TRUE,PROMO APPLIED,,51265.799999999996,Negative
2023-12-16,DEBIT,42.64,AED,18.3317,-1641954.78,ShopEasy,Health,Clinic,UAE,Noida,TRUE,PROMO APPLIED,2016.0,148516.10072000002,Negative
2024-12-08,REFUND,81.79,INR,1.0,-2866496.44,ElectroWorld,Automotive,Repair,UK,Chennai,TRUE,PROMO APPLIED,,15540.1,Negative
2024-12-04,CREDIT,37.23,INR,1.0,-1641954.78,Flipkart,Groceries,Specialty,Australia,Delhi,TRUE,MANUAL ADJUSTMENT,2016.0,7073.7,Negative
2025-05-17,DEBIT,23.81,INR,1.0,-259294.18,Myntra,Electronics,Mobile,UAE,Hyderabad,TRUE,CHARGEBACK REQUESTED,,4523.9,Negative
2025-09-09,CREDIT,33.37,GBP,97.1378,-1641954.78,Walmart,Entertainment,Movies,Canada,Bengaluru,TRUE,MANUAL ADJUSTMENT,,615882.7933399999,Negative
2025-05-22,CREDIT,120.83,INR,1.0,-542358.02,Walmart,Electronics,Mobile,Canada,Kolkata,TRUE,MONTHLY SUBSCRIPTION,,22957.7,Negative
2024-11-09,CREDIT,33.37,GBP,98.7731,-1675634.33,Amazon,Electronics,Accessory,Australia,Delhi,TRUE,MANUAL ADJUSTMENT,,626251.08593,Negative
2024-05-07,DEBIT,33.37,USD,74.1609,-166345.73,Amazon,Groceries,Specialty,USA,Mumbai,TRUE,CHARGEBACK REQUESTED,,470202.3542699999,Negative
2025-01-19,DEBIT,94.19,INR,1.0,-1641954.78,Starbucks,Electronics,Mobile,UK,Kolkata,TRUE,SUSPECTED FRAUD,,17896.1,Negative
2024-10-15,CREDIT,22.19,AED,19.7751,-1641954.78,BigBasket,Entertainment,Concert,USA,Bengaluru,TRUE,SUSPECTED FRAUD,,83373.79910999999,Negative
2025-03-17,CREDIT,88.94,INR,1.0,-2112471.71,Swiggy,Education,Course,Australia,Bengaluru,TRUE,,,16898.6,Negative
2025-08-02,CREDIT,13.51,INR,1.0,-1001091.43,BigBasket,Automotive,Fuel,India,Delhi,TRUE,CASHBACK CREDITED,,2566.9,Negative
2024-04-25,DEBIT,45.5,USD,74.497,-1936573.55,Swiggy,Clothing,Women,UAE,Jaipur,TRUE,SUSPECTED FRAUD,,644026.565,Negative
2025-03-19,DEBIT,7.98,GBP,103.9492,-2579877.64,Swiggy,Health,Clinic,India,Mumbai,TRUE,MANUAL ADJUSTMENT,,157607.77704000002,Negative
2024-12-18,CREDIT,27.84,USD,78.4646,-1198040.26,BigBasket,Groceries,Specialty,India,Kolkata,TRUE,SUSPECTED FRAUD,2019.0,415046.34816,Negative
2025-02-01,CREDIT,33.37,GBP,102.5293,-2467611.62,Myntra,Education,Course,USA,Hyderabad,TRUE,MONTHLY SUBSCRIPTION,,650066.52079,Negative
2025-09-04,CREDIT,64.53,INR,1.0,-2901462.11,BigBasket,Utilities,Internet,USA,Pune,TRUE,MANUAL ADJUSTMENT,,12260.7,Negative
2025-06-29,REFUND,17.47,USD,73.5822,-1000609.06,Walmart,Utilities,Electricity,India,Delhi,TRUE,,2021.0,244241.39646,Negative
2023-09-26,DEBIT,33.37,INR,1.0,-1105598.48,ShopEasy,Utilities,Water,Canada,Gurugram,TRUE,SUSPECTED FRAUD,,6340.299999999999,Negative
2024-10-14,DEBIT,33.37,USD,73.0391,-1625131.88,BigBasket,Utilities,Water,UAE,Hyderabad,TRUE,MONTHLY SUBSCRIPTION,2020.0,463089.80572999996,Negative
2024-05-12,DEBIT,33.37,AED,18.0278,-1985162.2,LocalMart,Health,Clinic,UAE,Bengaluru,TRUE,REPEAT PURCHASE,,114301.66033999999,Negative
2024-08-31,CREDIT,21.19,USD,77.4741,-1000207.58,Reliance,Clothing,Men,UK,Bengaluru,TRUE,CASHBACK CREDITED,2018.0,311918.47401000006,Negative
2025-08-24,CREDIT,15.88,GBP,102.9707,-1500087.04,AutoZone,Electronics,Accessory,Australia,Delhi,TRUE,MONTHLY SUBSCRIPTION,,310683.19604,Negative
2025-05-26,DEBIT,33.37,INR,1.0,-1412647.22,Walmart,Groceries,Supermarket,Australia,Bengaluru,TRUE,MONTHLY SUBSCRIPTION,,6340.299999999999,Negative
2025-08-05,CREDIT,104.38,GBP,109.9583,-2230556.46,Starbucks,Dining,FastFood,UK,Bengaluru,TRUE,,2017.0,2180714.9972599996,Negative
2024-05-07,DEBIT,230.09,USD,73.5739,-1077657.85,BigBasket,Groceries,Specialty,UK,Delhi,TRUE,SUSPECTED FRAUD,,3216437.54369,Negative
2024-11-25,DEBIT,20.06,GBP ,95.0571,-1641954.78,Swiggy,Entertainment,Concert,USA,Kolkata,TRUE,,2017.0,362300.63094,Negative
2025-05-31,DEBIT,6.06,GBP,91.8731,-145055.8,Reliance,Clothing,Women,Australia,Mumbai,TRUE,CASHBACK CREDITED,2025.0,105782.68733999997,Negative
2025-01-18,REFUND,15.19,GBP,107.4651,-595110.93,LocalMart,Dining,Restaurant,Canada,Hyderabad,TRUE,CASHBACK CREDITED,2023.0,310155.02511,Negative
2024-04-14,DEBIT,33.37,AED,18.7528,-1641954.78,Reliance,Clothing,Men,Canada,Mumbai,TRUE,PROMO APPLIED,,118898.37784,Negative
2023-10-24,CREDIT,38.98,INR,1.0,-2901654.38,ShopEasy,Dining,Cafe,Canada,Delhi,TRUE,REPEAT PURCHASE,,7406.2,Negative
2023-12-18,CREDIT,8.13,USD,72.1017,-1000613.12,Starbucks,Travel,Taxi,Australia,Gurugram,TRUE,REPEAT PURCHASE,,111375.49599,Negative
2024-01-23,REFUND,7.59,USD,78.6662,-556441.75,Myntra,Groceries,Specialty,India,Hyderabad,TRUE,CASHBACK CREDITED,2016.0,113444.52702,Negative
2025-06-22,CREDIT,7.5,AED,19.6164,-1436013.21,Amazon,Dining,Restaurant,Canada,Jaipur,TRUE,SUSPECTED FRAUD,2023.0,27953.37,Negative
2025-04-13,DEBIT,35.95,USD,77.2958,-2900758.54,Zomato,Travel,Taxi,Canada,Kolkata,TRUE,PROMO APPLIED,,527968.9619000001,Negative
2025-01-28,DEBIT,13.35,INR,1.0,-1984919.87,AutoZone,Utilities,Water,UAE,Bengaluru,TRUE,CHARGEBACK REQUESTED,,2536.5,Negative
2024-05-24,CREDIT,110.41,AED,19.908,-144323.35,Zomato,Utilities,Internet,Canada,Noida,TRUE,SUSPECTED FRAUD,,417628.0332,Negative
2024-12-11,CREDIT,33.37,AED,19.0072,-2308122.65,AutoZone,Entertainment,Movies,India,Hyderabad,TRUE,REPEAT PURCHASE,2026.0,120511.35016,Negative
2024-05-31,CREDIT,10.19,INR,1.0,-1808226.43,ElectroWorld,Travel,Hotel,UK,Gurugram,TRUE,REPEAT PURCHASE,2016.0,1936.1,Negative
2024-10-25,DEBIT,28.41,AED,20.7085,-1850327.97,Zomato,Entertainment,Concert,Canada,Noida,TRUE,SUSPECTED FRAUD,2020.0,111782.41215,Negative
2025-03-21,DEBIT,29.33,AED,21.9751,-2254586.27,Swiggy,Travel,Hotel,Canada,Bengaluru,TRUE,REPEAT PURCHASE,,122460.63977,Negative
2023-10-27,DEBIT,33.37,GBP,102.1282,-1641954.78,Myntra,Automotive,Fuel,Australia,Chennai,TRUE,MONTHLY SUBSCRIPTION,,647523.42646,Negative
2024-07-05,DEBIT,188.93,INR,1.0,-189283.65,Reliance,Dining,Restaurant,USA,Chennai,TRUE,CHARGEBACK REQUESTED,,35896.700000000004,Negative
2025-04-20,REFUND,33.37,GBP,90.1161,-1641954.78,ShopEasy,Health,Pharmacy,UK,Mumbai,TRUE,PROMO APPLIED,2019.0,571363.1088299999,Negative
2023-12-15,CREDIT,6.5,GBP,104.1023,-2452523.14,Starbucks,Dining,FastFood,Australia,Hyderabad,TRUE,CASHBACK CREDITED,,128566.34049999999,Negative
2024-02-14,REFUND,7.76,INR,1.0,-965501.63,Myntra,Groceries,Supermarket,UK,Noida,TRUE,CHARGEBACK REQUESTED,,1474.3999999999999,Negative
2024-04-11,DEBIT,1382.85,GBP,106.2842,-1272429.91,ShopEasy,Groceries,Supermarket,India,Hyderabad,TRUE,REPEAT PURCHASE,,27925270.134299994,Negative
2024-07-17,CREDIT,11.78,INR,1.0,-260398.49,LocalMart,Entertainment,Movies,UK,Mumbai,TRUE,,,2238.2,Negative
2024-03-11,CREDIT,33.37,INR,1.0,-2119244.72,Reliance,Automotive,Fuel,India,Mumbai,TRUE,SUSPECTED FRAUD,,6340.299999999999,Negative
2024-04-11,DEBIT,19.25,GBP,100.4254,-2119167.29,Reliance,Clothing,Women,Canada,Delhi,TRUE,CASHBACK CREDITED,2018.0,367305.9005,Negative
2023-09-13,CREDIT,95.8,INR,1.0,-1641954.78,Starbucks,Electronics,Laptop,UAE,Bengaluru,TRUE,MONTHLY SUBSCRIPTION,2019.0,18202.0,Negative
2024-02-22,CREDIT,5.28,USD,79.7528,-2235530.05,Swiggy,Groceries,Supermarket,UK,Delhi,TRUE,SUSPECTED FRAUD,,80008.00896,Negative
2024-11-21,DEBIT,17.42,USD,72.4456,-1641954.78,Zomato,Dining,Restaurant,UAE,Bengaluru,TRUE,CHARGEBACK REQUESTED,,239780.44688000003,Negative
2025-04-17,REFUND,33.37,INR,1.0,-537566.18,LocalMart,Travel,Hotel,UK,Mumbai,TRUE,CASHBACK CREDITED,,6340.299999999999,Negative
2025-04-13,CREDIT,970.28,AED,19.2379,-2231180.5,Reliance,Dining,FastFood,Australia,Mumbai,TRUE,MANUAL ADJUSTMENT,,3546568.4262800002,Negative
2024-02-16,REFUND,33.37,USD,73.7312,-1560492.65,Walmart,Education,Books,UK,Hyderabad,TRUE,CASHBACK CREDITED,,467477.92736,Negative
2024-12-07,CREDIT,33.37,GBP ,100.2644,-1641954.78,Myntra,Clothing,Women,UK,Mumbai,TRUE,MONTHLY SUBSCRIPTION,2020.0,635706.37532,Negative
2024-11-29,DEBIT,22.45,USD,73.3375,-2419724.24,Amazon,Utilities,Electricity,Canada,Gurugram,TRUE,,2022.0,312821.10625,Negative
2024-01-20,REFUND,31.7,USD,72.5899,-2581250.36,Myntra,Health,Pharmacy,Canada,Pune,TRUE,CHARGEBACK REQUESTED,,437208.96770000004,Negative
2024-10-21,DEBIT,71.61,INR,1.0,-537895.51,Myntra,Dining,Cafe,Canada,Chennai,TRUE,,,13605.9,Negative
2025-03-17,DEBIT,31.19,GBP,90.9573,-1641954.78,Paytm Mall,Utilities,Internet,Canada,Noida,TRUE,SUSPECTED FRAUD,,539022.05553,Negative
2024-05-15,DEBIT,17.25,INR,1.0,-434850.54,ElectroWorld,Dining,Cafe,UAE,Chennai,TRUE,CASHBACK CREDITED,,3277.5,Negative
2023-12-19,DEBIT,169.79,USD,76.7638,-2908624.2,Myntra,Electronics,Mobile,Canada,Mumbai,TRUE,MANUAL ADJUSTMENT,,2476407.86438,Negative
2024-11-06,REFUND,88.36,INR,1.0,-1200064.51,Paytm Mall,Education,Course,India,Gurugram,TRUE,CHARGEBACK REQUESTED,,16788.4,Negative
2025-02-06,REFUND,137.61,GBP,98.4688,-1641954.78,Paytm Mall,Clothing,Men,UAE,Delhi,TRUE,SUSPECTED FRAUD,,2574555.3979200004,Negative
2024-09-26,DEBIT,28.74,USD,74.8019,-1077476.62,Walmart,Automotive,Fuel,Australia,Bengaluru,TRUE,CASHBACK CREDITED,,408463.25514,Negative
2025-04-06,CREDIT,27.76,GBP,109.2437,-594004.77,AutoZone,Health,Pharmacy,USA,Delhi,TRUE,,2025.0,576194.97128,Negative
2024-08-13,DEBIT,209.67,INR,1.0,-1412386.06,Flipkart,Entertainment,Streaming,UK,Gurugram,TRUE,SUSPECTED FRAUD,2024.0,39837.299999999996,Negative
2024-06-13,DEBIT,33.37,INR,1.0,-975866.8,Reliance,Health,Clinic,USA,Delhi,TRUE,,,6340.299999999999,Negative
2024-12-13,DEBIT,33.37,INR,1.0,-2428217.75,Flipkart,Clothing,Men,Australia,Jaipur,TRUE,MONTHLY SUBSCRIPTION,,6340.299999999999,Negative
2025-03-24,CREDIT,193.49,GBP,97.8926,-2481812.24,LocalMart,Automotive,Repair,UAE,Kolkata,TRUE,SUSPECTED FRAUD,,3598835.4430600004,Negative
2025-03-19,CREDIT,109.22,GBP,98.6454,-2420267.58,Flipkart,Groceries,Supermarket,UAE,Mumbai,TRUE,,,2047069.61172,Negative
2025-01-31,REFUND,44.82,INR,1.0,-1640332.46,Reliance,Electronics,Mobile,UAE,Pune,TRUE,PROMO APPLIED,,8515.8,Negative
2025-08-18,REFUND,30.11,INR,1.0,-2464671.97,AutoZone,Travel,Taxi,India,Gurugram,TRUE,MONTHLY SUBSCRIPTION,,5720.9,Negative
2025-04-16,CREDIT,21.12,GBP,90.1869,-1705821.99,Amazon,Health,Pharmacy,USA,Hyderabad,TRUE,MANUAL ADJUSTMENT,,361901.99231999996,Negative
2024-04-07,CREDIT,4.51,GBP,94.2201,-1641954.78,Walmart,Automotive,Repair,UK,Hyderabad,TRUE,CASHBACK CREDITED,2016.0,80737.20369,Negative
2025-04-30,CREDIT,36.97,USD ,79.6208,-144704.58,Paytm Mall,Entertainment,Streaming,UAE,Chennai,TRUE,REPEAT PURCHASE,2025.0,559280.38544,Negative
2025-03-14,DEBIT,73.07,USD,73.8114,-2872751.97,Zomato,Education,Books,UAE,Kolkata,TRUE,,,1024745.80962,Negative
2025-07-13,DEBIT,33.37,AED,20.3635,-529986.59,AutoZone,Automotive,Repair,Canada,Chennai,TRUE,PROMO APPLIED,,129110.69904999998,Negative
2025-02-19,CREDIT,17.49,INR,1.0,-1834308.52,Reliance,Groceries,Supermarket,UAE,Bengaluru,TRUE,"CHARGEBACK REQUESTED -- VERIFY
CONTACT SUPPORT",,3323.1,Negative
2024-01-13,CREDIT,8.13,USD,73.0526,-974065.02,ElectroWorld,Health,Clinic,UAE,Mumbai,TRUE,MANUAL ADJUSTMENT,,112844.35122,Negative
2025-03-26,DEBIT,61.36,INR,1.0,-1078350.7,Walmart,Automotive,Fuel,Canada,Jaipur,TRUE,CASHBACK CREDITED,2022.0,11658.4,Negative
2023-12-30,DEBIT,20.45,INR,1.0,-2419139.09,Paytm Mall,Travel,Taxi,UAE,Kolkata,TRUE,PROMO APPLIED,,3885.5,Negative
2025-05-01,REFUND,33.37,INR,1.0,-1640844.5,ElectroWorld,Electronics,Mobile,USA,Pune,TRUE,MANUAL ADJUSTMENT,2018.0,6340.299999999999,Negative
2025-08-14,CREDIT,5.11,USD,77.1465,-553959.33,Flipkart,Automotive,Repair,Canada,Kolkata,TRUE,SUSPECTED FRAUD,2024.0,74901.53685,Negative
2025-03-03,REFUND,8.05,AED ,20.2773,-2650100.43,Amazon,Education,Books,Australia,Mumbai,TRUE,MANUAL ADJUSTMENT,2021.0,31014.130350000003,Negative
2024-01-01,DEBIT,176.08,INR,1.0,-2922192.63,Reliance,Dining,Cafe,Canada,Mumbai,TRUE,REPEAT PURCHASE,,33455.200000000004,Negative
2024-04-28,CREDIT,15.97,INR,1.0,-2235694.09,Zomato,Groceries,Supermarket,USA,Delhi,TRUE,MONTHLY SUBSCRIPTION,2023.0,3034.3,Negative
2024-06-24,CREDIT,33.37,USD,76.1602,-1214898.07,Zomato,Utilities,Internet,Canada,Jaipur,TRUE,PROMO APPLIED,2016.0,482878.51606,Negative
2024-08-26,CREDIT,15.59,INR,1.0,-1807229.28,Swiggy,Dining,Restaurant,UK,Pune,TRUE,,,2962.1,Negative
2024-01-05,CREDIT,41.22,INR,1.0,-2118499.51,ElectroWorld,Dining,Restaurant,UK,Kolkata,TRUE,REPEAT PURCHASE,,7831.8,Negative
2025-04-29,DEBIT,14.79,USD,82.7951,-2874013.65,Starbucks,Dining,FastFood,USA,Noida,TRUE,MANUAL ADJUSTMENT,2025.0,232662.51051,Negative
2024-05-12,DEBIT,13.12,INR,1.0,-2582385.23,Myntra,Health,Pharmacy,UK,Mumbai,TRUE,CHARGEBACK REQUESTED,,2492.7999999999997,Negative
2023-10-03,DEBIT,4.96,INR,1.0,-2419594.9,Amazon,Education,Books,Australia,Jaipur,TRUE,CHARGEBACK REQUESTED,,942.4,Negative
2025-09-09,CREDIT,33.37,USD ,72.8777,-1435785.46,Paytm Mall,Health,Pharmacy,Australia,Noida,TRUE,PROMO APPLIED,2025.0,462066.48131,Negative
2024-08-13,DEBIT,32.08,INR,1.0,-1162742.65,Myntra,Education,Course,UK,Hyderabad,TRUE,PROMO APPLIED,,6095.2,Negative
2023-11-29,CREDIT,22.38,INR,1.0,-2825298.89,Zomato,Education,Course,Canada,Chennai,TRUE,MANUAL ADJUSTMENT,,4252.2,Negative
2023-11-11,CREDIT,34.87,AED,18.3951,-2901701.27,ElectroWorld,Education,Books,Canada,Hyderabad,TRUE,SUSPECTED FRAUD,,121873.05602999998,Negative
2025-06-04,REFUND,90.17,USD,77.2952,-1808716.93,Zomato,Groceries,Supermarket,Canada,Mumbai,TRUE,"CASHBACK CREDITED -- VERIFY
CONTACT SUPPORT",,1324244.5549599999,Negative
2024-07-14,REFUND,11.75,USD,81.1182,-2208711.15,Zomato,Clothing,Men,UAE,Kolkata,TRUE,REPEAT PURCHASE,,181096.38150000002,Negative
2024-09-08,CREDIT,57.36,GBP,98.9525,-1641954.78,LocalMart,Utilities,Internet,Australia,Bengaluru,TRUE,SUSPECTED FRAUD,,1078423.926,Negative
2024-11-15,CREDIT,33.37,USD,78.8717,-166485.86,ElectroWorld,Clothing,Women,Australia,Delhi,TRUE,MANUAL ADJUSTMENT,,500070.23951,Negative
2025-02-11,DEBIT,20.0,USD,81.1179,-2913130.99,Flipkart,Dining,Restaurant,Australia,Chennai,TRUE,CHARGEBACK REQUESTED,,308248.02,Negative
2024-07-04,DEBIT,5.35,GBP,92.2752,-2866369.38,AutoZone,Clothing,Men,USA,Delhi,TRUE,REPEAT PURCHASE,,93797.74079999999,Negative
2024-03-23,DEBIT,154.16,INR,1.0,-1214697.6,ElectroWorld,Automotive,Repair,Canada,Hyderabad,TRUE,PROMO APPLIED,,29290.399999999998,Negative
2024-10-06,REFUND,35.13,INR,1.0,-2121826.57,BigBasket,Electronics,Accessory,India,Kolkata,TRUE,CHARGEBACK REQUESTED,,6674.700000000001,Negative
2025-09-08,CREDIT,15.65,INR,1.0,-445285.0,Myntra,Groceries,Supermarket,UAE,Hyderabad,TRUE,,,2973.5,Negative
2024-10-13,DEBIT,19.38,USD,82.3086,-2679734.53,Reliance,Dining,Cafe,Australia,Hyderabad,TRUE,PROMO APPLIED,,303076.72692,Negative
2024-09-08,DEBIT,80.89,INR,1.0,-1269669.04,Myntra,Utilities,Water,India,Mumbai,TRUE,PROMO APPLIED,,15369.1,Negative
2024-02-19,DEBIT,33.09,USD,82.4565,-1269262.25,Flipkart,Automotive,Fuel,Canada,Jaipur,TRUE,REPEAT PURCHASE,2020.0,518412.2611500001,Negative
2024-09-06,CREDIT,44.67,GBP,101.8085,-529548.95,Paytm Mall,Groceries,Specialty,India,Gurugram,TRUE,MONTHLY SUBSCRIPTION,2016.0,864079.2820499999,Negative
2024-06-19,CREDIT,6.57,INR,1.0,-441343.34,Zomato,Clothing,Women,USA,Hyderabad,TRUE,CASHBACK CREDITED,,1248.3,Negative
2025-02-19,CREDIT,181.91,USD,74.1821,-1269861.75,Zomato,Entertainment,Streaming,Canada,Delhi,TRUE,MONTHLY SUBSCRIPTION,,2563948.50409,Negative
2025-04-29,DEBIT,33.37,INR,1.0,-1000196.99,Amazon,Electronics,Accessory,Canada,Chennai,TRUE,MANUAL ADJUSTMENT,,6340.299999999999,Negative
2024-02-27,REFUND,43.49,USD,75.0085,-2419713.01,AutoZone,Utilities,Water,Australia,Pune,TRUE,MANUAL ADJUSTMENT,,619802.73635,Negative
2025-06-17,DEBIT,32.22,USD,76.5255,-1077423.51,LocalMart,Electronics,Accessory,India,Noida,TRUE,,,468473.8059,Negative
2024-04-12,DEBIT,88.65,AED,20.9044,-2913100.33,ShopEasy,Automotive,Repair,UAE,Gurugram,TRUE,SUSPECTED FRAUD,,352103.2614,Negative
2024-09-02,DEBIT,33.37,GBP,93.442,-1641954.78,Zomato,Groceries,Supermarket,Canada,Gurugram,TRUE,MONTHLY SUBSCRIPTION,,592450.3126,Negative
2024-10-21,CREDIT,33.37,INR,1.0,-1641954.78,AutoZone,Education,Books,Australia,Pune,TRUE,,,6340.299999999999,Negative
2023-10-08,CREDIT,31.07,INR,1.0,-2464052.63,Flipkart,Utilities,Water,UAE,Pune,TRUE,SUSPECTED FRAUD,,5903.3,Negative
2023-11-21,REFUND,11.74,GBP,107.902,-260503.47,AutoZone,Health,Pharmacy,UAE,Delhi,TRUE,CASHBACK CREDITED,,240686.20119999998,Negative
2024-07-15,CREDIT,33.37,INR,1.0,-975025.27,LocalMart,Utilities,Internet,USA,Delhi,TRUE,CASHBACK CREDITED,2022.0,6340.299999999999,Negative
2025-05-19,CREDIT,6.96,INR,1.0,-1412144.17,ShopEasy,Entertainment,Concert,Australia,Hyderabad,TRUE,,,1322.4,Negative
2025-07-17,DEBIT,48.7,USD,82.7308,-1641954.78,Starbucks,Utilities,Electricity,USA,Delhi,TRUE,CHARGEBACK REQUESTED,2016.0,765508.0924000001,Negative
2024-03-22,DEBIT,13.48,INR,1.0,-2866562.93,Zomato,Dining,FastFood,USA,Chennai,TRUE,,2017.0,2561.2000000000003,Negative
2024-05-05,CREDIT,23.11,AED,19.677,-1558047.91,Swiggy,Automotive,Fuel,India,Pune,TRUE,REPEAT PURCHASE,,86399.73929999999,Negative
2024-02-25,DEBIT,10.99,USD,72.3677,-155403.06,Swiggy,Health,Pharmacy,Australia,Noida,TRUE,MANUAL ADJUSTMENT,2025.0,151110.99437,Negative
2024-03-17,DEBIT,79.86,INR,1.0,-2624666.87,Flipkart,Utilities,Electricity,Canada,Chennai,TRUE,MONTHLY SUBSCRIPTION,,15173.4,Negative
2025-05-25,DEBIT,1.45,AED,21.0767,-1270665.49,ShopEasy,Clothing,Women,UK,Mumbai,TRUE,MONTHLY SUBSCRIPTION,2022.0,5806.63085,Negative
2025-08-31,DEBIT,33.37,USD,72.8788,-2592432.53,Myntra,Education,Books,Canada,Gurugram,TRUE,REPEAT PURCHASE,,462073.45563999994,Negative
2025-05-04,REFUND,29.21,AED,19.316,-1143237.41,LocalMart,Clothing,Men,India,Mumbai,TRUE,,,107201.8684,Negative
2025-03-02,CREDIT,6.01,USD,80.3908,-975164.04,Starbucks,Clothing,Women,Canada,Kolkata,TRUE,PROMO APPLIED,,91798.25452,Negative
2024-07-11,REFUND,70.23,GBP,96.0006,-2866434.83,Amazon,Dining,Cafe,UK,Hyderabad,TRUE,CHARGEBACK REQUESTED,,1281003.20622,Negative
2023-11-02,DEBIT,144.76,GBP,102.2462,-1936183.97,Reliance,Utilities,Water,UK,Pune,TRUE,CASHBACK CREDITED,2021.0,2812220.3832799997,Negative
2024-06-11,DEBIT,46.27,AED,21.1026,-2773082.91,LocalMart,Entertainment,Streaming,Australia,Kolkata,TRUE,,,185519.28738000002,Negative
2025-06-23,REFUND,68.03,AED,20.2282,-965535.65,AutoZone,Clothing,Women,Canada,Delhi,TRUE,CASHBACK CREDITED,,261463.64474000002,Negative
2024-05-19,DEBIT,48.11,USD,77.8828,-1560228.58,BigBasket,Utilities,Water,USA,Pune,TRUE,CHARGEBACK REQUESTED,,711918.88652,Negative
2025-03-22,CREDIT,44.35,USD,82.7913,-537588.35,Myntra,Groceries,Supermarket,USA,Mumbai,TRUE,MONTHLY SUBSCRIPTION,,697640.8894500001,Negative
2024-04-24,CREDIT,30.39,INR,1.0,-1273129.84,AutoZone,Groceries,Supermarket,Canada,Delhi,TRUE,SUSPECTED FRAUD,,5774.1,Negative
2024-09-05,DEBIT,3.96,INR,1.0,-1198751.25,Reliance,Health,Clinic,Australia,Pune,TRUE,MANUAL ADJUSTMENT,,752.4,Negative
2024-09-19,REFUND,9.89,USD,78.6558,-2900610.94,AutoZone,Electronics,Accessory,India,Hyderabad,TRUE,PROMO APPLIED,2025.0,147802.11378,Negative
2024-12-11,REFUND,20.74,USD,75.797,-1705950.95,Zomato,Groceries,Supermarket,India,Gurugram,TRUE," -- VERIFY
CONTACT SUPPORT",,298685.65819999995,Negative
2024-09-27,CREDIT,2.86,GBP,96.5876,-540264.71,ElectroWorld,Dining,Cafe,Australia,Jaipur,TRUE,PROMO APPLIED,,52485.701839999994,Negative
2023-10-27,DEBIT,3.64,INR,1.0,-441712.17,Swiggy,Utilities,Internet,UK,Chennai,TRUE,MANUAL ADJUSTMENT,,691.6,Negative
2024-01-18,REFUND,53.46,,74.184,-441170.93,Starbucks,Health,Clinic,UAE,Bengaluru,TRUE,PROMO APPLIED,2023.0,753516.5616,Negative
2024-07-05,REFUND,110.93,GBP,108.515,-1641954.78,AutoZone,Utilities,Electricity,USA,Delhi,TRUE,CHARGEBACK REQUESTED,,2287138.1005,Negative
2024-10-07,CREDIT,160.91,AED,20.5777,-1641954.78,Flipkart,Clothing,Women,India,Chennai,TRUE,MONTHLY SUBSCRIPTION,2016.0,629119.96433,Negative
2024-08-14,CREDIT,33.37,GBP,91.574,-163781.4,Zomato,Utilities,Electricity,UK,Jaipur,TRUE,SUSPECTED FRAUD,,580606.6321999999,Negative
2024-06-02,DEBIT,340.18,GBP,101.9206,-1774479.16,Walmart,Clothing,Men,UAE,Delhi,TRUE,SUSPECTED FRAUD,,6587556.44452,Negative
2025-02-27,DEBIT,16.12,INR,1.0,-2682390.67,LocalMart,Health,Clinic,UAE,Kolkata,TRUE,SUSPECTED FRAUD,2017.0,3062.8,Negative
2025-07-12,DEBIT,64.08,USD,74.1899,-1641954.78,AutoZone,Health,Pharmacy,UAE,Bengaluru,TRUE,,,903276.8704799999,Negative
2025-05-26,DEBIT,30.79,GBP,106.342,-1131147.63,Myntra,Education,Books,Canada,Delhi,TRUE,PROMO APPLIED,2019.0,622111.3342,Negative
2025-03-26,CREDIT,91.84,INRR,1.0,-2462485.69,Myntra,Automotive,Repair,Australia,Mumbai,TRUE,CASHBACK CREDITED,,17449.600000000002,Negative
2025-07-17,DEBIT,92.77,INR,1.0,-1558006.52,Zomato,Utilities,Electricity,Australia,Chennai,TRUE,CHARGEBACK REQUESTED,2024.0,17626.3,Negative
2023-10-25,DEBIT,135.11,USD,78.8931,-2118574.48,Starbucks,Utilities,Electricity,USA,Jaipur,TRUE,,,2025256.88079,Negative
2024-02-11,DEBIT,11.54,GBP,101.806,-2452625.14,BigBasket,Utilities,Internet,Canada,Noida,TRUE,MONTHLY SUBSCRIPTION,,223219.8356,Negative
2025-07-25,DEBIT,41.65,AED,19.4382,-1641954.78,Reliance,Education,Course,USA,Pune,TRUE,,,153824.19569999998,Negative
2024-12-29,DEBIT,3.49,GBP,94.2854,-1130811.39,AutoZone,Automotive,Repair,USA,Jaipur,TRUE,MANUAL ADJUSTMENT,2022.0,62520.64874,Negative
2025-01-04,CREDIT,39.59,USD,77.2277,-2580694.19,ShopEasy,Clothing,Men,UK,Jaipur,TRUE,CHARGEBACK REQUESTED,,580914.4821700001,Negative
2025-06-15,REFUND,28.97,USD,73.1335,-1850286.58,Myntra,Dining,Cafe,India,Noida,TRUE,REPEAT PURCHASE,2016.0,402548.72404999996,Negative
2025-07-21,CREDIT,147.24,GBP,91.0668,-1641954.78,BigBasket,Automotive,Repair,USA,Chennai,TRUE,PROMO APPLIED,2022.0,2547648.3700800003,Negative
2023-12-07,REFUND,18.81,USD,81.132,-2208487.28,Swiggy,Automotive,Repair,USA,Noida,TRUE,CASHBACK CREDITED,,289957.6548,Negative
2024-08-29,DEBIT,11.97,USD,74.2978,-1641954.78,Zomato,Clothing,Women,USA,Gurugram,TRUE,REPEAT PURCHASE,2015.0,168975.48653999998,Negative
2023-10-14,CREDIT,8.25,GBP,90.5289,-540098.4,Paytm Mall,Travel,Hotel,Canada,Bengaluru,TRUE,REPEAT PURCHASE,,141904.05074999997,Negative
2024-05-29,DEBIT,10.36,USD ,78.4647,-565165.47,Flipkart,Electronics,Accessory,USA,Bengaluru,TRUE,CASHBACK CREDITED,2020.0,154449.91547999997,Negative
2024-02-22,DEBIT,33.37,USD,74.7874,-1213951.93,LocalMart,Health,Pharmacy,UAE,Pune,TRUE,SUSPECTED FRAUD,2018.0,474174.55222,Negative
2025-01-28,REFUND,14.13,INR,1.0,-2118885.74,Starbucks,Utilities,Water,Australia,Pune,TRUE,PROMO APPLIED,,2684.7000000000003,Negative
2024-07-18,DEBIT,19.74,INR,1.0,-1935818.64,ShopEasy,Education,Course,USA,Delhi,TRUE,PROMO APPLIED,,3750.6,Negative
2023-10-07,REFUND,42.13,USD,72.7458,-1008258.74,Starbucks,Utilities,Electricity,India,Gurugram,TRUE,,2017.0,582308.30526,Negative
2025-08-18,DEBIT,34.41,INR,1.0,-974982.47,BigBasket,Electronics,Mobile,India,Pune,TRUE,REPEAT PURCHASE,,6537.9,Negative
2025-03-05,REFUND,10.96,INRR,1.0,-1641954.78,Flipkart,Electronics,Mobile,USA,Delhi,TRUE,CASHBACK CREDITED,,2082.4,Negative
2025-07-09,CREDIT,43.79,AED,20.5755,-1984913.2,ShopEasy,Automotive,Fuel,Canada,Hyderabad,TRUE,CASHBACK CREDITED,,171190.21755,Negative
2025-08-30,DEBIT,33.37,USD,73.6419,-1641954.78,Amazon,Automotive,Repair,UK,Chennai,TRUE,SUSPECTED FRAUD,2020.0,466911.73857,Negative
2024-06-26,DEBIT,118.72,GBP,98.6787,-1641954.78,Starbucks,Clothing,Women,India,Kolkata,TRUE,PROMO APPLIED,2019.0,2225875.70016,Negative
2024-11-06,REFUND,41.26,GBP,108.8036,-189629.74,AutoZone,Clothing,Men,Australia,Noida,TRUE,CASHBACK CREDITED,,852954.9418400001,Negative
2025-09-11,DEBIT,238.4,INR,1.0,-1641954.78,Flipkart,Automotive,Fuel,Canada,Gurugram,TRUE,MANUAL ADJUSTMENT,2016.0,45296.0,Negative
2023-10-26,DEBIT,44.77,GBP,103.8752,-2473412.95,Paytm Mall,Groceries,Specialty,Australia,Gurugram,TRUE,MANUAL ADJUSTMENT,,883593.6137600001,Negative
2024-04-19,DEBIT,130.73,USD,81.6173,-2463992.56,Zomato,Utilities,Internet,UAE,Hyderabad,TRUE,REPEAT PURCHASE,2015.0,2027267.6295099999,Negative
2025-05-16,REFUND,8.93,GBP,107.2606,-1808671.85,ShopEasy,Utilities,Water,UK,Jaipur,TRUE,,,181989.06001999998,Negative
2024-10-23,DEBIT,33.37,USD,74.3775,-529958.52,Reliance,Utilities,Internet,Canada,Kolkata,TRUE,MONTHLY SUBSCRIPTION,2019.0,471575.6632499999,Negative
2024-11-11,DEBIT,29.17,INR,1.0,-2466452.4,Starbucks,Clothing,Women,India,Pune,TRUE,CHARGEBACK REQUESTED,,5542.3,Negative
2025-07-01,DEBIT,22.21,AED,21.7922,-1652827.59,Zomato,Entertainment,Concert,Canada,Gurugram,TRUE,MONTHLY SUBSCRIPTION,,91960.90478000001,Negative
2025-06-12,CREDIT,31.24,INR,1.0,-1288432.43,Reliance,Dining,Cafe,Canada,Gurugram,TRUE,SUSPECTED FRAUD,,5935.599999999999,Negative
2025-09-01,CREDIT,82.1,INR,1.0,-2462814.87,Amazon,Utilities,Electricity,Australia,Hyderabad,TRUE,,,15598.999999999998,Negative
2025-06-17,CREDIT,65.22,INR,1.0,-2623033.49,Amazon,Groceries,Specialty,USA,Mumbai,TRUE,,,12391.8,Negative
2025-08-01,DEBIT,33.37,AED,20.8183,-2465789.52,BigBasket,Groceries,Specialty,UAE,Delhi,TRUE,PROMO APPLIED,,131994.26749,Negative
2024-03-27,CREDIT,11.99,AED,21.6585,-160963.65,Amazon,Electronics,Accessory,India,Noida,TRUE,REPEAT PURCHASE,,49340.22884999999,Negative
2024-07-14,DEBIT,3.05,INR,1.0,-1641954.78,ElectroWorld,Electronics,Accessory,USA,Mumbai,TRUE,,2020.0,579.5,Negative
2025-05-18,DEBIT,7.88,USD,80.2765,-144124.77,Amazon,Electronics,Accessory,USA,Delhi,TRUE,SUSPECTED FRAUD,2019.0,120189.97579999999,Negative
2024-07-15,DEBIT,6.08,USD ,73.7296,-1641954.78,LocalMart,Clothing,Men,USA,Delhi,TRUE,CASHBACK CREDITED,2018.0,85172.43392000001,Negative
2023-10-11,REFUND,15.19,USD,78.7909,-1269689.96,Swiggy,Electronics,Accessory,UK,Mumbai,TRUE,REPEAT PURCHASE,2024.0,227398.41648999997,Negative
2025-01-04,CREDIT,20.49,INR,1.0,-2900960.27,Flipkart,Electronics,Mobile,India,Delhi,TRUE,,,3893.1,Negative
2024-05-20,REFUND,24.64,INR,1.0,-1641954.78,AutoZone,Electronics,Mobile,India,Jaipur,TRUE,SUSPECTED FRAUD,,4681.6,Negative
2023-10-04,REFUND,1622.48,INR,1.0,-1938110.87,Starbucks,Utilities,Electricity,Canada,Hyderabad,TRUE,,,308271.2,Negative
2024-12-10,DEBIT,3.62,INR,1.0,-2119596.36,ShopEasy,Education,Course,India,Kolkata,TRUE,PROMO APPLIED,2021.0,687.8000000000001,Negative
2025-01-16,DEBIT,36.27,INR,1.0,-1641954.78,Starbucks,Utilities,Electricity,Canada,Delhi,TRUE,MONTHLY SUBSCRIPTION,2023.0,6891.3,Negative
2024-12-23,DEBIT,113.9,AED,21.6679,-1641954.78,Zomato,Health,Pharmacy,India,Noida,TRUE,REPEAT PURCHASE,,468915.0239,Negative
2025-03-27,CREDIT,33.37,USD,75.1899,-445277.17,BigBasket,Dining,Restaurant,Canada,Pune,TRUE,,2020.0,476726.52296999993,Negative
2024-03-05,DEBIT,33.37,INR,1.0,-441267.98,Zomato,Automotive,Repair,UAE,Hyderabad,TRUE,REPEAT PURCHASE,2015.0,6340.299999999999,Negative
2025-02-06,CREDIT,66.93,INR,1.0,-1641954.78,Flipkart,Utilities,Water,Canada,Gurugram,TRUE,CHARGEBACK REQUESTED,2024.0,12716.7,Negative
2024-10-12,DEBIT,10.39,AED,21.0204,-2464656.91,ElectroWorld,Health,Clinic,USA,Mumbai,TRUE,,,41496.37164,Negative
2024-02-19,REFUND,70.03,AED,19.5323,-175951.08,Starbucks,Electronics,Accessory,UAE,Chennai,TRUE,,2021.0,259890.92411,Negative
2024-10-28,DEBIT,24.51,INR,1.0,-975287.86,LocalMart,Education,Course,UAE,Jaipur,TRUE,CHARGEBACK REQUESTED,,4656.900000000001,Negative
2025-02-14,REFUND,80.18,GBP,101.7894,-1001178.45,Paytm Mall,Entertainment,Concert,Canada,Pune,TRUE,MONTHLY SUBSCRIPTION,2023.0,1550680.07748,Negative
2025-08-04,CREDIT,30.19,INR,1.0,-160146.2,Paytm Mall,Travel,Flight,USA,Jaipur,TRUE,,,5736.1,Negative
2025-01-09,CREDIT,47.1,INR,1.0,-1641954.78,Paytm Mall,Automotive,Fuel,Australia,Mumbai,TRUE,PROMO APPLIED,,8949.0,Negative
2024-06-28,DEBIT,37.63,AED,20.9309,-434876.4,BigBasket,Health,Pharmacy,Australia,Bengaluru,TRUE,MONTHLY SUBSCRIPTION,,149649.65573000003,Negative
2023-12-30,DEBIT,236.73,USD,77.722,-594809.59,Reliance,Groceries,Specialty,UK,Chennai,TRUE,PROMO APPLIED,2019.0,3495834.5214,Negative
2025-02-14,CREDIT,22.74,USD,79.8079,-1269245.7,Amazon,Education,Course,Australia,Delhi,TRUE,PROMO APPLIED,2026.0,344818.01274,Negative
2024-08-14,CREDIT,79.96,INR,1.0,-1932075.08,Walmart,Electronics,Accessory,UAE,Noida,TRUE,CHARGEBACK REQUESTED,,15192.4,Negative
2024-02-01,DEBIT,33.37,USD,77.2327,-1807094.38,ElectroWorld,Health,Pharmacy,Canada,Noida,TRUE,MANUAL ADJUSTMENT,,489678.48780999996,Negative
2025-05-04,DEBIT,116.61,USD,74.1016,-440784.82,Walmart,Dining,Restaurant,USA,Mumbai,TRUE,REPEAT PURCHASE,,1641787.6394400003,Negative
2023-12-26,REFUND,33.37,AED,18.2219,-2592320.44,Swiggy,Entertainment,Streaming,UK,Hyderabad,TRUE,REPEAT PURCHASE,,115532.31257,Negative
2024-01-07,DEBIT,133.0,AED,21.6122,-159897.33,BigBasket,Clothing,Men,UK,Delhi,TRUE,PROMO APPLIED,,546140.2940000001,Negative
2024-12-15,CREDIT,389.39,GBP,106.1673,-2934812.82,Paytm Mall,Automotive,Repair,India,Chennai,TRUE,MONTHLY SUBSCRIPTION,,7854692.13993,Negative
2025-03-12,DEBIT,104.21,INR,1.0,-1640612.2,Flipkart,Education,Books,Canada,Delhi,TRUE,MANUAL ADJUSTMENT,2015.0,19799.899999999998,Negative
2023-10-04,CREDIT,72.34,USD,79.5544,-1557960.14,AutoZone,Dining,Restaurant,India,Noida,TRUE,MONTHLY SUBSCRIPTION,,1093443.4062400002,Negative
2025-08-18,DEBIT,43.24,INR,1.0,-1713378.31,Zomato,Electronics,Mobile,Australia,Pune,TRUE,CHARGEBACK REQUESTED,,8215.6,Negative
2025-07-13,DEBIT,33.37,GBP,101.286,-1199021.48,Zomato,Groceries,Specialty,USA,Jaipur,TRUE,REPEAT PURCHASE,,642183.6257999999,Negative
2024-02-09,DEBIT,35.69,USD,77.8422,-2680715.39,BigBasket,Dining,FastFood,Australia,Pune,TRUE,CHARGEBACK REQUESTED,,527855.74242,Negative
2025-06-29,DEBIT,33.37,USD,79.4665,-2473243.58,ElectroWorld,Utilities,Internet,UK,Hyderabad,TRUE,CASHBACK CREDITED,2016.0,503841.4499499999,Negative
2025-07-14,DEBIT,39.76,INR ,1.0,-1198797.29,Reliance,Automotive,Repair,UAE,Kolkata,TRUE,MANUAL ADJUSTMENT,,7554.4,Negative
2024-10-14,DEBIT,16.63,INR,1.0,-2901762.63,ElectroWorld,Travel,Hotel,Australia,Gurugram,TRUE,MONTHLY SUBSCRIPTION,,3159.7,Negative
2025-09-05,DEBIT,9.48,AED,20.0667,-1617498.84,Starbucks,Clothing,Men,UK,Mumbai,TRUE,SUSPECTED FRAUD,2024.0,36144.140040000006,Negative
2024-07-09,CREDIT,8.89,USD,76.949,-556679.8,Swiggy,Electronics,Accessory,UK,Delhi,TRUE,MANUAL ADJUSTMENT,2025.0,129974.5559,Negative
2025-05-04,DEBIT,33.37,INR,1.0,-539986.86,Zomato,Electronics,Mobile,UAE,Chennai,TRUE,CASHBACK CREDITED,,6340.299999999999,Negative
2025-01-19,REFUND,20.38,USD,82.4842,-2428046.2,Paytm Mall,Education,Course,UAE,Noida,TRUE,PROMO APPLIED,,319395.31924,Negative
2025-06-25,REFUND,41.85,USD,73.2347,-1617059.21,BigBasket,Electronics,Laptop,India,Delhi,TRUE,CASHBACK CREDITED,,582325.7170500001,Negative
2025-03-02,DEBIT,2.36,AED,21.0472,-2774005.85,Amazon,Education,Books,India,Noida,TRUE,SUSPECTED FRAUD,2023.0,9437.56448,Negative
2023-09-29,CREDIT,99.7,USD,79.414,-1557009.06,Paytm Mall,Utilities,Electricity,UAE,Hyderabad,TRUE,SUSPECTED FRAUD,,1504339.402,Negative
2023-12-31,DEBIT,139.01,INR,1.0,-1641954.78,LocalMart,Education,Course,UAE,Mumbai,TRUE,CASHBACK CREDITED,,26411.899999999998,Negative
2025-03-14,DEBIT,93.59,GBP,90.5148,-1641954.78,Paytm Mall,Travel,Hotel,UK,Kolkata,TRUE,REPEAT PURCHASE,,1609543.22508,Negative
2025-05-02,CREDIT,32.11,AED,18.2091,-1198749.27,Walmart,Clothing,Women,UK,Kolkata,TRUE,PROMO APPLIED,,111091.89819,Negative
2024-10-09,DEBIT,33.37,INR,1.0,-1641954.78,Reliance,Dining,Restaurant,UAE,Kolkata,TRUE,SUSPECTED FRAUD,,6340.299999999999,Negative
2024-01-02,DEBIT,47.57,GBP,96.3131,-1000722.43,Zomato,Groceries,Supermarket,USA,Hyderabad,TRUE,,2020.0,870506.6917300001,Negative
2023-10-25,CREDIT,103.93,INR,1.0,-1131796.11,BigBasket,Health,Pharmacy,Australia,Jaipur,TRUE,MONTHLY SUBSCRIPTION,,19746.7,Negative
2025-07-03,DEBIT,33.37,AED,21.699,-2579966.17,Myntra,Entertainment,Streaming,UAE,Hyderabad,TRUE,REPEAT PURCHASE,2021.0,137578.1697,Negative
2025-07-12,DEBIT,29.05,INR,1.0,-1641954.78,BigBasket,Clothing,Women,Australia,Mumbai,TRUE,MANUAL ADJUSTMENT,,5519.5,Negative
2024-03-01,REFUND,27.94,INR,1.0,-1641954.78,Zomato,Groceries,Supermarket,Australia,Hyderabad,TRUE,SUSPECTED FRAUD,,5308.6,Negative
2025-01-16,CREDIT,25.3,USD,77.4048,-2231882.84,Starbucks,Entertainment,Movies,Australia,Bengaluru,TRUE,MONTHLY SUBSCRIPTION,,372084.8736,Negative
2023-12-04,REFUND,95.36,INR ,1.0,-1641954.78,Reliance,Automotive,Repair,Canada,Bengaluru,TRUE,,,18118.4,Negative
2024-01-22,DEBIT,21.65,INR,1.0,-1214343.53,Swiggy,Travel,Flight,UK,Bengaluru,TRUE,PROMO APPLIED,,4113.5,Negative
2025-05-31,REFUND,12.4,GBP,103.1155,-2727130.69,Flipkart,Utilities,Internet,Australia,Chennai,TRUE,PROMO APPLIED,,242940.11800000002,Negative
2024-04-03,REFUND,75.77,AED,19.5244,-1413006.12,Amazon,Dining,Cafe,Australia,Pune,TRUE,CHARGEBACK REQUESTED,,281079.11971999996,Negative
2025-07-01,CREDIT,4.09,AED,20.1368,-2420180.43,AutoZone,Travel,Flight,India,Gurugram,TRUE,MANUAL ADJUSTMENT,,15648.307279999999,Negative
2023-10-08,DEBIT,133.19,AED,18.1822,-1641954.78,Starbucks,Health,Clinic,USA,Delhi,TRUE,MANUAL ADJUSTMENT,,460120.57142,Negative
2025-07-27,DEBIT,15.12,INR,1.0,-2914180.38,Myntra,Automotive,Repair,USA,Chennai,TRUE,MONTHLY SUBSCRIPTION,,2872.7999999999997,Negative
2025-08-29,CREDIT,68.21,USD,76.2509,-1641877.87,Zomato,Clothing,Women,India,Jaipur,TRUE,PROMO APPLIED,2017.0,988204.0389099999,Negative
2024-02-18,REFUND,22.85,INR,1.0,-596147.75,Swiggy,Electronics,Laptop,UK,Mumbai,TRUE,,,4341.5,Negative
2023-11-02,DEBIT,60.94,AED,18.2053,-1637683.14,Myntra,Entertainment,Movies,Australia,Bengaluru,TRUE,,,210791.88658000002,Negative
2025-07-01,CREDIT,6.92,AED,20.8483,-1641954.78,ShopEasy,Travel,Taxi,UAE,Chennai,TRUE,CASHBACK CREDITED,2021.0,27411.344839999998,Negative
2023-12-14,DEBIT,22.13,INR,1.0,-281791.22,Starbucks,Utilities,Internet,Australia,Noida,TRUE,SUSPECTED FRAUD,,4204.7,Negative
2025-06-22,CREDIT,52.85,GBP,92.2477,-1557742.89,Zomato,Dining,FastFood,Australia,Noida,TRUE,MANUAL ADJUSTMENT,,926305.27955,Negative
2025-05-31,DEBIT,8.55,INR,1.0,-2679448.39,Paytm Mall,Electronics,Mobile,UAE,Noida,TRUE,REPEAT PURCHASE,,1624.5000000000002,Negative
2024-05-05,CREDIT,7.87,USD,74.8876,-258954.27,Zomato,Health,Pharmacy,UK,Noida,TRUE,SUSPECTED FRAUD,2022.0,111979.42828000002,Negative
2024-12-14,CREDIT,5.7,USD,79.7449,-2901950.27,Myntra,Electronics,Accessory,Australia,Noida,TRUE,MONTHLY SUBSCRIPTION,2019.0,86363.7267,Negative
2024-11-24,DEBIT,33.37,GBP,90.7207,-1641954.78,Starbucks,Dining,Cafe,India,Gurugram,TRUE,SUSPECTED FRAUD,2018.0,575196.45421,Negative
2024-11-01,DEBIT,33.37,USD,77.5685,-2579911.16,Myntra,Health,Pharmacy,UAE,Gurugram,TRUE,MANUAL ADJUSTMENT,,491807.56054999994,Negative
2025-01-07,CREDIT,33.37,USD,78.7086,-2913056.01,Paytm Mall,Entertainment,Movies,UAE,Delhi,TRUE,REPEAT PURCHASE,,499036.13658000005,Negative
2024-08-12,CREDIT,33.37,INR,1.0,-279989.89,Flipkart,Entertainment,Concert,India,Delhi,TRUE,SUSPECTED FRAUD,,6340.299999999999,Negative
2025-02-13,DEBIT,17.93,USD,73.1083,-281503.76,ShopEasy,Education,Books,Canada,Chennai,TRUE,REPEAT PURCHASE,,249058.04561,Negative
2024-11-12,REFUND,21.36,USD,75.7896,-974869.98,BigBasket,Groceries,Supermarket,UK,Kolkata,TRUE,CHARGEBACK REQUESTED,,307584.51264,Negative
2025-06-26,REFUND,17.06,INR,1.0,-2117769.75,Starbucks,Automotive,Repair,USA,Pune,TRUE,SUSPECTED FRAUD,,3241.3999999999996,Negative
2025-03-14,DEBIT,35.92,GBP,105.4361,-2466225.49,Walmart,Utilities,Electricity,India,Bengaluru,TRUE,,2025.0,719580.2952800001,Negative
2024-12-04,CREDIT,33.37,GBP,109.3006,-1641954.78,ShopEasy,Entertainment,Concert,India,Mumbai,TRUE,PROMO APPLIED,,692998.5941799999,Negative
2024-09-18,DEBIT,58.39,INR,1.0,-441455.89,Zomato,Clothing,Women,Australia,Noida,TRUE,CHARGEBACK REQUESTED,2020.0,11094.1,Negative
2024-06-09,CREDIT,33.37,INR,1.0,-1556840.96,Starbucks,Clothing,Women,Canada,Hyderabad,TRUE,CHARGEBACK REQUESTED,,6340.299999999999,Negative
2024-03-12,DEBIT,53.05,USD,77.0636,-2678015.04,ShopEasy,Groceries,Supermarket,UK,Mumbai,TRUE,SUSPECTED FRAUD,,776762.5561999999,Negative
2025-01-05,DEBIT,128.17,INR,1.0,-2236740.29,ShopEasy,Travel,Hotel,Australia,Noida,TRUE,PROMO APPLIED,,24352.3,Negative
2023-09-15,DEBIT,41.08,USD,77.1366,-2875002.44,BigBasket,Dining,Restaurant,UAE,Bengaluru,TRUE,CHARGEBACK REQUESTED,2022.0,602066.59032,Negative
2024-10-11,DEBIT,21.72,USD,74.0782,-1603358.39,Swiggy,Education,Books,USA,Hyderabad,TRUE,CASHBACK CREDITED,,305705.91575999995,Negative
2025-06-29,REFUND,156.81,USD,80.8462,-1640246.32,Flipkart,Dining,Restaurant,UAE,Noida,TRUE,,,2408723.5981799997,Negative
2025-03-16,CREDIT,1.11,USD,77.2568,-2466888.85,ElectroWorld,Education,Books,UK,Jaipur,TRUE,PROMO APPLIED,,16293.45912,Negative
2025-04-26,REFUND,388.99,USD,81.6196,-1850142.41,Starbucks,Travel,Flight,Canada,Pune,TRUE,SUSPECTED FRAUD,,6032349.55876,Negative
2024-03-20,DEBIT,12.3,USD,77.1116,-175982.25,Swiggy,Groceries,Supermarket,UK,Jaipur,TRUE,MANUAL ADJUSTMENT,2017.0,180209.8092,Negative
2024-08-05,CREDIT,56.79,INR,1.0,-1641954.78,Paytm Mall,Education,Books,India,Hyderabad,TRUE,CASHBACK CREDITED,2015.0,10790.1,Negative
2025-02-24,DEBIT,27.58,AED,19.2373,-596180.98,AutoZone,Electronics,Laptop,UAE,Jaipur,TRUE,PROMO APPLIED,2015.0,100807.29946000001,Negative
2024-05-17,REFUND,33.37,AED,21.8689,-1675616.75,Myntra,Health,Pharmacy,India,Hyderabad,TRUE,SUSPECTED FRAUD,2017.0,138655.38666999998,Negative
2024-06-29,CREDIT,20.86,INR,1.0,-174504.87,Paytm Mall,Entertainment,Movies,UAE,Jaipur,TRUE,,,3963.4,Negative
2023-11-20,DEBIT,33.37,AED,19.3623,-1198412.99,Zomato,Dining,Cafe,UAE,Mumbai,TRUE,,2017.0,122762.79069000001,Negative
2025-02-23,CREDIT,12.82,USD,75.2067,-1641954.78,BigBasket,Health,Pharmacy,India,Gurugram,TRUE,SUSPECTED FRAUD,,183188.47986,Negative
2025-04-16,CREDIT,69.05,USD,77.3079,-2913943.25,ElectroWorld,Automotive,Fuel,Canada,Pune,TRUE,CHARGEBACK REQUESTED,2017.0,1014240.99405,Negative
2024-04-12,CREDIT,17.79,USD,80.3684,-1641954.78,Paytm Mall,Groceries,Specialty,Australia,Pune,TRUE,PROMO APPLIED,,271653.22884,Negative
2024-04-04,DEBIT,11.3,USD,82.3963,-2464882.16,Starbucks,Dining,Restaurant,Australia,Hyderabad,TRUE,CHARGEBACK REQUESTED,,176904.8561,Negative
2025-08-06,REFUND,33.37,GBP,92.8212,-2922357.48,ShopEasy,Travel,Flight,Australia,Hyderabad,TRUE,,2025.0,588514.25436,Negative
2024-08-06,CREDIT,49.68,USD,73.7882,-1807434.16,LocalMart,Clothing,Men,India,Delhi,TRUE,CASHBACK CREDITED,,696501.57744,Negative
2023-09-25,CREDIT,11.84,USD,76.2675,-1652748.37,ElectroWorld,Education,Course,UAE,Kolkata,TRUE,CHARGEBACK REQUESTED,2017.0,171571.36800000002,Negative
2024-11-10,DEBIT,87.9,USD,76.92,-155571.09,ElectroWorld,Automotive,Repair,UK,Delhi,TRUE,CASHBACK CREDITED,,1284640.9200000002,Negative
2025-05-09,DEBIT,598.25,INR,1.0,-1641741.61,Zomato,Utilities,Water,UK,Hyderabad,TRUE,CASHBACK CREDITED,2022.0,113667.5,Negative
2024-01-18,CREDIT,33.37,INR,1.0,-260480.24,Myntra,Travel,Flight,USA,Noida,TRUE,MANUAL ADJUSTMENT,2019.0,6340.299999999999,Negative
2024-09-21,DEBIT,33.37,INR,1.0,-2235527.41,Flipkart,Clothing,Women,Canada,Gurugram,TRUE,REPEAT PURCHASE,,6340.299999999999,Negative
2024-09-27,DEBIT,33.37,INR,1.0,-1641954.78,Zomato,Travel,Flight,Australia,Hyderabad,TRUE,CASHBACK CREDITED,,6340.299999999999,Negative
2024-09-19,REFUND,18.08,USD,75.1419,-1270960.92,Amazon,Clothing,Women,USA,Bengaluru,TRUE,REPEAT PURCHASE,,258127.45488,Negative
2023-12-10,CREDIT,33.37,INR,1.0,-2652707.56,ElectroWorld,Clothing,Women,India,Hyderabad,TRUE,REPEAT PURCHASE,,6340.299999999999,Negative
2025-03-23,DEBIT,219.85,INR,1.0,-529658.88,Zomato,Health,Pharmacy,Australia,Mumbai,TRUE,PROMO APPLIED,2024.0,41771.5,Negative
2025-08-02,DEBIT,13.1,USD,72.2189,-1641954.78,Starbucks,Groceries,Supermarket,Canada,Kolkata,TRUE,CHARGEBACK REQUESTED,2022.0,179752.8421,Negative
2024-12-13,CREDIT,33.37,USD,80.2903,-1008768.13,Paytm Mall,Health,Pharmacy,UAE,Bengaluru,TRUE,SUSPECTED FRAUD,,509064.58909,Negative
2025-08-22,REFUND,85.56,INR,1.0,-145900.41,ElectroWorld,Clothing,Men,USA,Pune,TRUE,MANUAL ADJUSTMENT,,16256.4,Negative
2024-11-01,DEBIT,314.63,INR,1.0,-189639.79,Flipkart,Health,Clinic,UAE,Jaipur,TRUE,REPEAT PURCHASE,,59779.7,Negative
2024-12-17,REFUND,5.34,INR,1.0,-2922414.92,Amazon,Travel,Flight,USA,Bengaluru,TRUE,,,1014.6,Negative
2024-03-29,CREDIT,58.16,INR,1.0,-1561498.56,ShopEasy,Groceries,Supermarket,USA,Delhi,TRUE,REPEAT PURCHASE,2025.0,11050.4,Negative
2024-11-26,DEBIT,119.63,AED,19.742,-1641954.78,ElectroWorld,Groceries,Supermarket,India,Pune,TRUE,MANUAL ADJUSTMENT,,448729.7374,Negative
2024-05-10,REFUND,22.1,USD,81.7632,-1641954.78,ElectroWorld,Automotive,Fuel,UK,Delhi,TRUE,,,343323.6768,Negative
2024-11-25,DEBIT,56.67,AED,20.4609,-1641954.78,Flipkart,Entertainment,Concert,Canada,Gurugram,TRUE,CHARGEBACK REQUESTED,,220308.64857000002,Negative
2024-02-22,CREDIT,14.3,GBP,97.4494,-2481819.39,Paytm Mall,Automotive,Repair,Australia,Pune,TRUE,CHARGEBACK REQUESTED,,264770.0198,Negative
2024-07-07,DEBIT,31.23,USD,81.6024,-2623604.3,Walmart,Groceries,Supermarket,Australia,Jaipur,TRUE,CASHBACK CREDITED,,484204.16088000004,Negative
2024-07-07,REFUND,114.02,INR,1.0,-554448.64,Starbucks,Entertainment,Concert,UK,Mumbai,TRUE,SUSPECTED FRAUD,,21663.8,Negative
2024-04-29,DEBIT,9.65,USD,79.5867,-1641954.78,Swiggy,Automotive,Fuel,UK,Kolkata,TRUE,,,145922.21445,Negative
2024-09-23,DEBIT,33.37,INR,1.0,-1639526.01,Swiggy,Utilities,Water,UAE,Hyderabad,TRUE,CHARGEBACK REQUESTED,2025.0,6340.299999999999,Negative
2024-09-21,DEBIT,33.37,INRR,1.0,-2825016.07,Swiggy,Health,Pharmacy,India,Pune,TRUE,MONTHLY SUBSCRIPTION,,6340.299999999999,Negative
2025-04-28,DEBIT,33.37,INR,1.0,-1641954.78,Amazon,Dining,FastFood,UK,Bengaluru,TRUE,MONTHLY SUBSCRIPTION,,6340.299999999999,Negative
2025-04-29,DEBIT,106.52,USD,76.4696,-1641954.78,ElectroWorld,Entertainment,Streaming,UK,Noida,TRUE,CHARGEBACK REQUESTED,2023.0,1547652.94048,Negative
2025-03-05,REFUND,47.89,GBP,98.1604,-976114.24,LocalMart,Entertainment,Concert,UK,Kolkata,TRUE,CHARGEBACK REQUESTED,,893171.2956399999,Negative
2024-07-03,REFUND,124.54,INR,1.0,-1641954.78,Amazon,Health,Pharmacy,USA,Noida,TRUE,PROMO APPLIED,,23662.600000000002,Negative
2024-02-21,DEBIT,220.03,INR,1.0,-1641954.78,ShopEasy,Education,Course,India,Noida,TRUE,MANUAL ADJUSTMENT,,41805.7,Negative
2024-12-30,REFUND,33.37,INR,1.0,-1641954.78,Amazon,Utilities,Water,Australia,Hyderabad,TRUE,MANUAL ADJUSTMENT,,6340.299999999999,Negative
2025-05-14,DEBIT,101.36,USD,76.3835,-1641299.41,Reliance,Automotive,Fuel,USA,Delhi,TRUE,MONTHLY SUBSCRIPTION,,1471023.9964,Negative
2024-07-21,CREDIT,11.78,GBP,103.7385,-1559984.54,LocalMart,Electronics,Laptop,USA,Chennai,TRUE,MONTHLY SUBSCRIPTION,,232187.5107,Negative
2024-02-17,CREDIT,29.3,INR,1.0,-2682230.05,BigBasket,Groceries,Specialty,India,Gurugram,TRUE,REPEAT PURCHASE,,5567.0,Negative
2024-06-26,DEBIT,17.57,AED,19.5516,-2118701.91,Swiggy,Automotive,Fuel,Canada,Kolkata,TRUE,MANUAL ADJUSTMENT,,65269.10628,Negative
2023-09-23,DEBIT,167.51,GBP,107.0367,-2580066.02,LocalMart,Education,Books,Canada,Chennai,TRUE,REPEAT PURCHASE,,3406646.3472299995,Negative
2024-09-18,DEBIT,33.37,USD,79.2092,-975877.48,Zomato,Dining,Restaurant,India,Kolkata,TRUE,MANUAL ADJUSTMENT,,502210.09075999993,Negative
2024-03-22,REFUND,7.65,GBP,103.347,-143598.01,ElectroWorld,Automotive,Repair,India,Pune,TRUE,MANUAL ADJUSTMENT,,150214.8645,Negative
2023-11-14,DEBIT,33.37,USD,73.4004,-281679.78,ShopEasy,Electronics,Mobile,Canada,Gurugram,TRUE,,,465380.55612,Negative
2024-07-26,DEBIT,49.3,INR,1.0,-2900785.22,Starbucks,Dining,FastFood,Canada,Pune,TRUE,REPEAT PURCHASE,,9367.0,Negative
2024-10-15,DEBIT,123.44,INR,1.0,-1558964.27,ElectroWorld,Utilities,Water,India,Hyderabad,TRUE,REPEAT PURCHASE,,23453.6,Negative
2024-01-22,DEBIT,33.37,USD,72.7643,-2922579.24,Starbucks,Entertainment,Concert,UAE,Noida,TRUE,SUSPECTED FRAUD,2021.0,461347.49129,Negative
2025-09-08,DEBIT,17.33,USD,79.297,-441468.07,Flipkart,Travel,Hotel,UAE,Kolkata,TRUE,REPEAT PURCHASE,,261101.23189999998,Negative
2024-09-28,REFUND,31.79,INR,1.0,-2462957.96,Starbucks,Entertainment,Concert,India,Kolkata,TRUE,,,6040.099999999999,Negative
2025-08-15,DEBIT,24.75,INR,1.0,-1809247.04,Amazon,Travel,Hotel,UK,Pune,TRUE,SUSPECTED FRAUD,,4702.5,Negative
2025-07-16,REFUND,5.44,INR,1.0,-1130622.12,Walmart,Electronics,Laptop,UK,Pune,TRUE,CHARGEBACK REQUESTED,,1033.6000000000001,Negative
2025-06-05,DEBIT,26.81,GBP,107.0726,-1130326.19,ElectroWorld,Groceries,Supermarket,USA,Delhi,TRUE,CASHBACK CREDITED,,545417.11714,Negative
2025-03-05,CREDIT,46.99,INR,1.0,-1641954.78,Walmart,Utilities,Electricity,Australia,Gurugram,TRUE,MONTHLY SUBSCRIPTION,,8928.1,Negative
2024-12-31,CREDIT,60.63,USD,73.8572,-1641954.78,Swiggy,Clothing,Women,India,Mumbai,TRUE,PROMO APPLIED,2021.0,850812.7868400002,Negative
2024-01-14,DEBIT,41.16,USD,72.589,-1641954.78,LocalMart,Groceries,Specialty,India,Chennai,TRUE,SUSPECTED FRAUD,2023.0,567675.0155999999,Negative
2024-12-23,CREDIT,66.41,INR,1.0,-1675986.96,Amazon,Automotive,Repair,India,Bengaluru,TRUE,PROMO APPLIED,,12617.9,Negative
2024-08-20,DEBIT,12.62,USD,73.2978,-1641954.78,BigBasket,Dining,Cafe,Canada,Pune,TRUE,CHARGEBACK REQUESTED,,175753.46483999997,Negative
2024-10-03,CREDIT,6.45,USD,77.2322,-1221918.43,Reliance,Utilities,Electricity,Australia,Kolkata,TRUE,MONTHLY SUBSCRIPTION,,94648.0611,Negative
2025-09-02,DEBIT,63.58,GBP,108.8193,-1641954.78,Zomato,Education,Books,UK,Pune,TRUE,CHARGEBACK REQUESTED,,1314558.90786,Negative
2024-02-12,CREDIT,33.37,USD,72.3504,-2117645.33,ElectroWorld,Health,Clinic,Canada,Noida,TRUE,REPEAT PURCHASE,,458723.2411199999,Negative
2024-05-01,CREDIT,55.8,AED,19.4156,-1641954.78,Starbucks,Automotive,Fuel,India,Delhi,TRUE,CHARGEBACK REQUESTED,,205844.1912,Negative
2023-10-27,DEBIT,45.56,USD,74.9541,-1269382.31,Paytm Mall,Electronics,Accessory,UAE,Mumbai,TRUE,CASHBACK CREDITED,,648832.67124,Negative
2025-03-08,CREDIT,6.97,INR,1.0,-1984891.3,LocalMart,Utilities,Internet,UK,Jaipur,TRUE,CASHBACK CREDITED,2017.0,1324.3,Negative
2025-01-20,DEBIT,33.37,INR,1.0,-1641954.78,Amazon,Automotive,Fuel,UAE,Bengaluru,TRUE,CHARGEBACK REQUESTED,2025.0,6340.299999999999,Negative
2024-10-09,DEBIT,33.37,USD ,74.7273,-595144.17,Amazon,Education,Course,Australia,Delhi,TRUE,PROMO APPLIED,2025.0,473793.50019,Negative
2025-07-06,CREDIT,33.4,INR,1.0,-1284068.21,Walmart,Clothing,Women,USA,Hyderabad,TRUE,MONTHLY SUBSCRIPTION,,6346.0,Negative
2025-05-09,CREDIT,33.37,INR,1.0,-2592433.12,BigBasket,Entertainment,Movies,UK,Hyderabad,TRUE,MANUAL ADJUSTMENT,,6340.299999999999,Negative
2024-07-09,DEBIT,62.8,INR,1.0,-1936695.25,AutoZone,Education,Books,Australia,Hyderabad,TRUE,CASHBACK CREDITED,,11932.0,Negative
2024-08-25,REFUND,4.04,AED,18.486,-1641954.78,Zomato,Electronics,Accessory,Canada,Noida,TRUE,PROMO APPLIED,,14189.8536,Negative
2024-12-30,CREDIT,8.81,GBP,92.6068,-564918.65,Starbucks,Automotive,Repair,India,Jaipur,TRUE,,,155014.52252000003,Negative
2025-02-20,CREDIT,43.15,INR,1.0,-2869131.28,Paytm Mall,Health,Clinic,Australia,Mumbai,TRUE,SUSPECTED FRAUD,2021.0,8198.5,Negative
2024-12-13,REFUND,17.87,GBP,95.2133,-258834.79,Swiggy,Education,Course,Australia,Gurugram,TRUE,CASHBACK CREDITED,,323277.71749000007,Negative
2025-08-26,CREDIT,61.35,GBP,96.0528,-1641954.78,Reliance,Clothing,Men,Australia,Chennai,TRUE,,,1119639.4632,Negative
2023-12-07,DEBIT,138.28,USD,75.2152,-2727124.49,Reliance,Automotive,Repair,India,Pune,TRUE,PROMO APPLIED,,1976143.99264,Negative
2023-12-29,CREDIT,33.37,GBP,100.2806,-1714133.44,Myntra,Clothing,Men,UAE,Pune,TRUE,,2024.0,635809.08818,Negative
2025-05-24,CREDIT,13.43,USD,73.3678,-1130702.64,AutoZone,Travel,Flight,Canada,Noida,TRUE,MONTHLY SUBSCRIPTION,,187212.61526,Negative
2025-08-27,CREDIT,55.18,USD,80.1642,-1641954.78,Starbucks,Electronics,Laptop,India,Pune,TRUE,PROMO APPLIED,,840457.50564,Negative
2025-05-27,REFUND,33.37,INR,1.0,-2254583.39,Flipkart,Entertainment,Movies,Canada,Noida,TRUE,PROMO APPLIED,2026.0,6340.299999999999,Negative
2024-03-12,DEBIT,29.82,INR ,1.0,-1641954.78,Walmart,Education,Books,UK,Hyderabad,TRUE,MONTHLY SUBSCRIPTION,,5665.8,Negative
2024-09-21,DEBIT,20.5,USD,76.675,-986097.21,Walmart,Groceries,Specialty,USA,Jaipur,TRUE,CASHBACK CREDITED,,298649.125,Negative
2025-02-09,CREDIT,5.83,USD,79.3635,-529957.33,BigBasket,Travel,Flight,UK,Kolkata,TRUE,CHARGEBACK REQUESTED,2019.0,87910.94895,Negative
2025-08-26,REFUND,152.45,AED,18.7618,-1641937.41,ShopEasy,Groceries,Specialty,India,Hyderabad,TRUE,,,543444.9179,Negative
2024-03-07,DEBIT,18.14,INR,1.0,-144866.02,Swiggy,Health,Clinic,India,Jaipur,TRUE,MONTHLY SUBSCRIPTION,2020.0,3446.6,Negative
2025-09-03,DEBIT,354.86,GBP,99.9215,-1270347.94,Myntra,Groceries,Supermarket,Australia,Hyderabad,TRUE,SUSPECTED FRAUD,,6737047.2631,Negative
2024-03-21,DEBIT,44.18,AED,18.2647,-2592893.05,ElectroWorld,Groceries,Supermarket,UAE,Gurugram,TRUE,CHARGEBACK REQUESTED,2016.0,153317.54474,Negative
2025-04-15,DEBIT,33.37,INR,1.0,-2419313.5,AutoZone,Travel,Flight,Canada,Jaipur,TRUE,PROMO APPLIED,,6340.299999999999,Negative
2025-08-04,CREDIT,93.97,AED,20.0409,-1640550.51,Swiggy,Utilities,Electricity,UK,Kolkata,TRUE,PROMO APPLIED,,357816.24087,Negative
2025-04-28,REFUND,4.77,GBP,95.2527,-1001309.42,Starbucks,Utilities,Water,Australia,Gurugram,TRUE,CASHBACK CREDITED,,86327.52201,Negative
2025-02-17,DEBIT,37.29,INR,1.0,-2901900.57,Starbucks,Utilities,Electricity,USA,Bengaluru,TRUE,,,7085.099999999999,Negative
2024-12-05,CREDIT,58.12,INR,1.0,-1641954.78,Reliance,Utilities,Water,Australia,Kolkata,TRUE,PROMO APPLIED,,11042.8,Negative
2024-10-08,DEBIT,102.1,USD,82.5906,-447318.99,LocalMart,Electronics,Mobile,Australia,Mumbai,TRUE,CASHBACK CREDITED,,1602175.0494,Negative
2023-10-17,CREDIT,55.2,USD,74.3323,-1849434.11,Zomato,Travel,Hotel,UAE,Hyderabad,TRUE,,2016.0,779597.1624,Negative
2025-09-07,DEBIT,26.25,USD,79.3784,-1641954.78,Myntra,Clothing,Men,Canada,Pune,TRUE,CASHBACK CREDITED,,395899.77,Negative
2025-04-04,REFUND,33.37,AED,20.956,-1640764.53,Reliance,Travel,Flight,Canada,Delhi,TRUE,CHARGEBACK REQUESTED,2023.0,132867.32679999998,Negative
2025-02-24,CREDIT,55.18,INR,1.0,-1713356.69,Reliance,Groceries,Supermarket,UK,Hyderabad,TRUE,MONTHLY SUBSCRIPTION,,10484.2,Negative
2024-05-05,DEBIT,33.24,AED,21.217,-973841.91,Reliance,Entertainment,Streaming,UK,Gurugram,TRUE,CASHBACK CREDITED,2021.0,133998.0852,Negative
2023-10-11,REFUND,56.28,USD,73.0437,-1131557.37,Walmart,Utilities,Internet,USA,Bengaluru,TRUE,PROMO APPLIED,,781070.89284,Negative
2025-08-20,DEBIT,6.2,INR,1.0,-2119103.96,Swiggy,Utilities,Electricity,USA,Noida,TRUE,CASHBACK CREDITED,,1178.0,Negative
2024-11-18,CREDIT,26.81,AED,21.0767,-2873807.66,Paytm Mall,Travel,Taxi,Canada,Mumbai,TRUE,,,107362.60212999998,Negative
2024-07-29,REFUND,55.97,USD,73.9319,-1713308.42,Starbucks,Utilities,Water,UAE,Bengaluru,TRUE,REPEAT PURCHASE,2022.0,786214.00417,Negative
2024-11-22,REFUND,253.17,USD,80.057,-1130521.51,Walmart,Education,Books,Canada,Gurugram,TRUE,MANUAL ADJUSTMENT,,3850925.8311,Negative
2024-02-27,DEBIT,23.7,AED,18.3131,-1625197.7,ShopEasy,Education,Course,Australia,Noida,TRUE,CASHBACK CREDITED,,82463.88929999998,Negative
2024-09-08,DEBIT,17.34,USD,72.7518,-2466775.51,BigBasket,Electronics,Laptop,Australia,Kolkata,TRUE,CHARGEBACK REQUESTED,2023.0,239688.08028,Negative
2025-01-07,DEBIT,3.09,USD,74.5116,-2775573.71,Swiggy,Clothing,Women,UK,Gurugram,TRUE,MANUAL ADJUSTMENT,,43745.76035999999,Negative
2024-09-29,REFUND,33.37,USD,76.4237,-1637542.49,Zomato,Electronics,Mobile,India,Pune,TRUE,MANUAL ADJUSTMENT,,484549.18510999996,Negative
2024-06-20,REFUND,33.37,USD,79.1164,-1641954.78,AutoZone,Groceries,Supermarket,India,Delhi,TRUE,PROMO APPLIED,2023.0,501621.71092,Negative
2025-06-17,DEBIT,260.56,INR,1.0,-2464876.51,AutoZone,Health,Clinic,UAE,Gurugram,TRUE,MANUAL ADJUSTMENT,,49506.4,Negative
2024-09-06,DEBIT,92.14,USD,72.5933,-1076099.33,Zomato,Entertainment,Streaming,Australia,Hyderabad,TRUE,MONTHLY SUBSCRIPTION,2022.0,1270861.8657799999,Negative
2023-12-04,DEBIT,80.8,INR,1.0,-1641954.78,Paytm Mall,Electronics,Laptop,Australia,Kolkata,TRUE,,,15352.0,Negative
2025-04-09,CREDIT,13.7,INR,1.0,-2235965.98,Amazon,Clothing,Men,Canada,Delhi,TRUE,CASHBACK CREDITED,,2603.0,Negative
2025-01-21,REFUND,246.34,USD,80.1404,-2922358.44,Amazon,Groceries,Specialty,UK,Hyderabad,TRUE,MANUAL ADJUSTMENT,,3750939.3658399996,Negative
2024-05-19,DEBIT,138.56,INR,1.0,-1641954.78,Starbucks,Education,Course,UAE,Pune,TRUE,REPEAT PURCHASE,,26326.4,Negative
2024-02-06,REFUND,72.37,USD,82.4402,-1559508.72,Paytm Mall,Groceries,Specialty,Canada,Mumbai,TRUE,,,1133577.4820600003,Negative
2023-12-19,DEBIT,8.77,INR,1.0,-2119076.37,Amazon,Entertainment,Concert,UK,Pune,TRUE,REPEAT PURCHASE,2021.0,1666.3,Negative
2024-03-13,CREDIT,5.25,USD,82.8463,-1713230.89,Reliance,Entertainment,Movies,Australia,Jaipur,TRUE,SUSPECTED FRAUD,2021.0,82639.18425,Negative
2024-10-16,REFUND,15.41,INR,1.0,-2464165.05,Flipkart,Groceries,Supermarket,USA,Noida,TRUE,CHARGEBACK REQUESTED,2024.0,2927.9,Negative
2024-12-21,DEBIT,319.3,INR,1.0,-2902539.33,ElectroWorld,Automotive,Repair,UK,Jaipur,TRUE,CASHBACK CREDITED,2015.0,60667.0,Negative
2025-09-06,DEBIT,71.17,INR,1.0,-2866274.61,BigBasket,Travel,Flight,UK,Noida,TRUE,CHARGEBACK REQUESTED,,13522.300000000001,Negative
2025-04-14,DEBIT,158.63,USD,81.424,-1641954.78,Amazon,Travel,Flight,India,Gurugram,TRUE,REPEAT PURCHASE,,2454094.9328,Negative
2024-10-12,DEBIT,33.37,INR,1.0,-1008339.21,ShopEasy,Dining,FastFood,Canada,Gurugram,TRUE,REPEAT PURCHASE,2017.0,6340.299999999999,Negative
2025-03-28,CREDIT,3.34,INR,1.0,-1641536.61,Amazon,Groceries,Specialty,Canada,Hyderabad,TRUE,SUSPECTED FRAUD,2016.0,634.6,Negative
2025-04-19,REFUND,50.44,GBP,92.5309,-1078346.02,Paytm Mall,Automotive,Repair,UAE,Hyderabad,TRUE,CHARGEBACK REQUESTED,,886779.1332399999,Negative
2023-12-27,CREDIT,33.37,INR,1.0,-1637631.23,Amazon,Electronics,Accessory,Canada,Delhi,TRUE,MONTHLY SUBSCRIPTION,2021.0,6340.299999999999,Negative
2024-02-20,DEBIT,103.9,GBP,100.0614,-1641954.78,ShopEasy,Electronics,Laptop,UK,Chennai,TRUE,SUSPECTED FRAUD,,1975312.0974000003,Negative
2024-06-01,REFUND,33.37,USD,81.9211,-1641954.78,ShopEasy,Utilities,Electricity,India,Delhi,TRUE,CASHBACK CREDITED,,519404.3503299999,Negative
2025-04-07,REFUND,31.75,INR,1.0,-446368.24,Myntra,Travel,Flight,UAE,Noida,TRUE,MONTHLY SUBSCRIPTION,,6032.5,Negative
2025-08-03,DEBIT,10.78,USD,81.5563,-2463605.84,Flipkart,Utilities,Electricity,Australia,Jaipur,TRUE,,2019.0,167043.61365999997,Negative
2025-06-15,REFUND,84.4,INR,1.0,-1162348.98,Reliance,Groceries,Specialty,India,Mumbai,TRUE,PROMO APPLIED,,16036.000000000002,Negative
2024-12-11,CREDIT,58.45,USD,79.7554,-2514386.67,Swiggy,Education,Books,UK,Mumbai,TRUE,CASHBACK CREDITED,2018.0,885723.5947,Negative
2024-12-14,CREDIT,33.37,INR,1.0,-2913230.17,LocalMart,Groceries,Supermarket,Australia,Delhi,TRUE,CHARGEBACK REQUESTED,,6340.299999999999,Negative
2025-02-01,CREDIT,316.85,GBP,90.8196,-281299.56,LocalMart,Dining,FastFood,UK,Noida,TRUE,CASHBACK CREDITED,,5467476.1493999995,Negative
2024-11-02,CREDIT,33.37,USD,81.913,9394.95,Starbucks,Health,Clinic,Australia,Delhi,TRUE,SUSPECTED FRAUD,,519352.99389999994,Positive
2024-10-08,CREDIT,48.96,USD,79.385,-1077142.89,Starbucks,Dining,Restaurant,UAE,Kolkata,TRUE,CHARGEBACK REQUESTED,,738471.024,Negative
2024-10-20,DEBIT,33.37,INR,1.0,-2592391.8,Myntra,Utilities,Water,UAE,Kolkata,TRUE,REPEAT PURCHASE,,6340.299999999999,Negative
2024-07-05,DEBIT,41.31,GBP,96.2895,-2913120.99,Starbucks,Health,Clinic,Canada,Hyderabad,TRUE,CHARGEBACK REQUESTED,,755766.6565500001,Negative
2024-10-27,CREDIT,33.37,USD,82.3168,-1713960.87,Flipkart,Travel,Flight,India,Delhi,TRUE,CHARGEBACK REQUESTED,,521913.20703999995,Negative
2025-03-06,CREDIT,31.89,AED,18.6412,-1641954.78,LocalMart,Clothing,Women,UK,Delhi,TRUE,MANUAL ADJUSTMENT,,112948.89492,Negative
2023-09-12,DEBIT,143.85,INR,1.0,-1641954.78,Zomato,Education,Course,USA,Kolkata,TRUE,CHARGEBACK REQUESTED,,27331.5,Negative
2024-09-21,DEBIT,28.24,GBP,109.8403,-1105422.5,Myntra,Utilities,Internet,USA,Jaipur,TRUE,SUSPECTED FRAUD,,589359.11368,Negative
2024-09-20,CREDIT,33.37,INR,1.0,-1937185.42,Flipkart,Groceries,Supermarket,Australia,Jaipur,TRUE,MONTHLY SUBSCRIPTION,,6340.299999999999,Negative
2024-11-29,DEBIT,70.85,USD,73.5577,-593918.81,Walmart,Groceries,Supermarket,Australia,Pune,TRUE,SUSPECTED FRAUD,,990196.9785499998,Negative
2025-07-13,DEBIT,6.71,USD,82.2591,-1641954.78,Myntra,Clothing,Men,Canada,Jaipur,TRUE,CASHBACK CREDITED,2023.0,104872.12659,Negative
2025-07-25,DEBIT,55.43,GBP,95.2079,-2119930.63,LocalMart,Entertainment,Streaming,UAE,Noida,TRUE,CHARGEBACK REQUESTED,2025.0,1002701.0404299999,Negative
2024-11-22,DEBIT,33.37,INR,1.0,-634910.98,AutoZone,Travel,Hotel,UK,Chennai,TRUE,,,6340.299999999999,Negative
2024-06-14,REFUND,25.47,AED,21.3526,-1641954.78,Zomato,Entertainment,Streaming,UAE,Hyderabad,TRUE,REPEAT PURCHASE,,103331.63717999998,Negative
2023-10-27,DEBIT,5.15,USD,78.096,-155345.73,Swiggy,Electronics,Mobile,UAE,Hyderabad,TRUE,,,76416.936,Negative
2023-10-09,REFUND,43.07,USD,79.3929,-2904005.07,Amazon,Dining,Restaurant,Canada,Jaipur,TRUE,,,649695.91857,Negative
2024-08-15,REFUND,33.37,INR,1.0,-2231817.1,Myntra,Clothing,Men,UAE,Kolkata,TRUE,SUSPECTED FRAUD,2019.0,6340.299999999999,Negative
2025-06-05,DEBIT,33.37,GBP,93.2079,-2922046.96,Flipkart,Dining,Restaurant,Australia,Jaipur,TRUE,,,590966.04837,Negative
2024-08-28,CREDIT,2.71,USD,72.795,-1626914.46,Reliance,Automotive,Repair,UK,Bengaluru,TRUE,REPEAT PURCHASE,,37482.1455,Negative
2025-01-22,DEBIT,13.59,USD,82.501,-1604368.34,BigBasket,Health,Pharmacy,Canada,Bengaluru,TRUE,MONTHLY SUBSCRIPTION,2015.0,213025.8321,Negative
2024-02-06,DEBIT,248.24,AED,18.9309,-2231948.38,Myntra,Health,Pharmacy,India,Delhi,TRUE,SUSPECTED FRAUD,2017.0,892887.25704,Negative
2025-01-11,CREDIT,195.13,INR,1.0,-2652902.35,ElectroWorld,Dining,Cafe,India,Mumbai,TRUE,PROMO APPLIED,,37074.7,Negative
2025-08-08,CREDIT,18.1,INRR,1.0,-2679423.69,Starbucks,Clothing,Men,Canada,Mumbai,TRUE,CHARGEBACK REQUESTED,,3439.0000000000005,Negative
2025-06-29,REFUND,33.37,USD,80.9077,-1641954.78,Walmart,Groceries,Supermarket,USA,Hyderabad,TRUE,REPEAT PURCHASE,,512979.09031,Negative
2025-04-26,CREDIT,33.37,GBP,99.6255,-2933731.3,Zomato,Travel,Taxi,Australia,Noida,TRUE,CASHBACK CREDITED,2023.0,631655.55765,Negative
2024-11-21,CREDIT,51.42,USD,82.361,-2901977.96,Walmart,Dining,FastFood,UK,Gurugram,TRUE,CHARGEBACK REQUESTED,,804650.4978,Negative
2025-05-28,DEBIT,10.51,USD,76.3225,-1269132.24,Paytm Mall,Health,Pharmacy,UAE,Pune,TRUE,CASHBACK CREDITED,,152408.40025,Negative
2024-09-18,DEBIT,9.99,INR,1.0,-2936190.29,AutoZone,Electronics,Mobile,UAE,Bengaluru,TRUE,REPEAT PURCHASE,,1898.1000000000001,Negative
2025-05-27,CREDIT,33.37,USD,77.6124,-2825103.73,AutoZone,Groceries,Supermarket,UAE,Gurugram,TRUE,REPEAT PURCHASE,,492085.8997199999,Negative
2024-11-13,DEBIT,33.37,INR,1.0,-189431.03,LocalMart,Electronics,Mobile,Australia,Kolkata,TRUE,MONTHLY SUBSCRIPTION,,6340.299999999999,Negative
2024-11-26,DEBIT,24.86,INR,1.0,-276117.37,Flipkart,Travel,Hotel,UK,Chennai,TRUE,CHARGEBACK REQUESTED,2016.0,4723.4,Negative
2025-08-29,DEBIT,103.85,USD,79.7783,-2867082.3,Myntra,Clothing,Men,UAE,Pune,TRUE,MANUAL ADJUSTMENT,,1574145.52645,Negative
2024-07-04,DEBIT,55.48,INR,1.0,-554391.63,LocalMart,Clothing,Women,Canada,Kolkata,TRUE,MONTHLY SUBSCRIPTION,,10541.199999999999,Negative
2025-02-23,DEBIT,26.53,INR,1.0,-440717.67,Zomato,Clothing,Women,Canada,Bengaluru,TRUE,CHARGEBACK REQUESTED,,5040.7,Negative
2023-12-16,CREDIT,33.37,AED,21.1823,-2774925.17,Paytm Mall,Electronics,Mobile,Canada,Pune,TRUE,REPEAT PURCHASE,2020.0,134302.13668999998,Negative
2023-12-03,CREDIT,208.27,INR,1.0,-1603576.81,Amazon,Entertainment,Concert,UK,Noida,TRUE,MANUAL ADJUSTMENT,,39571.3,Negative
2023-09-24,DEBIT,39.58,INR,1.0,-1641954.78,Myntra,Utilities,Internet,Canada,Hyderabad,TRUE,MANUAL ADJUSTMENT,,7520.2,Negative
2025-05-19,REFUND,33.37,GBP,98.6739,-1641954.78,ElectroWorld,Utilities,Internet,India,Hyderabad,TRUE,MANUAL ADJUSTMENT,,625622.12817,Negative
2025-02-04,CREDIT,33.37,USD,80.7358,-2514993.5,LocalMart,Health,Clinic,India,Mumbai,TRUE,CASHBACK CREDITED,,511889.19273999997,Negative
2024-02-13,DEBIT,29.6,INR,1.0,-1641954.78,Paytm Mall,Education,Books,UAE,Delhi,TRUE,REPEAT PURCHASE,,5624.0,Negative
2024-06-22,CREDIT,113.17,GBP,94.5556,-987211.07,Amazon,Electronics,Laptop,UAE,Pune,TRUE,,2023.0,2033162.87788,Negative
2025-01-01,REFUND,16.58,INR,1.0,-974148.1,Walmart,Clothing,Women,UK,Hyderabad,TRUE,,,3150.2,Negative
2025-05-29,CREDIT,57.07,USD,78.2311,-2678043.58,Flipkart,Travel,Taxi,Australia,Hyderabad,TRUE,CHARGEBACK REQUESTED,,848283.28663,Negative
2025-04-07,CREDIT,68.68,GBP,100.9604,-529731.13,Reliance,Travel,Hotel,UK,Kolkata,TRUE,,,1317452.4516800002,Negative
2025-08-03,DEBIT,8.04,INR,1.0,-2238433.47,ElectroWorld,Groceries,Specialty,UAE,Pune,TRUE,PROMO APPLIED,2015.0,1527.6,Negative
2024-05-15,DEBIT,33.37,INR,1.0,-2901925.42,Swiggy,Automotive,Fuel,USA,Mumbai,TRUE,CHARGEBACK REQUESTED,,6340.299999999999,Negative
2024-05-29,DEBIT,16.6,GBP,91.2707,-445888.12,BigBasket,Utilities,Water,UK,Noida,TRUE,SUSPECTED FRAUD,,287867.7878,Negative
2024-10-30,CREDIT,77.42,INR,1.0,-446621.7,Starbucks,Entertainment,Concert,Canada,Pune,TRUE,REPEAT PURCHASE,2023.0,14709.800000000001,Negative
2024-11-06,REFUND,29.66,INR,1.0,-1641954.78,Amazon,Travel,Taxi,Canada,Gurugram,TRUE,SUSPECTED FRAUD,2016.0,5635.4,Negative
2025-08-12,DEBIT,10.97,GBP,93.6244,-595507.0,Swiggy,Education,Course,UK,Delhi,TRUE,CASHBACK CREDITED,,195141.33692000003,Negative
2025-04-09,DEBIT,10.5,AED,20.7599,-1641954.78,Walmart,Entertainment,Concert,USA,Delhi,TRUE,CASHBACK CREDITED,,41416.000499999995,Negative
2024-05-29,DEBIT,28.8,INR,1.0,-1640318.06,ShopEasy,Travel,Hotel,USA,Gurugram,TRUE,CASHBACK CREDITED,2025.0,5472.0,Negative
2023-10-22,DEBIT,33.37,GBP,105.0975,-1197837.78,Myntra,Groceries,Supermarket,UK,Jaipur,TRUE,PROMO APPLIED,,666349.6792499999,Negative
2023-12-29,CREDIT,33.37,USD,80.179,-1641954.78,Myntra,Travel,Flight,USA,Delhi,TRUE,"PROMO APPLIED -- VERIFY
CONTACT SUPPORT",,508358.9137,Negative
2024-09-24,DEBIT,6.95,INRR,1.0,-2679670.4,Amazon,Clothing,Men,UK,Chennai,TRUE,MONTHLY SUBSCRIPTION,2016.0,1320.5,Negative
2024-09-11,CREDIT,34.26,AED,19.6092,-447250.78,ElectroWorld,Dining,Cafe,USA,Chennai,TRUE,,,127644.12648,Negative
2024-06-15,CREDIT,8.67,USD,80.105,-1284664.85,Walmart,Electronics,Laptop,USA,Gurugram,TRUE,,2016.0,131956.9665,Negative
2024-08-15,DEBIT,231.03,USD,76.0817,-2764545.89,Starbucks,Dining,Cafe,Canada,Pune,TRUE,REPEAT PURCHASE,2019.0,3339659.47869,Negative
2023-12-22,CREDIT,27.76,GBP,99.0299,-1834229.61,AutoZone,Dining,Cafe,Canada,Mumbai,TRUE,REPEAT PURCHASE,,522323.30456,Negative
2023-09-28,DEBIT,33.37,AED,19.4156,-2626154.01,Walmart,Groceries,Specialty,Australia,Kolkata,TRUE,REPEAT PURCHASE,,123100.72867999999,Negative
2023-10-19,DEBIT,78.73,USD,74.3518,-436685.35,Zomato,Education,Course,USA,Delhi,TRUE,CASHBACK CREDITED,,1112206.2706600002,Negative
2024-04-04,DEBIT,182.52,INR,1.0,-1271234.64,Myntra,Clothing,Men,Canada,Hyderabad,TRUE,CHARGEBACK REQUESTED,2018.0,34678.8,Negative
2025-06-15,DEBIT,7.78,GBP,109.9103,-1807438.05,Swiggy,Education,Course,India,Noida,TRUE,,,162469.40546,Negative
2023-12-06,DEBIT,24.32,INRR,1.0,-2773197.87,Starbucks,Travel,Hotel,Australia,Pune,TRUE,REPEAT PURCHASE,,4620.8,Negative
2024-04-27,CREDIT,44.43,GBP,92.3692,-1641954.78,Zomato,Automotive,Repair,Canada,Hyderabad,TRUE,CHARGEBACK REQUESTED,2017.0,779753.0756400002,Negative
2025-07-07,DEBIT,33.37,GBP,105.0996,-2679832.57,BigBasket,Health,Pharmacy,India,Mumbai,TRUE,,,666362.9938799998,Negative
2025-05-28,CREDIT,42.95,INR,1.0,-1626363.59,Reliance,Automotive,Repair,India,Bengaluru,TRUE,MANUAL ADJUSTMENT,,8160.500000000001,Negative
2023-12-21,CREDIT,152.36,INR,1.0,-2236251.77,Starbucks,Dining,FastFood,USA,Hyderabad,TRUE,PROMO APPLIED,2020.0,28948.4,Negative
2024-10-08,DEBIT,44.14,USD,80.0553,-1435942.82,AutoZone,Automotive,Repair,Canada,Bengaluru,TRUE,CASHBACK CREDITED,,671391.77898,Negative
2025-07-03,DEBIT,43.51,GBP,109.0826,-1641954.78,Reliance,Health,Pharmacy,Australia,Jaipur,TRUE,,,901774.9459399999,Negative
2024-08-03,DEBIT,205.53,USD,75.3975,-1077843.2,ShopEasy,Education,Course,UAE,Chennai,TRUE,PROMO APPLIED,2022.0,2944325.15325,Negative
2025-07-07,DEBIT,4.63,INR,1.0,-1640779.41,Paytm Mall,Travel,Flight,UK,Kolkata,TRUE,SUSPECTED FRAUD,,879.6999999999999,Negative
2024-11-02,REFUND,15.99,AED,19.3611,-1626977.7,BigBasket,Clothing,Women,UK,Gurugram,TRUE,MANUAL ADJUSTMENT,2025.0,58820.957910000005,Negative
2024-09-23,DEBIT,33.37,INR,1.0,-166478.84,ElectroWorld,Dining,Restaurant,USA,Delhi,TRUE,,2025.0,6340.299999999999,Negative
2024-12-22,DEBIT,11.31,INR,1.0,-1561032.62,ShopEasy,Automotive,Repair,USA,Kolkata,TRUE,REPEAT PURCHASE,,2148.9,Negative
2024-09-30,REFUND,33.37,AED,19.0147,-1641954.78,Flipkart,Utilities,Water,Australia,Kolkata,TRUE,,2023.0,120558.90241,Negative
2025-05-31,DEBIT,34.66,INR,1.0,-1483070.18,AutoZone,Dining,Cafe,India,Pune,TRUE,REPEAT PURCHASE,2021.0,6585.4,Negative
2024-11-12,DEBIT,33.64,INR,1.0,-1641954.78,Myntra,Entertainment,Streaming,Canada,Chennai,TRUE,REPEAT PURCHASE,2018.0,6391.6,Negative
2024-03-17,DEBIT,15.65,USD,82.0373,-1559325.04,ShopEasy,Travel,Taxi,Canada,Bengaluru,TRUE,CHARGEBACK REQUESTED,,243937.91155000002,Negative
2025-07-10,DEBIT,12.37,INR,1.0,-1641954.78,ShopEasy,Entertainment,Streaming,Canada,Jaipur,TRUE,MONTHLY SUBSCRIPTION,,2350.2999999999997,Negative
2025-08-30,DEBIT,33.37,GBP,103.5416,-2254565.61,LocalMart,Automotive,Fuel,USA,Gurugram,TRUE,MANUAL ADJUSTMENT,,656484.80648,Negative
2024-04-13,CREDIT,33.37,USD,79.1356,-1197881.04,BigBasket,Clothing,Men,UK,Mumbai,TRUE,,2025.0,501743.44467999996,Negative
2024-03-06,DEBIT,233.03,USD,78.5247,-1625963.31,Amazon,Health,Pharmacy,UAE,Kolkata,TRUE,SUSPECTED FRAUD,,3476736.0597899994,Negative
2024-10-26,REFUND,64.19,USD,81.6392,-1130377.48,AutoZone,Groceries,Supermarket,India,Gurugram,TRUE,CHARGEBACK REQUESTED,,995679.84712,Negative
2025-03-27,DEBIT,18.14,USD,82.5269,-1641954.78,Paytm Mall,Travel,Hotel,Canada,Delhi,TRUE,CHARGEBACK REQUESTED,,284437.21354,Negative
2023-12-04,DEBIT,66.64,INR,1.0,-2065733.13,Paytm Mall,Entertainment,Concert,Australia,Delhi,TRUE,CHARGEBACK REQUESTED,,12661.6,Negative
2024-09-28,REFUND,20.89,USD,82.4931,-1271534.55,Amazon,Clothing,Men,Australia,Gurugram,TRUE,REPEAT PURCHASE,,327423.36321,Negative
2023-12-22,CREDIT,8.4,AED,18.2274,-1641954.78,AutoZone,Health,Pharmacy,India,Jaipur,TRUE,REPEAT PURCHASE,,29090.9304,Negative
2024-02-14,CREDIT,32.33,USD,74.7362,-2775682.36,Zomato,Education,Course,USA,Bengaluru,TRUE,,,459082.05574,Negative
2024-02-13,DEBIT,216.04,GBP,98.8171,-1625673.0,AutoZone,Groceries,Supermarket,India,Chennai,TRUE,CASHBACK CREDITED,,4056204.7939599995,Negative
2025-03-03,REFUND,75.43,USD,81.6872,-258322.12,ElectroWorld,Utilities,Internet,Canada,Mumbai,TRUE,REPEAT PURCHASE,2016.0,1170716.44424,Negative
2025-07-06,CREDIT,10.06,INR,1.0,-2495101.56,Zomato,Education,Course,UK,Noida,TRUE,MANUAL ADJUSTMENT,,1911.4,Negative
2024-04-01,DEBIT,9.29,GBP,107.0669,-258839.43,Zomato,Groceries,Supermarket,USA,Kolkata,TRUE,REPEAT PURCHASE,2022.0,188983.78519,Negative
2023-10-15,DEBIT,24.93,USD,72.2109,-1641311.87,Reliance,Utilities,Water,USA,Mumbai,TRUE,CHARGEBACK REQUESTED,,342041.37003,Negative
2024-09-04,CREDIT,4.64,USD,77.4133,-1641954.78,LocalMart,Automotive,Repair,USA,Pune,TRUE,PROMO APPLIED,,68247.56528000001,Negative
2025-01-12,DEBIT,323.71,INR,1.0,-1641954.78,Swiggy,Education,Books,UK,Hyderabad,TRUE,REPEAT PURCHASE,,61504.899999999994,Negative
2025-09-11,CREDIT,14.35,GBP,93.7774,-1561209.71,ElectroWorld,Travel,Taxi,Australia,Delhi,TRUE,REPEAT PURCHASE,2015.0,255684.0811,Negative
2024-07-26,DEBIT,87.9,INR,1.0,-175351.61,Reliance,Clothing,Men,Canada,Bengaluru,TRUE,CHARGEBACK REQUESTED,,16701.0,Negative
2025-06-11,DEBIT,56.97,INR,1.0,-2902653.16,Starbucks,Automotive,Repair,UAE,Pune,TRUE,CASHBACK CREDITED,,10824.3,Negative
2024-12-03,DEBIT,17.27,AED,18.9097,-1163435.76,ElectroWorld,Electronics,Laptop,Australia,Mumbai,TRUE,MANUAL ADJUSTMENT,2023.0,62048.39861,Negative
2024-04-30,DEBIT,13.1,USD,74.1309,-189142.04,Walmart,Dining,Cafe,India,Pune,TRUE,MANUAL ADJUSTMENT,,184511.8101,Negative
2023-11-14,CREDIT,5.06,GBP,102.9542,-2237593.41,Flipkart,Electronics,Mobile,UAE,Hyderabad,TRUE,MANUAL ADJUSTMENT,,98980.16787999998,Negative
2025-01-09,DEBIT,47.97,INR,1.0,-976638.83,Swiggy,Travel,Taxi,Australia,Bengaluru,TRUE,,,9114.3,Negative
2024-11-17,CREDIT,52.77,AED,18.6403,-2121117.46,Reliance,Dining,Cafe,USA,Delhi,TRUE,,2015.0,186893.23989,Negative
2025-01-16,CREDIT,14.08,USD,76.5633,-434857.58,Walmart,Clothing,Women,India,Bengaluru,TRUE,MANUAL ADJUSTMENT,2024.0,204822.14016,Negative
2024-05-15,DEBIT,33.37,USD,78.0959,-987539.34,Swiggy,Groceries,Specialty,Canada,Noida,TRUE,SUSPECTED FRAUD,,495151.43476999993,Negative
2023-10-01,DEBIT,8.07,AED,20.9104,-2118578.51,BigBasket,Dining,Restaurant,UK,Delhi,TRUE,,,32061.91632,Negative
2024-10-04,DEBIT,16.27,AED,18.3481,-2935302.24,Walmart,Clothing,Men,UK,Mumbai,TRUE,PROMO APPLIED,2021.0,56719.48152999999,Negative
2025-01-25,DEBIT,27.94,USD,79.2784,-2624514.23,BigBasket,Entertainment,Concert,USA,Kolkata,TRUE,,2021.0,420857.31424000004,Negative
2023-09-19,CREDIT,6.23,INR,1.0,-1641954.78,AutoZone,Travel,Taxi,India,Kolkata,TRUE,REPEAT PURCHASE,,1183.7,Negative
2024-08-12,CREDIT,18.43,AED ,18.7306,-2514204.26,Walmart,Automotive,Fuel,India,Mumbai,TRUE,REPEAT PURCHASE,,65588.94202,Negative
2024-04-08,REFUND,41.64,INR,1.0,-2581234.51,BigBasket,Entertainment,Streaming,UK,Bengaluru,TRUE,REPEAT PURCHASE,,7911.6,Negative
2024-02-13,DEBIT,82.39,AED,19.3777,-2254430.85,Reliance,Travel,Taxi,USA,Kolkata,TRUE,CHARGEBACK REQUESTED,,303340.45357,Negative
2025-04-02,CREDIT,59.57,AED,18.0559,-2466163.75,Swiggy,Groceries,Supermarket,Australia,Bengaluru,TRUE,SUSPECTED FRAUD,,204362.09297000003,Negative
2025-02-14,DEBIT,113.57,USD,80.9305,-1824741.69,Paytm Mall,Utilities,Water,Canada,Hyderabad,TRUE,,,1746342.6081499998,Negative
2024-06-05,CREDIT,101.78,USD,75.4516,-436722.13,AutoZone,Education,Course,UAE,Chennai,TRUE,CHARGEBACK REQUESTED,2020.0,1459098.13112,Negative
2024-11-23,DEBIT,10.09,GBP,102.8944,-146266.1,Swiggy,Electronics,Mobile,USA,Mumbai,TRUE,MANUAL ADJUSTMENT,,197258.85424000002,Negative
2024-04-21,DEBIT,33.37,GBP,105.2349,-1557037.53,ElectroWorld,Groceries,Supermarket,Canada,Pune,TRUE,CASHBACK CREDITED,,667220.83647,Negative
2024-02-28,DEBIT,27.1,INR,1.0,-1641954.78,Swiggy,Dining,FastFood,India,Hyderabad,TRUE,CASHBACK CREDITED,,5149.0,Negative
2025-06-11,DEBIT,52.44,GBP,92.0479,-1637568.71,ShopEasy,Health,Clinic,USA,Jaipur,TRUE,PROMO APPLIED,2016.0,917128.45644,Negative
2024-10-23,DEBIT,10.03,USD,77.4234,-2085768.81,Flipkart,Entertainment,Movies,India,Kolkata,TRUE,CHARGEBACK REQUESTED,,147545.77338,Negative
2024-08-02,CREDIT,448.15,INR,1.0,-1130312.79,ShopEasy,Education,Course,India,Jaipur,TRUE,SUSPECTED FRAUD,,85148.5,Negative
2024-12-23,DEBIT,137.92,USD,78.0877,-1197853.02,AutoZone,Clothing,Men,UAE,Hyderabad,TRUE,MONTHLY SUBSCRIPTION,2020.0,2046272.56096,Negative
2024-01-11,DEBIT,33.37,GBP,96.7906,-2582378.67,Reliance,Clothing,Women,India,Mumbai,TRUE,,,613681.4411799998,Negative
2024-10-01,CREDIT,20.16,GBP,96.0702,-1850300.76,AutoZone,Automotive,Fuel,Australia,Jaipur,TRUE,CHARGEBACK REQUESTED,2021.0,367987.29408,Negative
2024-04-24,DEBIT,34.1,AED,19.3833,-189159.09,Swiggy,Health,Clinic,India,Noida,TRUE,SUSPECTED FRAUD,,125584.40069999998,Negative
2024-12-04,CREDIT,159.87,AED,20.0128,-1641954.78,Zomato,Automotive,Repair,UK,Hyderabad,TRUE,REPEAT PURCHASE,,607894.80384,Negative
2025-05-23,DEBIT,103.71,USD,78.7156,-2481900.25,AutoZone,Dining,FastFood,Australia,Pune,TRUE,PROMO APPLIED,2024.0,1551083.02644,Negative
2024-02-15,REFUND,8.93,GBP,93.7166,-595719.24,Starbucks,Travel,Taxi,Australia,Mumbai,TRUE,MONTHLY SUBSCRIPTION,2022.0,159008.95522,Negative
2023-12-21,DEBIT,3.18,AED,18.4612,-174817.7,Myntra,Entertainment,Concert,UAE,Bengaluru,TRUE,,,11154.257040000002,Negative
2024-09-06,CREDIT,5.72,GBP,91.0687,-144983.41,ShopEasy,Automotive,Fuel,India,Mumbai,TRUE,PROMO APPLIED,,98973.46316,Negative
2024-10-10,DEBIT,82.33,USD,78.2775,-558123.15,Reliance,Education,Course,Australia,Jaipur,TRUE,PROMO APPLIED,,1224471.44925,Negative
2023-11-22,CREDIT,33.37,GBP,94.5286,-1676113.41,Starbucks,Education,Books,India,Kolkata,TRUE,PROMO APPLIED,,599339.6825799999,Negative
2025-06-13,REFUND,69.3,USD,79.8025,-1641954.78,Myntra,Automotive,Repair,UK,Noida,TRUE,MONTHLY SUBSCRIPTION,,1050759.5174999998,Negative
2024-12-12,DEBIT,105.28,USD,81.9163,-594057.41,Myntra,Electronics,Laptop,Australia,Chennai,TRUE,MANUAL ADJUSTMENT,2023.0,1638588.1321600003,Negative
2025-02-10,DEBIT,44.51,USD,78.7337,-1214756.56,Zomato,Groceries,Supermarket,India,Kolkata,TRUE,MONTHLY SUBSCRIPTION,,665843.02753,Negative
2024-07-29,DEBIT,33.37,GBP,102.9642,-974148.84,Starbucks,Electronics,Laptop,Australia,Hyderabad,TRUE,CHARGEBACK REQUESTED,,652823.9172599999,Negative
2025-04-27,DEBIT,33.37,INR,1.0,-1641954.78,Myntra,Clothing,Women,USA,Chennai,TRUE,REPEAT PURCHASE,2015.0,6340.299999999999,Negative
2024-04-02,DEBIT,18.32,INR,1.0,-1499757.01,ShopEasy,Education,Course,UAE,Gurugram,TRUE,REPEAT PURCHASE,,3480.8,Negative
2025-07-12,DEBIT,262.82,USD,80.0481,-1641954.78,AutoZone,Travel,Hotel,Canada,Delhi,TRUE,MANUAL ADJUSTMENT,,3997265.9119800003,Negative
2023-11-17,DEBIT,15.24,INR,1.0,-540685.68,Walmart,Dining,FastFood,Canada,Jaipur,TRUE,CASHBACK CREDITED,,2895.6,Negative
2025-02-14,DEBIT,21.23,INR,1.0,-1560712.38,Amazon,Groceries,Specialty,USA,Noida,TRUE,REPEAT PURCHASE,,4033.7000000000003,Negative
2025-03-05,REFUND,29.69,USD,79.8143,-1641954.78,LocalMart,Utilities,Electricity,UK,Hyderabad,TRUE,MONTHLY SUBSCRIPTION,2024.0,450240.44773,Negative
2024-03-25,CREDIT,29.44,INR,1.0,-1849706.27,Swiggy,Entertainment,Concert,Canada,Noida,TRUE,CHARGEBACK REQUESTED,,5593.6,Negative
2024-01-10,REFUND,33.37,INR,1.0,-2680066.2,Reliance,Clothing,Women,India,Gurugram,TRUE,MONTHLY SUBSCRIPTION,2026.0,6340.299999999999,Negative
2024-06-02,DEBIT,36.71,USD,80.3058,-1641954.78,BigBasket,Health,Pharmacy,Australia,Jaipur,TRUE,MONTHLY SUBSCRIPTION,2018.0,560124.92442,Negative
2024-02-14,REFUND,7.29,USD,77.0105,-173589.6,Paytm Mall,Clothing,Men,Canada,Gurugram,TRUE,,,106667.24354999998,Negative
2025-09-01,REFUND,36.37,GBP,104.3552,-1824836.93,Myntra,Utilities,Water,Australia,Chennai,TRUE,MANUAL ADJUSTMENT,,721125.7385599999,Negative
2023-10-23,DEBIT,78.68,AED,20.5455,-1641954.78,BigBasket,Travel,Taxi,UK,Pune,TRUE,"CASHBACK CREDITED -- VERIFY
CONTACT SUPPORT",,307138.7886,Negative
2023-10-10,DEBIT,24.78,USD,77.4485,-1617390.5,Flipkart,Groceries,Specialty,Australia,Delhi,TRUE,CHARGEBACK REQUESTED,,364643.0277,Negative
2024-03-29,CREDIT,50.02,GBP,95.2539,-1641954.78,BigBasket,Dining,Cafe,UAE,Hyderabad,TRUE,SUSPECTED FRAUD,,905274.01482,Negative
2024-07-10,DEBIT,32.08,GBP,95.1332,-1641954.78,Amazon,Travel,Hotel,USA,Delhi,TRUE,CASHBACK CREDITED,2026.0,579855.88064,Negative
2024-10-21,DEBIT,28.26,INR,1.0,-2232288.23,ElectroWorld,Automotive,Fuel,Canada,Hyderabad,TRUE,REPEAT PURCHASE,,5369.400000000001,Negative
2025-08-12,DEBIT,24.79,INR,1.0,-537600.75,Amazon,Automotive,Fuel,Canada,Pune,TRUE,,2018.0,4710.099999999999,Negative
2024-02-11,CREDIT,7.43,AED,20.6611,-163734.73,ShopEasy,Entertainment,Streaming,UAE,Gurugram,TRUE,,2016.0,29167.27487,Negative
2024-07-13,CREDIT,7.96,GBP,106.7049,-2775256.42,Walmart,Groceries,Specialty,India,Hyderabad,TRUE,SUSPECTED FRAUD,,161380.49076,Negative
2024-05-24,CREDIT,46.34,USD,73.0887,-280660.74,Myntra,Automotive,Repair,USA,Chennai,TRUE,REPEAT PURCHASE,,643516.7680200001,Negative
2025-06-06,CREDIT,17.62,AED,18.0938,-1284180.14,Walmart,Electronics,Laptop,Canada,Kolkata,TRUE,PROMO APPLIED,,60574.42364000001,Negative
2024-01-24,CREDIT,69.91,INR,1.0,-1641954.78,Reliance,Electronics,Accessory,Canada,Delhi,TRUE,CASHBACK CREDITED,,13282.9,Negative
2023-11-22,CREDIT,14.64,INR,1.0,-159519.75,Paytm Mall,Electronics,Mobile,UAE,Hyderabad,TRUE,CASHBACK CREDITED,,2781.6,Negative
2025-08-01,REFUND,33.37,USD,81.6922,-145340.97,Reliance,Health,Clinic,UK,Hyderabad,TRUE,CHARGEBACK REQUESTED,,517953.05566,Negative
2024-05-30,CREDIT,33.37,AED,21.7311,-1641954.78,Paytm Mall,Dining,FastFood,UAE,Hyderabad,TRUE,CASHBACK CREDITED,2025.0,137781.69332999998,Negative
2024-12-06,CREDIT,33.37,INR,1.0,-436511.12,Starbucks,Groceries,Specialty,India,Hyderabad,TRUE,PROMO APPLIED,,6340.299999999999,Negative
2024-04-14,DEBIT,33.37,INR,1.0,-1641954.78,Walmart,Clothing,Women,USA,Delhi,TRUE,MANUAL ADJUSTMENT,,6340.299999999999,Negative
2024-09-02,REFUND,33.37,AED,18.5335,-2679472.41,Amazon,Travel,Flight,UK,Chennai,TRUE,SUSPECTED FRAUD,2025.0,117507.95005,Negative
2024-09-14,DEBIT,33.37,USD,81.0232,-1436009.46,BigBasket,Groceries,Supermarket,Australia,Hyderabad,TRUE,PROMO APPLIED,,513711.39495999995,Negative
2024-12-03,CREDIT,345.13,GBP,97.4449,-1823976.8,Reliance,Automotive,Fuel,UK,Jaipur,TRUE,SUSPECTED FRAUD,,6389920.0840300005,Negative
2024-10-24,DEBIT,33.37,AED,20.7206,-2624724.49,Swiggy,Entertainment,Streaming,Canada,Chennai,TRUE,PROMO APPLIED,,131374.82018,Negative
2025-02-24,DEBIT,33.37,USD,78.3796,-1652816.48,Starbucks,Education,Books,UK,Kolkata,TRUE,MONTHLY SUBSCRIPTION,,496950.17788,Negative
2023-12-20,REFUND,33.37,AED,20.2525,-1641954.78,AutoZone,Dining,Cafe,India,Noida,TRUE,PROMO APPLIED,,128406.92575,Negative
2023-11-22,REFUND,2.32,INR,1.0,-1886827.2,Starbucks,Utilities,Electricity,Australia,Delhi,TRUE,,2024.0,440.79999999999995,Negative
2024-06-12,DEBIT,24.42,AED,20.4116,-2868867.06,Zomato,Entertainment,Concert,UAE,Noida,TRUE,MANUAL ADJUSTMENT,,94705.74168,Negative
2024-11-06,REFUND,33.37,GBP,99.0465,-1641954.78,Myntra,Dining,FastFood,UAE,Kolkata,TRUE,CASHBACK CREDITED,2022.0,627984.52395,Negative
2024-07-06,CREDIT,494.19,AED,18.0149,-557232.54,LocalMart,Entertainment,Concert,Australia,Noida,TRUE,SUSPECTED FRAUD,,1691528.85189,Negative
2025-05-03,CREDIT,33.37,GBP,105.0105,-2514316.21,LocalMart,Groceries,Supermarket,India,Kolkata,TRUE,MONTHLY SUBSCRIPTION,2021.0,665798.07315,Negative
2025-01-24,DEBIT,14.15,GBP,107.2202,-1641954.78,Reliance,Travel,Hotel,Canada,Noida,TRUE,CHARGEBACK REQUESTED,,288261.5077,Negative
2024-08-17,DEBIT,33.37,INR,1.0,-2933318.06,Paytm Mall,Automotive,Repair,Canada,Chennai,TRUE,MONTHLY SUBSCRIPTION,2025.0,6340.299999999999,Negative
2025-07-24,REFUND,25.38,AED,21.3777,-1641954.78,Zomato,Education,Books,Australia,Hyderabad,TRUE,PROMO APPLIED,,103087.54493999999,Negative
2025-01-06,DEBIT,4.89,GBP,104.1987,-1000569.66,Flipkart,Education,Course,USA,Kolkata,TRUE,CASHBACK CREDITED,,96811.01217,Negative
2023-10-09,DEBIT,69.87,USD,81.0102,-1199899.22,LocalMart,Clothing,Women,India,Noida,TRUE,MONTHLY SUBSCRIPTION,,1075434.70806,Negative
2025-04-05,DEBIT,75.42,USD,73.6675,-2935409.92,Paytm Mall,Travel,Hotel,UK,Kolkata,TRUE,CASHBACK CREDITED,,1055640.5415,Negative
2024-03-17,CREDIT,24.39,INR,1.0,-1500853.81,ElectroWorld,Electronics,Laptop,Australia,Hyderabad,TRUE,PROMO APPLIED,2020.0,4634.1,Negative
2024-10-13,DEBIT,33.37,AED,21.9395,-1931578.0,ElectroWorld,Health,Clinic,Australia,Chennai,TRUE,MANUAL ADJUSTMENT,2023.0,139103.01184999998,Negative
2024-12-28,REFUND,7.86,USD,82.9576,-1641954.78,Reliance,Groceries,Supermarket,Australia,Pune,TRUE,SUSPECTED FRAUD,,123888.87984000001,Negative
2025-04-18,DEBIT,28.57,USD,81.5675,-2934574.3,Starbucks,Groceries,Specialty,Canada,Chennai,TRUE,MONTHLY SUBSCRIPTION,,442772.86025,Negative
2025-05-06,REFUND,25.26,AED ,19.4828,-2466964.78,Starbucks,Travel,Taxi,Australia,Jaipur,TRUE,REPEAT PURCHASE,,93505.75032000002,Negative
2024-05-31,DEBIT,56.86,USD,81.6932,-2901441.94,Myntra,Electronics,Laptop,Canada,Chennai,TRUE,REPEAT PURCHASE,2021.0,882564.3168799999,Negative
2025-03-27,DEBIT,410.7,INR,1.0,-2902930.14,Amazon,Entertainment,Movies,UK,Jaipur,TRUE,REPEAT PURCHASE,2020.0,78033.0,Negative
2024-12-22,DEBIT,33.37,USD,76.4788,-1270065.16,ElectroWorld,Groceries,Supermarket,Australia,Kolkata,TRUE,CHARGEBACK REQUESTED,,484898.53564,Negative
2025-02-24,CREDIT,84.73,INR,1.0,-1641954.78,Flipkart,Utilities,Internet,Canada,Bengaluru,TRUE,MANUAL ADJUSTMENT,2024.0,16098.7,Negative
2024-01-19,REFUND,33.37,INR,1.0,-490760.24,Walmart,Automotive,Fuel,Canada,Hyderabad,TRUE,REPEAT PURCHASE,2024.0,6340.299999999999,Negative
2025-04-06,REFUND,7.97,INR,1.0,-2463533.36,ElectroWorld,Clothing,Men,UAE,Delhi,TRUE,,2025.0,1514.3,Negative
2025-07-12,DEBIT,9.88,INR,1.0,-278120.32,Walmart,Health,Clinic,India,Chennai,TRUE,MONTHLY SUBSCRIPTION,,1877.2,Negative
2024-02-29,CREDIT,33.37,AED,21.3944,-1641954.78,Reliance,Automotive,Repair,UAE,Gurugram,TRUE,CHARGEBACK REQUESTED,,135646.91431999998,Negative
2023-09-26,DEBIT,77.27,GBP,108.6655,-1809234.66,LocalMart,Utilities,Internet,USA,Delhi,TRUE,PROMO APPLIED,,1595350.80515,Negative
2024-03-23,REFUND,33.37,USD,72.4255,-2582550.9,Flipkart,Travel,Hotel,Canada,Gurugram,TRUE,SUSPECTED FRAUD,2022.0,459199.39764999994,Negative
2025-08-04,CREDIT,15.25,USD,79.9686,-1008882.16,ShopEasy,Dining,FastFood,Australia,Kolkata,TRUE,REPEAT PURCHASE,2017.0,231709.0185,Negative
2024-03-19,CREDIT,8.78,AED,18.6838,-1641380.95,Walmart,Groceries,Supermarket,Canada,Delhi,TRUE,MANUAL ADJUSTMENT,,31168.315160000002,Negative
2025-08-03,DEBIT,90.68,INR,1.0,-1936740.59,LocalMart,Electronics,Accessory,USA,Kolkata,TRUE,REPEAT PURCHASE,,17229.2,Negative
2024-10-02,CREDIT,33.96,USD,82.385,-175447.9,Amazon,Clothing,Women,India,Pune,TRUE,CHARGEBACK REQUESTED,,531580.974,Negative
2025-01-25,CREDIT,49.02,USD,81.2335,-278298.16,AutoZone,Electronics,Laptop,India,Mumbai,TRUE,,,756592.5723000001,Negative
2024-01-11,CREDIT,24.57,INR ,1.0,-1641954.78,Reliance,Entertainment,Movies,UAE,Delhi,TRUE,REPEAT PURCHASE,,4668.3,Negative
2024-06-29,CREDIT,33.37,AED,20.9379,-1284873.71,Walmart,Health,Pharmacy,UK,Jaipur,TRUE,REPEAT PURCHASE,,132752.56736999998,Negative
2025-06-07,DEBIT,74.83,INR,1.0,-1641954.78,Paytm Mall,Education,Books,Australia,Bengaluru,TRUE,SUSPECTED FRAUD,,14217.699999999999,Negative
2025-01-27,DEBIT,33.37,AED,20.7361,-1705957.38,BigBasket,Electronics,Laptop,Australia,Noida,TRUE,"MANUAL ADJUSTMENT -- VERIFY
CONTACT SUPPORT",,131473.09483000002,Negative
2023-11-22,CREDIT,45.26,USD,73.1058,-1288381.34,Amazon,Entertainment,Movies,Australia,Delhi,TRUE,SUSPECTED FRAUD,2019.0,628666.0165200001,Negative
2024-07-26,DEBIT,25.2,AED,20.8373,-2922370.08,Zomato,Groceries,Supermarket,Canada,Delhi,TRUE,REPEAT PURCHASE,,99768.9924,Negative
2025-07-25,CREDIT,48.57,INR,1.0,-1130726.93,ElectroWorld,Travel,Hotel,USA,Chennai,TRUE,PROMO APPLIED,,9228.3,Negative
2024-05-07,DEBIT,0.99,USD,77.7798,-1008437.94,Zomato,Education,Course,UK,Mumbai,TRUE,SUSPECTED FRAUD,,14630.380379999999,Negative
2023-11-29,DEBIT,23.99,AED,18.5359,-1131424.6,Amazon,Electronics,Mobile,UAE,Noida,TRUE,PROMO APPLIED,,84488.48579,Negative
2024-01-09,DEBIT,16.16,GBP,101.1017,-1641954.78,Swiggy,Utilities,Internet,Australia,Pune,TRUE,PROMO APPLIED,,310422.65968,Negative
2024-02-28,CREDIT,172.58,USD,79.8723,-556611.95,Swiggy,Travel,Taxi,Australia,Kolkata,TRUE,SUSPECTED FRAUD,,2619028.69146,Negative
2023-12-08,CREDIT,34.14,GBP,92.4458,-1641954.78,Starbucks,Dining,Restaurant,Australia,Bengaluru,TRUE,CHARGEBACK REQUESTED,2023.0,599658.9262800001,Negative
2023-11-13,DEBIT,33.37,USD,74.2161,-2119087.05,Flipkart,Entertainment,Concert,USA,Chennai,TRUE,PROMO APPLIED,2021.0,470552.3388299999,Negative
2025-08-04,DEBIT,11.33,INR,1.0,-2922735.2,Myntra,Entertainment,Movies,Australia,Hyderabad,TRUE,MONTHLY SUBSCRIPTION,,2152.7,Negative
2023-12-08,DEBIT,22.15,USD,77.1154,-1604794.52,Paytm Mall,Dining,FastFood,UK,Noida,TRUE,MONTHLY SUBSCRIPTION,,324540.16089999996,Negative
2025-08-13,DEBIT,16.8,USD,78.1052,-2467723.5,Swiggy,Entertainment,Movies,India,Pune,TRUE,CASHBACK CREDITED,2018.0,249311.79839999997,Negative
2024-11-02,DEBIT,144.38,GBP,109.0636,-2934013.16,Starbucks,Health,Clinic,Australia,Kolkata,TRUE,MONTHLY SUBSCRIPTION,2022.0,2991854.4879199998,Negative
2025-04-03,DEBIT,7.27,INR,1.0,-2538940.36,ShopEasy,Education,Books,Australia,Kolkata,TRUE,PROMO APPLIED,,1381.3,Negative
2024-09-06,DEBIT,22.16,INR,1.0,-1076151.42,Flipkart,Utilities,Electricity,UK,Kolkata,TRUE,PROMO APPLIED,,4210.4,Negative
2024-02-13,REFUND,30.6,GBP,98.235,-530104.17,ShopEasy,Utilities,Water,USA,Jaipur,TRUE,SUSPECTED FRAUD,,571138.29,Negative
2024-05-30,DEBIT,15.9,GBP,95.6659,-445325.19,Swiggy,Electronics,Accessory,Australia,Delhi,TRUE,CHARGEBACK REQUESTED,,289006.6839,Negative
2023-11-05,CREDIT,59.36,INR,1.0,-2935654.31,Amazon,Automotive,Fuel,USA,Bengaluru,TRUE,MONTHLY SUBSCRIPTION,,11278.4,Negative
2024-04-23,DEBIT,33.37,AED,20.8203,-281382.77,Swiggy,Groceries,Supermarket,India,Hyderabad,TRUE,REPEAT PURCHASE,,132006.94809,Negative
2024-07-15,DEBIT,10.2,INR,1.0,-2902272.79,ShopEasy,Automotive,Repair,Canada,Mumbai,TRUE,,,1937.9999999999998,Negative
2024-01-18,DEBIT,6.0,AED,21.4964,-2230206.14,ElectroWorld,Clothing,Men,UAE,Delhi,TRUE,PROMO APPLIED,,24505.896000000004,Negative
2025-05-20,DEBIT,43.74,USD,78.2221,-1641954.78,Myntra,Utilities,Electricity,Canada,Noida,TRUE,,,650072.58426,Negative
2024-04-05,CREDIT,36.12,USD,74.7506,-2232306.29,Starbucks,Electronics,Laptop,Canada,Noida,TRUE,CASHBACK CREDITED,,512998.41768,Negative
2024-09-23,DEBIT,135.27,USD,77.087,-542844.63,LocalMart,Dining,Cafe,UAE,Hyderabad,TRUE,PROMO APPLIED,,1981236.1131000002,Negative
2025-07-22,DEBIT,33.37,USD,73.9778,-553717.15,Swiggy,Clothing,Men,UK,Chennai,TRUE,REPEAT PURCHASE,,469041.44534,Negative
2024-04-26,DEBIT,33.37,INR,1.0,-1214022.64,Amazon,Automotive,Fuel,Canada,Gurugram,TRUE,SUSPECTED FRAUD,2024.0,6340.299999999999,Negative
2023-12-27,DEBIT,26.6,GBP,100.5354,-1935690.92,Starbucks,Entertainment,Movies,India,Bengaluru,TRUE,PROMO APPLIED,,508105.91160000005,Negative
2025-01-19,CREDIT,31.18,GBP,93.8799,-1558063.5,Reliance,Clothing,Women,UAE,Mumbai,TRUE,CHARGEBACK REQUESTED,2019.0,556163.3035800001,Negative
2025-03-12,REFUND,12.33,USD,73.1026,-1641954.78,Myntra,Health,Pharmacy,India,Mumbai,TRUE,MONTHLY SUBSCRIPTION,2022.0,171257.46102,Negative
2024-12-29,CREDIT,24.86,GBP,94.6128,-1077527.27,BigBasket,Education,Course,Australia,Kolkata,TRUE,SUSPECTED FRAUD,,446894.09951999993,Negative
2023-11-04,CREDIT,33.15,AED,21.126,-2935372.21,BigBasket,Electronics,Mobile,Canada,Kolkata,TRUE,SUSPECTED FRAUD,,133062.111,Negative
2023-12-20,DEBIT,126.91,GBP,108.6383,-260064.6,BigBasket,Electronics,Laptop,USA,Hyderabad,TRUE,MONTHLY SUBSCRIPTION,,2619584.4640699998,Negative
2024-06-02,DEBIT,33.37,AED,19.1302,-203910.86,Zomato,Groceries,Supermarket,USA,Bengaluru,TRUE,,,121291.20705999999,Negative
2025-07-01,DEBIT,33.37,INR,1.0,-2626376.74,Paytm Mall,Travel,Taxi,USA,Bengaluru,TRUE,REPEAT PURCHASE,,6340.299999999999,Negative
2024-01-01,DEBIT,39.62,INR,1.0,-2775254.13,Paytm Mall,Utilities,Water,Canada,Gurugram,TRUE,CASHBACK CREDITED,,7527.799999999999,Negative
2025-02-28,DEBIT,96.37,USD,79.7433,-1288522.52,AutoZone,Dining,Cafe,USA,Delhi,TRUE,MONTHLY SUBSCRIPTION,,1460123.74599,Negative
2023-10-31,DEBIT,9.6,AED,20.776,-2232232.1,Starbucks,Groceries,Supermarket,USA,Hyderabad,TRUE,CASHBACK CREDITED,,37895.424,Negative
2024-05-08,CREDIT,11.01,AED,18.9688,-1412395.87,Amazon,Dining,FastFood,Canada,Jaipur,TRUE,CASHBACK CREDITED,,39680.832720000006,Negative
2025-05-17,DEBIT,28.28,USD,75.0815,-1641954.78,Zomato,Travel,Flight,UK,Noida,TRUE,CASHBACK CREDITED,,403427.9158000001,Negative
2025-01-08,REFUND,118.19,USD,75.1533,-1198296.58,Zomato,Entertainment,Movies,UK,Chennai,TRUE,SUSPECTED FRAUD,,1687650.02013,Negative
2024-08-22,DEBIT,1.08,AED,18.6125,-2237720.83,Walmart,Travel,Flight,Australia,Gurugram,TRUE,SUSPECTED FRAUD,,3819.2850000000003,Negative
2025-01-29,REFUND,469.95,USD,74.9742,-1641954.78,Swiggy,Groceries,Supermarket,UK,Bengaluru,TRUE,CHARGEBACK REQUESTED,,6694483.8050999995,Negative
2025-01-22,DEBIT,57.07,GBP,94.4977,-1652181.06,Zomato,Entertainment,Streaming,USA,Kolkata,TRUE,REPEAT PURCHASE,2020.0,1024666.9104099999,Negative
2025-08-30,CREDIT,172.21,AED,18.5377,-2582298.68,AutoZone,Clothing,Women,India,Kolkata,TRUE,SUSPECTED FRAUD,,606551.6902300001,Negative
2025-03-29,CREDIT,24.53,AED,21.3271,-1641954.78,BigBasket,Automotive,Repair,India,Chennai,TRUE,SUSPECTED FRAUD,,99399.21497,Negative
2024-10-03,DEBIT,115.01,GBP,94.6017,-280060.56,ShopEasy,Electronics,Accessory,India,Kolkata,TRUE,MANUAL ADJUSTMENT,,2067226.88823,Negative
2023-09-26,DEBIT,33.37,INR,1.0,-1641954.78,LocalMart,Groceries,Specialty,UAE,Delhi,TRUE,PROMO APPLIED,,6340.299999999999,Negative
2024-04-07,CREDIT,237.95,USD,82.1808,-2208679.75,Myntra,Travel,Taxi,Australia,Noida,TRUE,MANUAL ADJUSTMENT,,3715435.0584,Negative
2023-10-25,CREDIT,23.55,USD,78.1395,-1932091.93,BigBasket,Groceries,Supermarket,UAE,Bengaluru,TRUE,REPEAT PURCHASE,2018.0,349635.19275,Negative
2024-11-02,CREDIT,138.52,USD,73.8941,-1270925.61,BigBasket,Utilities,Water,Canada,Pune,TRUE,MANUAL ADJUSTMENT,2018.0,1944804.03908,Negative
2024-06-28,CREDIT,7.76,GBP,107.1933,-1641954.78,Starbucks,Entertainment,Movies,UAE,Chennai,TRUE,MONTHLY SUBSCRIPTION,,158045.80151999998,Negative
2023-09-15,DEBIT,26.46,INR,1.0,-1640963.48,ElectroWorld,Clothing,Men,India,Hyderabad,TRUE,MANUAL ADJUSTMENT,2020.0,5027.400000000001,Negative
2024-09-06,CREDIT,5.7,USD,74.1714,-1712778.7,AutoZone,Health,Clinic,India,Chennai,TRUE,REPEAT PURCHASE,,80327.62620000001,Negative
2025-05-27,REFUND,26.45,AED,19.3103,-1076592.03,Flipkart,Groceries,Specialty,USA,Hyderabad,TRUE,CASHBACK CREDITED,,97043.91265000001,Negative
2023-10-02,CREDIT,30.46,USD,82.2439,-2677902.78,Myntra,Dining,Restaurant,USA,Mumbai,TRUE,SUSPECTED FRAUD,,475978.34686,Negative
2025-06-09,REFUND,33.37,AED,21.6359,-1641954.78,Flipkart,Automotive,Repair,Australia,Jaipur,TRUE,,,137178.09676999997,Negative
2025-02-26,DEBIT,42.88,INR,1.0,-1641954.78,LocalMart,Electronics,Accessory,Canada,Jaipur,TRUE,SUSPECTED FRAUD,2018.0,8147.200000000001,Negative
2025-06-25,CREDIT,138.21,AED,20.6366,-973938.99,Starbucks,Electronics,Mobile,UAE,Kolkata,TRUE,CHARGEBACK REQUESTED,,541915.05234,Negative
2024-10-11,DEBIT,115.23,AED,18.1631,-1199961.05,Zomato,Automotive,Fuel,Canada,Noida,TRUE,"MONTHLY SUBSCRIPTION -- VERIFY
CONTACT SUPPORT",,397657.46247,Negative
2025-06-14,DEBIT,46.95,INR,1.0,-2680844.81,AutoZone,Entertainment,Concert,India,Jaipur,TRUE,REPEAT PURCHASE,,8920.5,Negative
2025-06-19,DEBIT,34.32,USD,80.6162,-447267.94,Amazon,Groceries,Supermarket,Canada,Bengaluru,TRUE,PROMO APPLIED,2018.0,525682.11696,Negative
2024-11-16,DEBIT,37.95,AED,18.1513,-1641954.78,Swiggy,Education,Books,Australia,Gurugram,TRUE,MANUAL ADJUSTMENT,2022.0,130879.94865,Negative
2023-09-17,DEBIT,361.36,USD,73.0665,-1825654.63,BigBasket,Automotive,Fuel,Australia,Jaipur,TRUE,CHARGEBACK REQUESTED,,5016628.9836,Negative
2024-01-07,CREDIT,10.24,USD,80.0421,-441458.75,LocalMart,Groceries,Specialty,USA,Chennai,TRUE,SUSPECTED FRAUD,2022.0,155729.90976,Negative
2024-09-07,REFUND,287.64,INR,1.0,-1641954.78,Amazon,Automotive,Fuel,UK,Jaipur,TRUE,MANUAL ADJUSTMENT,2024.0,54651.6,Negative
2024-07-06,DEBIT,33.37,AED ,19.0792,-1865434.43,Amazon,Entertainment,Streaming,India,Hyderabad,TRUE,SUSPECTED FRAUD,,120967.85175999998,Negative
2024-12-28,DEBIT,45.92,USD,77.8556,-2727028.03,BigBasket,Education,Books,USA,Gurugram,TRUE,MONTHLY SUBSCRIPTION,,679274.53888,Negative
2024-02-24,CREDIT,396.03,USD,80.974,-1887203.81,Flipkart,Dining,Restaurant,USA,Pune,TRUE,REPEAT PURCHASE,2022.0,6092945.3118,Negative
2024-09-13,CREDIT,49.13,USD,77.4067,-556108.77,ElectroWorld,Dining,FastFood,India,Kolkata,TRUE,MONTHLY SUBSCRIPTION,,722568.32249,Negative
2024-04-09,DEBIT,14.78,USD,79.7653,-2420156.74,AutoZone,Electronics,Mobile,India,Hyderabad,TRUE,REPEAT PURCHASE,,223996.91546,Negative
2024-07-09,CREDIT,8.99,INR,1.0,-2514709.46,Reliance,Education,Course,UK,Pune,TRUE,SUSPECTED FRAUD,2019.0,1708.1000000000001,Negative
2024-11-12,DEBIT,33.7,USD,74.4575,-2625213.13,LocalMart,Clothing,Men,India,Delhi,TRUE,CHARGEBACK REQUESTED,2022.0,476751.37250000006,Negative
2024-11-08,CREDIT,45.13,INR,1.0,-1808609.72,ShopEasy,Education,Books,UK,Gurugram,TRUE,SUSPECTED FRAUD,,8574.7,Negative
2024-12-12,CREDIT,14.31,AED,18.6138,-2775195.48,AutoZone,Entertainment,Movies,UAE,Chennai,TRUE,"CASHBACK CREDITED -- VERIFY
CONTACT SUPPORT",,50609.060820000006,Negative
2025-06-01,CREDIT,8.34,USD,72.8371,-1271085.47,Myntra,Health,Pharmacy,UAE,Chennai,TRUE,CASHBACK CREDITED,,115417.66866,Negative
2025-07-30,REFUND,70.16,USD,77.802,-160830.72,Swiggy,Clothing,Men,Australia,Noida,TRUE,MANUAL ADJUSTMENT,2019.0,1037131.7808,Negative
2025-07-19,DEBIT,33.37,INR,1.0,9418.02,Paytm Mall,Clothing,Women,India,Mumbai,TRUE,CASHBACK CREDITED,,6340.299999999999,Positive
2023-12-03,DEBIT,75.72,GBP,97.9576,-2677864.92,Amazon,Entertainment,Concert,Australia,Kolkata,TRUE,PROMO APPLIED,2017.0,1409296.39968,Negative
2024-02-09,REFUND,141.79,USD ,73.0233,-1641954.78,Flipkart,Automotive,Repair,Australia,Hyderabad,TRUE,CHARGEBACK REQUESTED,2024.0,1967255.0043300001,Negative
2024-09-30,REFUND,36.3,INR,1.0,-2624714.21,LocalMart,Automotive,Repair,Australia,Mumbai,TRUE,MANUAL ADJUSTMENT,,6896.999999999999,Negative
2024-01-08,CREDIT,300.61,GBP,91.6775,-1126806.3,ElectroWorld,Education,Course,Canada,Kolkata,TRUE,PROMO APPLIED,,5236242.92225,Negative
2025-06-10,CREDIT,11.03,USD,80.264,-1774643.37,ElectroWorld,Travel,Hotel,UK,Mumbai,TRUE,MANUAL ADJUSTMENT,2015.0,168209.26479999998,Negative
2025-05-15,DEBIT,159.53,USD,73.0911,-2465869.28,Starbucks,Clothing,Women,UK,Chennai,TRUE,"PROMO APPLIED -- VERIFY
CONTACT SUPPORT",2020.0,2215442.40477,Negative
2025-01-21,CREDIT,2.87,INR,1.0,-258388.53,Walmart,Education,Course,UAE,Hyderabad,TRUE,MANUAL ADJUSTMENT,,545.3000000000001,Negative
2023-10-04,CREDIT,12.11,USD,77.5523,-1626767.17,Zomato,Electronics,Laptop,UAE,Hyderabad,TRUE,MANUAL ADJUSTMENT,2018.0,178440.08707,Negative
2024-03-31,CREDIT,21.72,GBP,103.8702,-278132.93,Amazon,Dining,FastFood,Canada,Noida,TRUE,PROMO APPLIED,2021.0,428651.54136,Negative
2025-08-03,DEBIT,37.72,INR,1.0,-1131868.09,Amazon,Clothing,Women,USA,Gurugram,TRUE,MANUAL ADJUSTMENT,,7166.8,Negative
2024-12-31,CREDIT,409.53,USD,73.3708,-1889525.37,ElectroWorld,Dining,Restaurant,USA,Jaipur,TRUE,,2022.0,5709033.30756,Negative
2023-09-13,DEBIT,22.49,USD,81.4368,-1077669.09,Starbucks,Health,Clinic,India,Kolkata,TRUE,SUSPECTED FRAUD,,347987.59008,Negative
2024-10-21,CREDIT,8.67,INR,1.0,-1675621.08,ElectroWorld,Entertainment,Movies,Australia,Jaipur,TRUE,SUSPECTED FRAUD,2024.0,1647.3,Negative
2024-05-21,REFUND,26.12,USD,78.0921,-1641954.78,Myntra,Automotive,Fuel,USA,Kolkata,TRUE,REPEAT PURCHASE,,387555.47388,Negative
2025-02-08,DEBIT,213.79,INR,1.0,-1641954.78,ShopEasy,Automotive,Fuel,Australia,Hyderabad,TRUE,,,40620.1,Negative
2024-10-01,CREDIT,838.52,USD,74.0792,-1624670.35,Myntra,Dining,Cafe,UK,Gurugram,TRUE,,,11802209.24896,Negative
2024-02-08,DEBIT,66.76,USD,80.167,-2464401.29,Swiggy,Education,Course,UK,Bengaluru,TRUE,PROMO APPLIED,2016.0,1016870.2948000001,Negative
2024-06-04,DEBIT,6.32,INR,1.0,-1641954.78,LocalMart,Groceries,Specialty,UK,Pune,TRUE,CHARGEBACK REQUESTED,,1200.8,Negative
2023-12-18,REFUND,27.38,USD,73.8758,-974364.36,Amazon,Travel,Taxi,USA,Gurugram,TRUE,PROMO APPLIED,2020.0,384316.68676,Negative
2024-07-09,CREDIT,6.44,USD,78.4632,-2514489.28,Myntra,Clothing,Women,Canada,Noida,TRUE,CHARGEBACK REQUESTED,,96007.57152000001,Negative
2025-05-10,DEBIT,8.6,INR,1.0,-2208238.41,LocalMart,Clothing,Men,UK,Chennai,TRUE,SUSPECTED FRAUD,,1634.0,Negative
2023-10-02,DEBIT,33.37,USD,78.9661,-1412437.16,Flipkart,Travel,Taxi,UK,Gurugram,TRUE,,2025.0,500668.76382999995,Negative
2023-09-30,DEBIT,44.32,GBP,91.7727,-2208260.57,Myntra,Health,Pharmacy,USA,Bengaluru,TRUE,CHARGEBACK REQUESTED,2016.0,772799.55216,Negative
2025-07-13,CREDIT,7.66,USD,82.6465,-2466889.77,Reliance,Dining,Cafe,USA,Delhi,TRUE,CHARGEBACK REQUESTED,,120283.71610000002,Negative
2024-01-09,CREDIT,61.3,USD,79.9248,-1197747.36,Myntra,Entertainment,Concert,Canada,Jaipur,TRUE,SUSPECTED FRAUD,,930884.1455999999,Negative
2024-09-13,DEBIT,72.63,INR,1.0,-2682313.16,Flipkart,Health,Clinic,UAE,Delhi,TRUE,REPEAT PURCHASE,,13799.699999999999,Negative
2025-03-17,DEBIT,57.73,AED,18.9291,-1560183.54,AutoZone,Education,Course,India,Pune,TRUE,,,207627.61916999996,Negative
2025-01-30,CREDIT,33.37,INR,1.0,-1652068.74,AutoZone,Travel,Flight,UK,Delhi,TRUE,CHARGEBACK REQUESTED,2018.0,6340.299999999999,Negative
2023-10-02,CREDIT,9.26,USD,77.9112,-155368.34,ShopEasy,Clothing,Women,UAE,Jaipur,TRUE,SUSPECTED FRAUD,,137076.96527999997,Negative
2025-04-03,DEBIT,66.04,USD,80.711,-1284003.74,Zomato,Utilities,Internet,UAE,Kolkata,TRUE,CASHBACK CREDITED,,1012729.3436,Negative
2024-08-07,CREDIT,67.34,USD,78.1166,-2419757.91,ShopEasy,Health,Pharmacy,India,Mumbai,TRUE,,,999470.6503600001,Negative
2025-06-08,DEBIT,28.3,USD,80.343,-2873803.52,Myntra,Entertainment,Concert,Australia,Kolkata,TRUE,MONTHLY SUBSCRIPTION,2021.0,432004.31100000005,Negative
2024-08-10,CREDIT,28.29,USD,73.2375,-1131470.58,ShopEasy,Electronics,Mobile,Canada,Delhi,TRUE,CHARGEBACK REQUESTED,,393658.8862499999,Negative
2024-04-03,DEBIT,16.69,INR ,1.0,-1641954.78,Amazon,Dining,Cafe,Australia,Bengaluru,TRUE,SUSPECTED FRAUD,,3171.1000000000004,Negative
2024-04-03,DEBIT,24.46,GBP,101.6285,-174080.26,ElectroWorld,Education,Course,UK,Hyderabad,TRUE,PROMO APPLIED,,472308.2909,Negative
2024-03-20,DEBIT,33.37,USD,77.6921,-1560917.76,Amazon,Travel,Taxi,Canada,Hyderabad,TRUE,MANUAL ADJUSTMENT,2026.0,492591.22163,Negative
2025-06-20,DEBIT,36.39,GBP,92.6521,-1641954.78,BigBasket,Health,Pharmacy,USA,Kolkata,TRUE,MANUAL ADJUSTMENT,2023.0,640605.88461,Negative
2025-02-24,CREDIT,33.37,INR,1.0,-2867784.59,Amazon,Electronics,Laptop,UAE,Chennai,TRUE,,,6340.299999999999,Negative
2024-09-26,REFUND,42.09,USD,82.3262,-1641954.78,Reliance,Entertainment,Streaming,USA,Kolkata,TRUE,,2016.0,658370.85402,Negative
2025-07-14,CREDIT,56.05,INR,1.0,-1641954.78,Zomato,Health,Clinic,UK,Chennai,TRUE,,,10649.5,Negative
2025-06-14,DEBIT,33.37,AED,21.6986,-1131451.37,Reliance,Travel,Hotel,India,Noida,TRUE,MONTHLY SUBSCRIPTION,2023.0,137575.63358,Negative
2025-07-03,CREDIT,11.51,USD,73.1757,-2235815.78,Swiggy,Electronics,Accessory,UAE,Pune,TRUE,CHARGEBACK REQUESTED,2015.0,160027.93833,Negative
2025-05-12,CREDIT,7.39,INR,1.0,-1641954.78,Swiggy,Electronics,Laptop,India,Bengaluru,TRUE,REPEAT PURCHASE,,1404.1,Negative
2025-03-19,DEBIT,12.68,GBP,100.8376,-2119767.62,Paytm Mall,Electronics,Laptop,UK,Jaipur,TRUE,CASHBACK CREDITED,,242937.94592,Negative
2024-06-24,DEBIT,10.36,USD ,78.4647,-565165.47,Flipkart,Electronics,Accessory,USA,Bengaluru,TRUE,CASHBACK CREDITED,2020.0,154449.91547999997,Negative
2024-03-14,CREDIT,193.52,AED,20.1681,-974646.17,Reliance,Groceries,Specialty,UAE,Pune,TRUE,,,741556.83528,Negative
2025-01-27,DEBIT,10.4,GBP,99.8443,-258284.4,ElectroWorld,Utilities,Electricity,India,Pune,TRUE,MONTHLY SUBSCRIPTION,2018.0,197292.33680000002,Negative
2024-06-15,DEBIT,31.9,INR,1.0,-2208727.1,ShopEasy,Entertainment,Concert,India,Delhi,TRUE,MONTHLY SUBSCRIPTION,,6061.0,Negative
2023-11-11,CREDIT,17.15,INR,1.0,-1626407.49,LocalMart,Clothing,Men,India,Hyderabad,TRUE,CASHBACK CREDITED,2018.0,3258.4999999999995,Negative
2025-05-02,DEBIT,39.99,USD,72.3386,-1641954.78,ElectroWorld,Clothing,Women,UK,Mumbai,TRUE,CHARGEBACK REQUESTED,2021.0,549635.91666,Negative
2023-11-26,REFUND,33.37,AED,21.3862,-1284368.72,AutoZone,Travel,Taxi,Australia,Kolkata,TRUE,,2015.0,135594.92385999998,Negative
2023-10-05,CREDIT,33.37,INR,1.0,-1641954.78,Amazon,Education,Books,India,Kolkata,TRUE,MANUAL ADJUSTMENT,2019.0,6340.299999999999,Negative
2024-10-25,REFUND,199.72,USD,75.5765,-1889148.36,Amazon,Dining,Restaurant,Australia,Chennai,TRUE,REPEAT PURCHASE,2022.0,2867886.3301999997,Negative
2024-12-03,CREDIT,20.07,USD,75.4166,-1556894.19,Reliance,Education,Books,USA,Gurugram,TRUE,PROMO APPLIED,2022.0,287586.12078000006,Negative
2023-11-03,CREDIT,33.37,INR,1.0,-1272765.28,LocalMart,Groceries,Supermarket,USA,Hyderabad,TRUE,REPEAT PURCHASE,,6340.299999999999,Negative
2024-10-17,CREDIT,81.44,AED,20.2114,-2231503.04,Paytm Mall,Health,Clinic,USA,Bengaluru,TRUE,CHARGEBACK REQUESTED,2025.0,312743.11903999996,Negative
2024-07-22,DEBIT,33.37,INR,1.0,-1870865.44,Amazon,Travel,Hotel,USA,Bengaluru,TRUE,CASHBACK CREDITED,,6340.299999999999,Negative
2025-01-01,CREDIT,33.37,AED,18.0324,-1559620.14,AutoZone,Dining,FastFood,UAE,Pune,TRUE,CHARGEBACK REQUESTED,2018.0,114330.82572,Negative
2024-10-01,DEBIT,42.21,INR,1.0,-2902009.51,BigBasket,Travel,Flight,Canada,Delhi,TRUE,REPEAT PURCHASE,,8019.900000000001,Negative
2025-08-14,DEBIT,205.45,USD,75.7743,-1641210.0,Swiggy,Travel,Flight,Australia,Hyderabad,TRUE,MANUAL ADJUSTMENT,,2957887.6876499997,Negative
2024-06-27,DEBIT,82.32,USD,81.3641,-2773021.59,Starbucks,Education,Course,USA,Mumbai,TRUE,CHARGEBACK REQUESTED,2023.0,1272599.6152799998,Negative
2025-02-02,REFUND,74.42,INR,1.0,-481268.55,ElectroWorld,Dining,Cafe,UK,Bengaluru,TRUE,MONTHLY SUBSCRIPTION,2024.0,14139.800000000001,Negative
2024-08-30,DEBIT,20.64,USD,80.6289,-2936129.81,Swiggy,Health,Clinic,Canada,Kolkata,TRUE,MANUAL ADJUSTMENT,2021.0,316194.29424,Negative
2023-11-03,DEBIT,3.34,INR,1.0,-2231950.05,Amazon,Automotive,Fuel,UK,Delhi,TRUE,PROMO APPLIED,,634.6,Negative
2024-04-10,DEBIT,33.37,GBP,109.4738,-1077482.94,Reliance,Health,Clinic,UAE,Kolkata,TRUE,CASHBACK CREDITED,,694096.73414,Negative
2025-05-06,DEBIT,0.97,USD,78.5111,-1641954.78,Paytm Mall,Clothing,Men,Canada,Jaipur,TRUE,CHARGEBACK REQUESTED,,14469.59573,Negative
2023-12-06,CREDIT,35.96,USD,80.3824,-155363.71,Reliance,Utilities,Electricity,India,Pune,TRUE,CASHBACK CREDITED,,549204.70976,Negative
2023-10-31,DEBIT,4.6,INR,1.0,-557562.57,Zomato,Education,Books,India,Pune,TRUE,PROMO APPLIED,,873.9999999999999,Negative
2025-04-02,DEBIT,71.15,INR,1.0,-2467088.03,LocalMart,Clothing,Men,UK,Hyderabad,TRUE,MONTHLY SUBSCRIPTION,2016.0,13518.500000000002,Negative
2024-03-24,DEBIT,180.31,INR,1.0,-1076502.95,Swiggy,Utilities,Water,India,Delhi,TRUE,,,34258.9,Negative
2024-08-29,DEBIT,22.17,INR,1.0,-1641954.78,Reliance,Entertainment,Concert,UAE,Delhi,TRUE,MONTHLY SUBSCRIPTION,2015.0,4212.3,Negative
2024-02-13,REFUND,46.48,GBP,107.5498,-976249.83,Starbucks,Travel,Flight,India,Gurugram,TRUE,MONTHLY SUBSCRIPTION,,949793.7937599999,Negative
2025-06-19,CREDIT,33.26,INR,1.0,-1604223.0,BigBasket,Groceries,Specialty,USA,Jaipur,TRUE,SUSPECTED FRAUD,,6319.4,Negative
2025-06-11,CREDIT,33.37,USD,72.7563,-1652878.21,ElectroWorld,Automotive,Repair,Canada,Chennai,TRUE,MONTHLY SUBSCRIPTION,2015.0,461296.76888999995,Negative
2024-12-29,CREDIT,33.37,AED,21.3421,-2772867.72,Paytm Mall,Groceries,Specialty,UAE,Mumbai,TRUE,CHARGEBACK REQUESTED,2019.0,135315.31663,Negative
2025-05-12,DEBIT,54.07,GBP,106.5346,-1626749.67,Amazon,Education,Books,UAE,Delhi,TRUE,CASHBACK CREDITED,,1094461.90618,Negative
2025-08-25,REFUND,33.37,INR,1.0,-1085828.24,BigBasket,Health,Pharmacy,UK,Delhi,TRUE,CASHBACK CREDITED,,6340.299999999999,Negative
2024-03-22,CREDIT,23.74,GBP,93.7349,-2825085.98,Walmart,Groceries,Supermarket,Australia,Noida,TRUE,MANUAL ADJUSTMENT,2019.0,422800.63993999996,Negative
2024-08-16,CREDIT,33.37,GBP,95.7587,-1641954.78,Swiggy,Electronics,Mobile,USA,Hyderabad,TRUE,PROMO APPLIED,2024.0,607138.88561,Negative
2024-03-31,REFUND,76.43,GBP,106.5836,-1163060.26,ShopEasy,Education,Books,Canada,Hyderabad,TRUE,,,1547775.0641200002,Negative
2025-08-29,DEBIT,33.37,GBP,107.8908,-2935956.08,AutoZone,Utilities,Water,UAE,Mumbai,TRUE,REPEAT PURCHASE,2026.0,684060.03924,Negative
2023-11-16,DEBIT,63.57,USD,79.5669,-1641817.41,Starbucks,Travel,Taxi,USA,Jaipur,TRUE,SUSPECTED FRAUD,2018.0,961032.88827,Negative
2024-12-07,DEBIT,65.15,GBP,92.6703,-558048.18,Flipkart,Clothing,Men,India,Kolkata,TRUE,MANUAL ADJUSTMENT,,1147119.30855,Negative
2023-10-14,REFUND,35.66,AED,19.158,-1641954.78,Amazon,Utilities,Water,USA,Gurugram,TRUE,CASHBACK CREDITED,,129803.11319999999,Negative
2024-01-07,DEBIT,243.83,GBP,100.2731,-2583069.36,AutoZone,Education,Course,Australia,Jaipur,TRUE,CASHBACK CREDITED,2024.0,4645422.09487,Negative
2023-12-19,DEBIT,55.92,USD,79.6066,-1008465.9,Flipkart,Entertainment,Movies,Canada,Delhi,TRUE,REPEAT PURCHASE,,845804.20368,Negative
2024-09-25,DEBIT,33.37,GBP,100.7505,-1713365.51,Paytm Mall,Clothing,Men,India,Gurugram,TRUE,PROMO APPLIED,,638788.39515,Negative
2024-08-30,DEBIT,130.5,AED,19.3759,-145816.81,BigBasket,Entertainment,Concert,USA,Hyderabad,TRUE,CASHBACK CREDITED,,480425.4405,Negative
2024-09-08,CREDIT,33.37,INRR,1.0,-1652792.25,ElectroWorld,Groceries,Specialty,UK,Pune,TRUE,MONTHLY SUBSCRIPTION,2021.0,6340.299999999999,Negative
2024-05-16,REFUND,105.83,USD,80.8552,-1500067.98,Amazon,Utilities,Water,Canada,Chennai,TRUE,CHARGEBACK REQUESTED,,1625812.1050399998,Negative
2025-02-06,CREDIT,126.77,INR,1.0,-2866446.93,Paytm Mall,Utilities,Internet,Australia,Delhi,TRUE,MANUAL ADJUSTMENT,,24086.3,Negative
2024-04-12,DEBIT,61.31,GBP,101.5575,-144880.35,ShopEasy,Automotive,Fuel,UK,Kolkata,TRUE,MANUAL ADJUSTMENT,,1183033.1617500002,Negative
2025-01-02,DEBIT,67.67,USD,73.8306,-2232265.94,LocalMart,Groceries,Supermarket,Canada,Gurugram,TRUE,PROMO APPLIED,2020.0,949262.17338,Negative
2025-02-07,REFUND,44.33,AED,21.0262,-2481848.4,LocalMart,Dining,Cafe,UAE,Pune,TRUE,CASHBACK CREDITED,,177097.37473999997,Negative
2025-05-15,REFUND,33.37,GBP,93.0795,-2238034.05,Myntra,Dining,Restaurant,UAE,Hyderabad,TRUE,CHARGEBACK REQUESTED,,590151.9538499999,Negative
2025-05-12,CREDIT,8.87,GBP,99.3812,-1641954.78,Swiggy,Education,Books,USA,Noida,TRUE,CHARGEBACK REQUESTED,,167487.13636,Negative
2024-08-01,DEBIT,35.2,AED,20.8904,-1214521.16,Swiggy,Education,Books,UAE,Kolkata,TRUE,MONTHLY SUBSCRIPTION,,139714.9952,Negative
2025-01-08,CREDIT,89.69,USD,81.2599,-279945.04,LocalMart,Automotive,Repair,India,Gurugram,TRUE,CASHBACK CREDITED,2025.0,1384758.08189,Negative
2023-10-17,CREDIT,32.64,INR,1.0,-1270578.92,AutoZone,Health,Pharmacy,USA,Mumbai,TRUE,SUSPECTED FRAUD,,6201.6,Negative
2025-07-20,REFUND,177.57,GBP,102.5547,-2825066.33,Amazon,Automotive,Repair,Australia,Gurugram,TRUE,CASHBACK CREDITED,,3460021.23501,Negative
2025-08-06,CREDIT,14.03,USD,79.9366,-1435813.85,Paytm Mall,Automotive,Repair,Canada,Pune,TRUE,CHARGEBACK REQUESTED,2022.0,213086.99461999998,Negative
2024-01-25,CREDIT,69.08,USD,80.6885,-555071.43,Swiggy,Dining,Cafe,UAE,Kolkata,TRUE,CASHBACK CREDITED,2024.0,1059052.7002,Negative
2025-06-29,DEBIT,33.37,AED,21.249,-2934333.73,Flipkart,Travel,Hotel,Australia,Bengaluru,TRUE,REPEAT PURCHASE,2025.0,134725.03469999996,Negative
2025-04-23,DEBIT,33.37,USD,73.1607,-1641954.78,Flipkart,Health,Pharmacy,India,Chennai,TRUE,MANUAL ADJUSTMENT,,463860.78621,Negative
2025-05-19,CREDIT,2.72,INR,1.0,-440972.72,Paytm Mall,Education,Books,Australia,Kolkata,TRUE,REPEAT PURCHASE,,516.8000000000001,Negative
2023-10-21,CREDIT,33.37,INRR,1.0,-2727743.34,Myntra,Electronics,Accessory,USA,Pune,TRUE,PROMO APPLIED,,6340.299999999999,Negative
2024-10-09,DEBIT,13.05,INR,1.0,-2727798.73,Paytm Mall,Clothing,Women,UAE,Gurugram,TRUE,PROMO APPLIED,2024.0,2479.5,Negative
2024-03-22,DEBIT,59.04,INR,1.0,-1500777.69,AutoZone,Education,Course,UK,Pune,TRUE,CHARGEBACK REQUESTED,2024.0,11217.6,Negative
2025-03-22,DEBIT,5.25,INR,1.0,-190019.8,Reliance,Electronics,Accessory,India,Hyderabad,TRUE,PROMO APPLIED,,997.5,Negative
2025-08-25,DEBIT,33.37,INR,1.0,-1560690.83,LocalMart,Groceries,Supermarket,UK,Hyderabad,TRUE,CASHBACK CREDITED,,6340.299999999999,Negative
2025-08-25,DEBIT,83.94,INR,1.0,-2867972.85,Starbucks,Electronics,Mobile,India,Kolkata,TRUE,SUSPECTED FRAUD,2025.0,15948.6,Negative
2023-12-31,DEBIT,33.37,INR,1.0,-1500930.63,LocalMart,Education,Course,India,Pune,TRUE,CASHBACK CREDITED,2025.0,6340.299999999999,Negative
2023-09-14,DEBIT,33.37,USD,82.0754,-635010.91,BigBasket,Clothing,Men,India,Hyderabad,TRUE,SUSPECTED FRAUD,,520382.65861999994,Negative
2024-06-23,DEBIT,33.37,AED,18.3141,-1808769.09,Starbucks,Dining,Cafe,UK,Gurugram,TRUE,CHARGEBACK REQUESTED,2016.0,116116.88822999998,Negative
2025-05-15,DEBIT,1.81,AED,20.0826,-539943.14,Starbucks,Clothing,Women,USA,Mumbai,TRUE,REPEAT PURCHASE,2018.0,6906.40614,Negative
2024-03-13,DEBIT,25.33,INR,1.0,-1641954.78,Walmart,Dining,Restaurant,USA,Delhi,TRUE,,,4812.7,Negative
2025-07-22,DEBIT,9.99,AED,20.3419,-1000698.64,AutoZone,Automotive,Fuel,UAE,Gurugram,TRUE,CHARGEBACK REQUESTED,2015.0,38610.96039,Negative
2023-09-27,REFUND,30.72,USD,81.447,-2235194.88,Paytm Mall,Education,Books,Australia,Hyderabad,TRUE,SUSPECTED FRAUD,2018.0,475389.8496,Negative
2025-09-08,CREDIT,37.03,USD,75.4392,-1641954.78,Zomato,Entertainment,Movies,UAE,Noida,TRUE,,2021.0,530767.57944,Negative
2025-03-11,DEBIT,33.37,INR,1.0,-1198242.74,Amazon,Groceries,Specialty,UK,Hyderabad,TRUE,REPEAT PURCHASE,2018.0,6340.299999999999,Negative
2025-09-02,REFUND,103.93,USD,75.6162,-1197716.71,LocalMart,Electronics,Laptop,India,Delhi,TRUE,,,1493170.4165400001,Negative
2025-05-14,DEBIT,96.01,USD,75.024,-2622963.64,Paytm Mall,Utilities,Internet,India,Chennai,TRUE,PROMO APPLIED,2016.0,1368580.3056,Negative
2024-07-17,REFUND,29.57,USD,77.8519,-1641954.78,Amazon,Health,Pharmacy,India,Noida,TRUE,SUSPECTED FRAUD,,437395.32977,Negative
2025-05-20,CREDIT,10.71,INR,1.0,-2419600.26,Myntra,Groceries,Specialty,USA,Mumbai,TRUE,CASHBACK CREDITED,2015.0,2034.9,Negative
2024-12-02,REFUND,92.27,INR,1.0,-1604972.52,BigBasket,Utilities,Electricity,Canada,Noida,TRUE,SUSPECTED FRAUD,,17531.3,Negative
2025-06-28,CREDIT,33.37,INR,1.0,-2773758.49,Paytm Mall,Electronics,Accessory,Australia,Mumbai,TRUE,CHARGEBACK REQUESTED,,6340.299999999999,Negative
2024-06-27,DEBIT,33.37,USD,72.3678,-1626558.83,Flipkart,Automotive,Repair,Australia,Pune,TRUE,MANUAL ADJUSTMENT,,458833.56234,Negative
2024-05-08,DEBIT,8.96,INR,1.0,-1560695.31,Swiggy,Dining,Cafe,India,Hyderabad,TRUE,CHARGEBACK REQUESTED,,1702.4,Negative
2024-12-07,CREDIT,33.37,USD,78.4265,-1129893.41,Starbucks,Clothing,Women,Australia,Delhi,TRUE,REPEAT PURCHASE,,497247.53795,Negative
2023-11-27,CREDIT,116.59,GBP,98.657,-1641954.78,Walmart,Health,Pharmacy,UAE,Pune,TRUE,SUSPECTED FRAUD,,2185459.7297,Negative
2024-11-10,DEBIT,33.37,INR,1.0,-2579945.99,BigBasket,Education,Books,UAE,Kolkata,TRUE,REPEAT PURCHASE,,6340.299999999999,Negative
2024-04-17,CREDIT,2.83,AED,18.2672,-1641954.78,Amazon,Travel,Flight,Australia,Gurugram,TRUE,REPEAT PURCHASE,,9822.27344,Negative
2025-02-04,CREDIT,272.17,USD,82.913,-258092.31,Walmart,Groceries,Supermarket,Australia,Delhi,TRUE,PROMO APPLIED,,4287621.9299,Negative
2024-08-21,DEBIT,86.71,INR,1.0,-2230443.67,ElectroWorld,Groceries,Supermarket,USA,Pune,TRUE,"CHARGEBACK REQUESTED -- VERIFY
CONTACT SUPPORT",,16474.899999999998,Negative
2023-11-14,DEBIT,18.56,USD,75.8626,-2825636.28,ShopEasy,Health,Pharmacy,Australia,Jaipur,TRUE,,,267521.87263999996,Negative
2024-09-25,REFUND,32.39,USD,74.5448,-189019.98,Walmart,Dining,Cafe,USA,Mumbai,TRUE,CHARGEBACK REQUESTED,,458756.15367999993,Negative
2025-06-04,DEBIT,75.53,INR,1.0,-1641954.78,Paytm Mall,Automotive,Fuel,UK,Noida,TRUE,CASHBACK CREDITED,2022.0,14350.7,Negative
2024-06-15,DEBIT,59.37,INR,1.0,-965459.02,Amazon,Electronics,Accessory,India,Gurugram,TRUE,REPEAT PURCHASE,,11280.3,Negative
2025-02-19,DEBIT,61.46,USD,78.4667,-2121272.99,Starbucks,Health,Clinic,India,Mumbai,TRUE,MANUAL ADJUSTMENT,,916287.04258,Negative
2024-11-18,REFUND,29.66,INR,1.0,-2120455.84,Reliance,Clothing,Women,Australia,Bengaluru,TRUE,SUSPECTED FRAUD,2020.0,5635.4,Negative
2025-02-24,CREDIT,74.28,USD,75.1181,-977221.35,ElectroWorld,Electronics,Accessory,Canada,Gurugram,TRUE,REPEAT PURCHASE,,1060156.76892,Negative
2024-07-20,DEBIT,33.37,USD,78.7011,-1169304.14,Amazon,Dining,Restaurant,USA,Kolkata,TRUE,MONTHLY SUBSCRIPTION,,498988.58433,Negative
2025-02-11,DEBIT,15.24,INR,1.0,-260082.64,Myntra,Dining,Cafe,India,Gurugram,TRUE,SUSPECTED FRAUD,2016.0,2895.6,Negative
2024-01-13,CREDIT,3.43,USD,77.369,-2235671.75,AutoZone,Education,Books,USA,Mumbai,TRUE,CHARGEBACK REQUESTED,,50421.3773,Negative
2025-03-23,REFUND,319.01,INR,1.0,-1642174.14,LocalMart,Entertainment,Movies,USA,Noida,TRUE,MONTHLY SUBSCRIPTION,,60611.9,Negative
2024-04-12,DEBIT,18.18,GBP,107.8199,-1627016.08,AutoZone,Entertainment,Movies,Canada,Pune,TRUE,MANUAL ADJUSTMENT,2018.0,372431.49858,Negative
2024-04-17,DEBIT,287.32,USD,75.3127,-1198289.97,Starbucks,Entertainment,Concert,USA,Delhi,TRUE,CASHBACK CREDITED,,4111380.54316,Negative
2024-07-03,DEBIT,76.27,USD,80.4524,-1714130.55,Amazon,Utilities,Electricity,Australia,Kolkata,TRUE,MONTHLY SUBSCRIPTION,2020.0,1165859.8641199998,Negative
2024-01-13,REFUND,36.28,INR,1.0,-1436020.29,Swiggy,Electronics,Accessory,USA,Pune,TRUE,MANUAL ADJUSTMENT,2020.0,6893.2,Negative
2025-06-07,DEBIT,42.07,USD,78.7338,-2419242.73,LocalMart,Health,Clinic,UK,Mumbai,TRUE,CASHBACK CREDITED,,629342.88354,Negative
2025-01-30,CREDIT,33.37,AED,19.2664,-1641954.78,Walmart,Utilities,Electricity,UK,Hyderabad,TRUE,,,122154.75592,Negative
2024-01-02,DEBIT,7.04,INR,1.0,-1641954.78,Paytm Mall,Dining,Restaurant,UK,Noida,TRUE,CHARGEBACK REQUESTED,,1337.6,Negative
2023-12-18,REFUND,8.26,USD,81.9202,-2462096.71,Walmart,Education,Books,Canada,Delhi,TRUE,PROMO APPLIED,,128565.56188,Negative
2024-05-15,CREDIT,20.69,AED,20.4887,-2582639.25,AutoZone,Dining,Restaurant,UAE,Jaipur,TRUE,CHARGEBACK REQUESTED,,80543.12857000002,Negative
2025-03-11,CREDIT,38.39,INR,1.0,-1984873.36,BigBasket,Education,Books,UAE,Hyderabad,TRUE,SUSPECTED FRAUD,,7294.1,Negative
2023-10-20,REFUND,36.28,USD,74.5474,-595469.91,ElectroWorld,Groceries,Supermarket,UAE,Kolkata,TRUE,MONTHLY SUBSCRIPTION,,513870.13768,Negative
2024-07-15,DEBIT,33.37,USD,74.4365,-1482998.21,ElectroWorld,Groceries,Specialty,UAE,Mumbai,TRUE,CHARGEBACK REQUESTED,,471949.74094999995,Negative
2024-12-28,CREDIT,49.71,GBP,99.4643,-279633.47,Paytm Mall,Dining,FastFood,Canada,Gurugram,TRUE,PROMO APPLIED,2020.0,939430.36707,Negative
2024-08-25,REFUND,19.78,GBP,108.4023,-1130594.14,LocalMart,Education,Course,UAE,Bengaluru,TRUE,MONTHLY SUBSCRIPTION,,407397.52386,Negative
2024-02-26,DEBIT,119.8,INR,1.0,-1641954.78,Walmart,Health,Pharmacy,UAE,Pune,TRUE,CASHBACK CREDITED,2025.0,22762.0,Negative
2024-10-16,CREDIT,41.43,GBP,104.0548,-529751.84,AutoZone,Electronics,Laptop,India,Delhi,TRUE,CHARGEBACK REQUESTED,2025.0,819088.16916,Negative
2024-06-28,CREDIT,33.37,GBP,92.6432,-1642378.36,Starbucks,Electronics,Mobile,India,Hyderabad,TRUE,PROMO APPLIED,,587385.6809599999,Negative
2025-02-18,REFUND,17.06,INR,1.0,-2117769.75,Starbucks,Automotive,Repair,USA,Pune,TRUE,SUSPECTED FRAUD,,3241.3999999999996,Negative
2024-05-27,CREDIT,75.94,INR,1.0,-2868164.07,Walmart,Automotive,Fuel,India,Delhi,TRUE,CHARGEBACK REQUESTED,,14428.6,Negative
2023-12-31,REFUND,6.79,INR,1.0,-189738.78,AutoZone,Health,Pharmacy,USA,Mumbai,TRUE,,2017.0,1290.1,Negative
2023-12-06,CREDIT,38.5,USD,79.7451,-556645.03,BigBasket,Entertainment,Movies,Australia,Bengaluru,TRUE,PROMO APPLIED,2018.0,583335.4065,Negative
2025-04-10,REFUND,21.52,GBP,96.2674,-528544.18,Paytm Mall,Entertainment,Movies,Australia,Gurugram,TRUE,MONTHLY SUBSCRIPTION,,393618.14511999994,Negative
2025-03-18,CREDIT,139.25,INR,1.0,-1641954.78,AutoZone,Clothing,Women,Canada,Delhi,TRUE,CASHBACK CREDITED,,26457.5,Negative
2024-08-09,DEBIT,33.37,AED,18.9811,-1641954.78,LocalMart,Entertainment,Concert,Canada,Delhi,TRUE,MANUAL ADJUSTMENT,,120345.86833,Negative
2025-07-25,DEBIT,33.37,INR,1.0,-1641954.78,Reliance,Groceries,Specialty,UK,Chennai,TRUE,CASHBACK CREDITED,2023.0,6340.299999999999,Negative
2025-03-26,DEBIT,45.61,USD,81.9414,-1935674.62,Walmart,Utilities,Internet,UK,Mumbai,TRUE,,,710095.97826,Negative
2023-12-05,CREDIT,5.95,GBP,98.5777,-174204.36,Myntra,Automotive,Repair,USA,Chennai,TRUE,CHARGEBACK REQUESTED,,111442.08984999999,Negative
2024-07-22,DEBIT,17.55,INR,1.0,-1641387.91,Zomato,Utilities,Internet,Australia,Delhi,TRUE,CASHBACK CREDITED,2023.0,3334.5,Negative
2023-11-02,REFUND,67.43,AED,20.3354,-987244.78,Swiggy,Electronics,Mobile,Australia,Bengaluru,TRUE,CASHBACK CREDITED,,260531.04418000003,Negative
2024-02-22,REFUND,64.67,INR,1.0,-965334.11,LocalMart,Entertainment,Movies,UAE,Mumbai,TRUE,SUSPECTED FRAUD,2022.0,12287.300000000001,Negative
2025-08-14,DEBIT,6.12,GBP,98.8029,-2825019.13,ElectroWorld,Health,Pharmacy,Australia,Chennai,TRUE,MONTHLY SUBSCRIPTION,2021.0,114888.01211999998,Negative
2025-06-26,CREDIT,25.76,USD,82.1094,-974659.05,Paytm Mall,Travel,Flight,Australia,Hyderabad,TRUE,,,401876.24736,Negative
2025-05-10,REFUND,39.01,USD,81.0381,-2934414.52,Swiggy,Travel,Flight,UK,Kolkata,TRUE,REPEAT PURCHASE,2018.0,600646.29339,Negative
2024-04-27,REFUND,11.45,USD,80.7514,-1641954.78,Myntra,Electronics,Accessory,Canada,Bengaluru,TRUE,MONTHLY SUBSCRIPTION,,175674.6707,Negative
2024-02-27,DEBIT,25.37,USD,79.7289,-2824850.29,Starbucks,Clothing,Women,Australia,Gurugram,TRUE,MANUAL ADJUSTMENT,,384317.21667,Negative
2025-01-22,CREDIT,33.37,GBP,90.7942,-278273.65,Reliance,Clothing,Women,UAE,Gurugram,TRUE,REPEAT PURCHASE,,575662.4662599999,Negative
2024-09-05,REFUND,40.77,USD,74.2495,-1641954.78,Reliance,Electronics,Mobile,Australia,Chennai,TRUE,MONTHLY SUBSCRIPTION,,575158.90185,Negative
2023-09-27,REFUND,33.37,USD,76.0389,-1284978.63,BigBasket,Dining,FastFood,UAE,Pune,TRUE,MANUAL ADJUSTMENT,,482109.43766999996,Negative
2024-09-16,DEBIT,20.78,INR,1.0,-2231770.2,Amazon,Travel,Taxi,Canada,Jaipur,TRUE,,2021.0,3948.2000000000003,Negative
2024-02-11,DEBIT,6.49,USD,78.1892,-2428266.35,ElectroWorld,Groceries,Supermarket,UAE,Mumbai,TRUE,REPEAT PURCHASE,2020.0,96415.10252000001,Negative
2024-09-15,DEBIT,18.63,USD,73.8385,-1560131.04,BigBasket,Automotive,Repair,UAE,Kolkata,TRUE,REPEAT PURCHASE,,261366.13844999997,Negative
2024-04-01,DEBIT,33.37,GBP,104.2402,-447113.65,Amazon,Utilities,Electricity,Canada,Hyderabad,TRUE,CHARGEBACK REQUESTED,,660914.14006,Negative
2024-01-18,REFUND,146.46,INR,1.0,-1641954.78,Amazon,Clothing,Men,Australia,Hyderabad,TRUE,MONTHLY SUBSCRIPTION,2015.0,27827.4,Negative
2024-08-31,DEBIT,10.25,USD,73.6912,-276180.72,Myntra,Education,Books,UAE,Jaipur,TRUE,CHARGEBACK REQUESTED,2022.0,143513.612,Negative
2024-11-11,DEBIT,90.08,GBP,108.8604,-1641954.78,AutoZone,Health,Clinic,USA,Kolkata,TRUE,CASHBACK CREDITED,,1863167.51808,Negative
2025-06-07,REFUND,22.54,USD,82.2724,-1272568.24,BigBasket,Entertainment,Concert,Australia,Bengaluru,TRUE,MONTHLY SUBSCRIPTION,2021.0,352339.78024,Negative
2024-04-25,DEBIT,4.78,USD,77.3381,-974549.41,Starbucks,Groceries,Specialty,Canada,Pune,TRUE,REPEAT PURCHASE,,70238.46242000001,Negative
2024-06-29,CREDIT,33.37,USD,76.967,-2495372.68,Amazon,Health,Clinic,UK,Bengaluru,TRUE,REPEAT PURCHASE,2015.0,487993.8701,Negative
2023-11-12,REFUND,33.37,USD,78.4803,-1641954.78,LocalMart,Health,Pharmacy,Canada,Mumbai,TRUE,MANUAL ADJUSTMENT,,497588.64608999994,Negative
2025-01-19,CREDIT,115.36,INR,1.0,-2592843.34,BigBasket,Automotive,Repair,Australia,Chennai,TRUE,MANUAL ADJUSTMENT,2022.0,21918.4,Negative
2023-10-19,CREDIT,28.37,AED,18.6489,-2773272.72,LocalMart,Electronics,Mobile,Canada,Kolkata,TRUE,MONTHLY SUBSCRIPTION,2019.0,100523.16567,Negative
2024-04-29,DEBIT,24.39,GBP,97.3566,-2773642.03,Flipkart,Education,Course,Australia,Bengaluru,TRUE,,2017.0,451160.22006,Negative
2025-04-11,CREDIT,33.37,USD,75.7501,-2921915.79,AutoZone,Entertainment,Streaming,UK,Kolkata,TRUE,CASHBACK CREDITED,2016.0,480278.35902999993,Negative
2025-02-07,REFUND,20.86,AED,20.0583,-143871.7,ShopEasy,Health,Pharmacy,UAE,Mumbai,TRUE,SUSPECTED FRAUD,,79499.06622,Negative
2024-01-31,CREDIT,6.57,GBP,99.2974,-2868224.37,Myntra,Dining,Restaurant,USA,Delhi,TRUE,MONTHLY SUBSCRIPTION,,123952.94442,Negative
2025-01-22,REFUND,33.37,USD,76.5728,-2678244.6,Reliance,Groceries,Specialty,USA,Delhi,TRUE,SUSPECTED FRAUD,2020.0,485494.52384,Negative
2024-08-02,DEBIT,33.24,AED,18.3676,-2592449.74,Reliance,Electronics,Accessory,Canada,Noida,TRUE,,2023.0,116002.41456,Negative
2024-10-28,CREDIT,33.37,USD,73.778,-276104.94,Starbucks,Groceries,Supermarket,Australia,Pune,TRUE,PROMO APPLIED,,467774.6534,Negative
2024-08-18,CREDIT,10.41,AED,21.5651,-1824334.64,Starbucks,Dining,Cafe,UK,Mumbai,TRUE,REPEAT PURCHASE,2025.0,42653.61129,Negative
2024-02-24,CREDIT,12.6,GBP,94.549,-1850280.28,ElectroWorld,Clothing,Women,UAE,Bengaluru,TRUE,MANUAL ADJUSTMENT,,226350.306,Negative
2024-01-18,DEBIT,11.71,INR,1.0,-1641954.78,Flipkart,Automotive,Repair,Canada,Pune,TRUE,REPEAT PURCHASE,2019.0,2224.9,Negative
2024-02-02,DEBIT,6.12,USD,76.0671,-1641954.78,Swiggy,Entertainment,Streaming,UAE,Bengaluru,TRUE,MANUAL ADJUSTMENT,2017.0,88450.82388,Negative
2025-04-14,DEBIT,33.37,GBP,91.7786,-1823804.24,Paytm Mall,Dining,Cafe,USA,Hyderabad,TRUE,SUSPECTED FRAUD,,581903.85758,Negative
2024-05-24,REFUND,94.77,AED,18.6371,-2428673.5,LocalMart,Groceries,Supermarket,USA,Pune,TRUE,CHARGEBACK REQUESTED,,335585.21373,Negative
2025-07-11,DEBIT,33.37,GBP,93.3952,-434279.92,Myntra,Health,Clinic,UK,Hyderabad,TRUE,SUSPECTED FRAUD,,592153.58656,Negative
2024-11-30,CREDIT,30.68,AED,18.9868,-1558997.47,ShopEasy,Clothing,Men,India,Delhi,TRUE,,2022.0,110677.85455999999,Negative
2025-05-10,CREDIT,104.04,USD,73.4101,-1641954.78,ShopEasy,Health,Pharmacy,USA,Mumbai,TRUE,SUSPECTED FRAUD,,1451141.49276,Negative
2023-12-26,REFUND,167.78,USD,78.7931,-1641954.78,ElectroWorld,Clothing,Men,USA,Jaipur,TRUE,CHARGEBACK REQUESTED,,2511782.2004199997,Negative
2025-04-03,DEBIT,122.75,AED,20.2815,-2922640.62,LocalMart,Clothing,Women,USA,Chennai,TRUE,MANUAL ADJUSTMENT,2021.0,473015.28375,Negative
2023-10-12,CREDIT,83.61,USD,75.2763,-2466621.72,Paytm Mall,Clothing,Women,Canada,Jaipur,TRUE,MANUAL ADJUSTMENT,2017.0,1195831.77417,Negative
2024-10-04,DEBIT,154.04,USD,76.6063,-1076071.22,Swiggy,Groceries,Specialty,UK,Bengaluru,TRUE,CHARGEBACK REQUESTED,,2242082.54588,Negative
2024-03-19,DEBIT,33.37,USD,73.4011,-2462102.63,Reliance,Health,Pharmacy,UK,Mumbai,TRUE,MONTHLY SUBSCRIPTION,2020.0,465384.99432999996,Negative
2025-02-06,DEBIT,36.7,GBP,106.7097,-1557895.5,Walmart,Education,Course,India,Gurugram,TRUE,PROMO APPLIED,,744086.7381000001,Negative
2025-05-20,CREDIT,18.63,GBP,92.9491,-144103.19,ElectroWorld,Entertainment,Streaming,Australia,Bengaluru,TRUE,PROMO APPLIED,,329011.92926999996,Negative
2023-12-15,CREDIT,94.75,GBP,92.557,-1640659.57,Swiggy,Clothing,Men,India,Delhi,TRUE,REPEAT PURCHASE,,1666257.3925,Negative
2023-10-01,CREDIT,33.37,INR,1.0,-2463759.92,Flipkart,Education,Course,UAE,Gurugram,TRUE,MONTHLY SUBSCRIPTION,,6340.299999999999,Negative
2024-09-30,DEBIT,27.75,AED,20.8672,-2623000.88,Walmart,Clothing,Men,USA,Mumbai,TRUE,CHARGEBACK REQUESTED,,110022.312,Negative
2024-05-06,CREDIT,195.57,AED,18.6012,-1641954.78,Zomato,Groceries,Supermarket,USA,Gurugram,TRUE,SUSPECTED FRAUD,2022.0,691188.9699599999,Negative
2025-04-26,CREDIT,4.24,AED,21.2906,-189669.41,Reliance,Health,Clinic,Australia,Gurugram,TRUE,PROMO APPLIED,,17151.707360000004,Negative
2025-05-13,DEBIT,60.04,USD,77.307,-1641954.78,Flipkart,Electronics,Laptop,Canada,Noida,TRUE,SUSPECTED FRAUD,,881887.3332,Negative
2024-04-14,REFUND,36.01,USD,74.8982,-174494.44,ElectroWorld,Health,Clinic,USA,Bengaluru,TRUE,,2022.0,512445.99458,Negative
2025-01-02,CREDIT,27.36,INR,1.0,-1626214.31,AutoZone,Health,Clinic,India,Bengaluru,TRUE,,,5198.4,Negative
2025-05-13,DEBIT,33.37,INR,1.0,-1641954.78,Starbucks,Groceries,Supermarket,Canada,Pune,TRUE,,,6340.299999999999,Negative
2024-10-24,DEBIT,20.26,GBP,99.745,-2338549.16,Starbucks,Clothing,Women,Australia,Jaipur,TRUE,,2023.0,383958.40300000005,Negative
2025-03-05,CREDIT,36.43,GBP,98.9588,-2772980.43,Zomato,Dining,Cafe,UAE,Delhi,TRUE,,2026.0,684963.12596,Negative
2024-04-18,REFUND,11.84,AED,18.5645,-160836.64,AutoZone,Clothing,Women,Australia,Pune,TRUE,,,41762.699199999995,Negative
2025-03-01,REFUND,24.56,INR,1.0,-258104.59,Zomato,Travel,Taxi,UK,Gurugram,TRUE,REPEAT PURCHASE,2019.0,4666.4,Negative
2024-11-27,REFUND,14.69,INR,1.0,-1271160.58,BigBasket,Groceries,Specialty,India,Hyderabad,TRUE,SUSPECTED FRAUD,,2791.1,Negative
2023-12-25,DEBIT,83.6,USD,77.0888,-542928.83,Reliance,Entertainment,Movies,Canada,Pune,TRUE,MANUAL ADJUSTMENT,,1224478.4992,Negative
2025-03-11,DEBIT,33.37,USD,78.2773,-434826.0,Flipkart,Electronics,Laptop,USA,Jaipur,TRUE,REPEAT PURCHASE,,496301.56519,Negative
2023-12-18,DEBIT,18.0,AED,19.8245,-1199697.94,Zomato,Utilities,Internet,USA,Delhi,TRUE,MONTHLY SUBSCRIPTION,,67799.79000000001,Negative
2024-08-05,DEBIT,33.37,INR,1.0,-2903183.27,Amazon,Health,Pharmacy,Australia,Gurugram,TRUE,REPEAT PURCHASE,2019.0,6340.299999999999,Negative
2025-04-22,REFUND,228.27,INR,1.0,-1641954.78,Zomato,Groceries,Specialty,UK,Hyderabad,TRUE,MANUAL ADJUSTMENT,,43371.3,Negative
2025-08-04,CREDIT,48.09,USD,75.2533,-188918.06,Starbucks,Automotive,Fuel,USA,Mumbai,TRUE,MONTHLY SUBSCRIPTION,2017.0,687596.9274299999,Negative
2024-09-23,DEBIT,8.78,GBP,106.2463,-144120.83,BigBasket,Education,Books,UK,Gurugram,TRUE,"MANUAL ADJUSTMENT -- VERIFY
CONTACT SUPPORT",,177240.07765999998,Negative
2025-03-25,REFUND,44.24,INR,1.0,-1616701.34,Myntra,Education,Course,Australia,Delhi,TRUE,PROMO APPLIED,2026.0,8405.6,Negative
2024-12-11,CREDIT,199.39,USD,80.7382,-280585.77,ElectroWorld,Health,Pharmacy,India,Gurugram,TRUE,MONTHLY SUBSCRIPTION,,3058694.04262,Negative
2024-09-01,DEBIT,33.37,USD,80.543,-2775572.17,Paytm Mall,Entertainment,Concert,UAE,Kolkata,TRUE,,2019.0,510666.7829,Negative
2024-10-12,REFUND,30.05,INR,1.0,-2514173.36,Reliance,Utilities,Internet,India,Hyderabad,TRUE,SUSPECTED FRAUD,2018.0,5709.5,Negative
2025-01-01,DEBIT,33.37,AED,20.5712,-1641954.78,Starbucks,Electronics,Laptop,India,Jaipur,TRUE,REPEAT PURCHASE,2018.0,130427.57935999999,Negative
2025-03-22,DEBIT,10.34,USD,77.4427,-1641954.78,Walmart,Health,Pharmacy,India,Hyderabad,TRUE,REPEAT PURCHASE,2023.0,152143.92842,Negative
2023-12-01,REFUND,73.06,USD,80.3326,-1641954.78,Amazon,Electronics,Accessory,USA,Kolkata,TRUE,MANUAL ADJUSTMENT,2020.0,1115128.9536400002,Negative
2024-02-13,DEBIT,246.43,INR,1.0,-595369.45,LocalMart,Entertainment,Concert,Canada,Noida,TRUE,MONTHLY SUBSCRIPTION,2017.0,46821.700000000004,Negative
2025-08-05,DEBIT,72.44,GBP,106.5062,-1641954.78,LocalMart,Automotive,Repair,UAE,Hyderabad,TRUE,CASHBACK CREDITED,,1465908.73432,Negative
2024-03-08,REFUND,33.37,USD,72.4436,-480734.12,ShopEasy,Education,Books,Australia,Mumbai,TRUE,SUSPECTED FRAUD,2015.0,459314.15708,Negative
2025-06-21,DEBIT,9.55,INR,1.0,-2825090.76,Swiggy,Electronics,Mobile,Canada,Delhi,TRUE,MONTHLY SUBSCRIPTION,2020.0,1814.5000000000002,Negative
2025-09-02,DEBIT,33.37,AED,20.2153,-2462427.38,Paytm Mall,Clothing,Women,Australia,Jaipur,TRUE,SUSPECTED FRAUD,,128171.06658999997,Negative
2024-05-20,DEBIT,22.84,USD,77.8553,-1641954.78,Zomato,Travel,Hotel,USA,Noida,TRUE,PROMO APPLIED,2018.0,337860.85988,Negative
2025-07-09,CREDIT,68.78,INR,1.0,-595714.78,Flipkart,Groceries,Supermarket,Australia,Pune,TRUE,,2016.0,13068.2,Negative
2024-09-07,DEBIT,33.37,USD,80.5857,-1162517.13,Starbucks,Education,Books,UAE,Bengaluru,TRUE,PROMO APPLIED,2024.0,510937.51370999997,Negative
2025-07-29,DEBIT,17.35,AED,21.9573,-1641954.78,Amazon,Automotive,Fuel,USA,Delhi,TRUE,,,72382.23945000001,Negative
2024-06-02,CREDIT,113.55,GBP,104.9216,-2764396.38,Myntra,Education,Books,USA,Noida,TRUE,CHARGEBACK REQUESTED,2016.0,2263631.0592,Negative
2024-09-22,DEBIT,58.43,GBP,91.7515,-160942.48,ShopEasy,Utilities,Internet,UK,Hyderabad,TRUE,SUSPECTED FRAUD,,1018597.62755,Negative
2024-01-04,DEBIT,39.86,GBP,105.3897,-2402723.73,Myntra,Automotive,Repair,USA,Kolkata,TRUE,CHARGEBACK REQUESTED,,798158.35398,Negative
2024-08-23,DEBIT,33.37,GBP,109.3282,-1641954.78,Myntra,Entertainment,Movies,Canada,Pune,TRUE,CHARGEBACK REQUESTED,,693173.5864599999,Negative
2025-08-17,DEBIT,11.56,INR,1.0,-1880158.18,Myntra,Groceries,Specialty,UK,Hyderabad,TRUE,PROMO APPLIED,,2196.4,Negative
2024-11-06,CREDIT,66.19,GBP,94.5685,-1641954.78,Starbucks,Utilities,Water,Australia,Gurugram,TRUE,PROMO APPLIED,,1189302.91285,Negative
2025-01-25,DEBIT,33.37,USD,80.8151,-281710.59,AutoZone,Utilities,Water,India,Mumbai,TRUE,REPEAT PURCHASE,,512391.97852999996,Negative
2025-02-12,CREDIT,51.43,GBP,109.0321,-1641954.78,Zomato,Clothing,Men,Australia,Bengaluru,TRUE,MANUAL ADJUSTMENT,2016.0,1065428.9715699998,Negative
2023-10-11,REFUND,79.59,GBP,97.1026,-1641954.78,Amazon,Groceries,Specialty,Australia,Hyderabad,TRUE,MONTHLY SUBSCRIPTION,,1468395.22746,Negative
2024-07-12,DEBIT,188.17,INR,1.0,-2873845.32,LocalMart,Groceries,Supermarket,India,Delhi,TRUE,CASHBACK CREDITED,,35752.299999999996,Negative
2024-12-02,DEBIT,21.12,GBP,91.0409,-436793.98,Walmart,Electronics,Mobile,India,Kolkata,TRUE,,2019.0,365328.92352,Negative
2025-07-14,DEBIT,10.86,GBP,102.3608,-2681038.62,LocalMart,Education,Course,UAE,Chennai,TRUE,CHARGEBACK REQUESTED,,211211.27472,Negative
2023-09-13,DEBIT,8.39,INR,1.0,-1131849.23,Zomato,Clothing,Women,Canada,Kolkata,TRUE,PROMO APPLIED,,1594.1000000000001,Negative
2025-03-10,CREDIT,104.53,USD,81.9542,-2681723.03,Myntra,Health,Clinic,UK,Hyderabad,TRUE,MONTHLY SUBSCRIPTION,2016.0,1627667.77994,Negative
2024-12-01,DEBIT,24.02,INR,1.0,-1676517.97,Zomato,Education,Course,USA,Gurugram,TRUE,MANUAL ADJUSTMENT,,4563.8,Negative
2023-11-23,CREDIT,277.26,INR,1.0,-446506.87,Amazon,Health,Pharmacy,UK,Hyderabad,TRUE,CASHBACK CREDITED,,52679.4,Negative
2024-06-11,REFUND,210.27,INR,1.0,-2868846.32,AutoZone,Groceries,Specialty,UK,Jaipur,TRUE,CASHBACK CREDITED,2023.0,39951.3,Negative
2023-10-20,DEBIT,18.52,INR,1.0,-1641954.78,Paytm Mall,Entertainment,Streaming,USA,Pune,TRUE,CHARGEBACK REQUESTED,2023.0,3518.7999999999997,Negative
2025-06-13,CREDIT,43.51,INR,1.0,-1641954.78,Zomato,Clothing,Women,Australia,Gurugram,TRUE,SUSPECTED FRAUD,2021.0,8266.9,Negative
2025-08-31,DEBIT,1.1,USD,73.4074,-1641954.78,ShopEasy,Utilities,Electricity,Canada,Delhi,TRUE,SUSPECTED FRAUD,2025.0,15342.146600000002,Negative
2025-07-13,CREDIT,14.54,GBP,103.3587,-1641954.78,Swiggy,Education,Course,Australia,Noida,TRUE,,,285538.74462,Negative
2025-03-19,CREDIT,108.08,GBP,94.1979,-1076646.07,LocalMart,Clothing,Men,Australia,Kolkata,TRUE,PROMO APPLIED,,1934372.71608,Negative
2024-02-18,DEBIT,73.55,USD,78.4689,-1870803.51,Amazon,Health,Clinic,UK,Bengaluru,TRUE,MONTHLY SUBSCRIPTION,,1096563.64305,Negative
2025-05-02,DEBIT,50.52,AED,20.4548,-537626.01,Amazon,Electronics,Laptop,India,Chennai,TRUE,MONTHLY SUBSCRIPTION,,196341.53424,Negative
2023-11-09,CREDIT,33.37,INR,1.0,-1849406.51,ShopEasy,Utilities,Internet,Australia,Bengaluru,TRUE,CHARGEBACK REQUESTED,2024.0,6340.299999999999,Negative
2024-11-23,CREDIT,162.99,INR,1.0,-2867739.01,Zomato,Clothing,Men,India,Gurugram,TRUE,,2026.0,30968.100000000002,Negative
2024-12-24,DEBIT,73.29,AED,21.2949,-1641954.78,Flipkart,Entertainment,Movies,UK,Mumbai,TRUE,PROMO APPLIED,,296533.61199,Negative
2024-07-03,DEBIT,399.54,GBP,90.5667,-541202.72,LocalMart,Groceries,Supermarket,UK,Mumbai,TRUE,CASHBACK CREDITED,,6875153.670419999,Negative
2023-12-15,DEBIT,29.13,INR,1.0,-1641954.78,Amazon,Entertainment,Concert,Australia,Delhi,TRUE,MANUAL ADJUSTMENT,,5534.7,Negative
2023-11-16,DEBIT,17.3,INRR,1.0,-2783832.6,Paytm Mall,Groceries,Specialty,Australia,Noida,TRUE,,,3287.0,Negative
2025-04-27,CREDIT,17.41,INR,1.0,-1284658.39,BigBasket,Dining,Restaurant,UK,Mumbai,TRUE,,2024.0,3307.9,Negative
2024-05-21,DEBIT,3.88,GBP,91.8849,-2065758.6,BigBasket,Utilities,Electricity,UAE,Bengaluru,TRUE,CHARGEBACK REQUESTED,,67737.54828,Negative
2025-02-07,DEBIT,43.81,GBP,98.8583,-1131744.15,Reliance,Automotive,Fuel,India,Kolkata,TRUE,CHARGEBACK REQUESTED,,822886.6033699999,Negative
2024-07-29,REFUND,9.17,AED,19.6514,-530327.84,Zomato,Dining,FastFood,India,Mumbai,TRUE,PROMO APPLIED,,34238.63422,Negative
2024-06-14,CREDIT,37.49,GBP,90.2894,-2112149.1,Flipkart,Travel,Taxi,UAE,Delhi,TRUE,MONTHLY SUBSCRIPTION,,643140.4251400001,Negative
2025-03-08,DEBIT,61.76,GBP,91.1066,-189093.1,LocalMart,Automotive,Fuel,Australia,Bengaluru,TRUE,PROMO APPLIED,,1069081.2870399999,Negative
2024-06-18,CREDIT,1.09,AED,21.1403,-542929.38,Amazon,Entertainment,Streaming,UAE,Chennai,TRUE,SUSPECTED FRAUD,,4378.15613,Negative
2025-02-10,REFUND,12.63,INR,1.0,-1000957.28,Flipkart,Groceries,Specialty,UAE,Mumbai,TRUE,REPEAT PURCHASE,2017.0,2399.7000000000003,Negative
2025-03-21,DEBIT,21.24,USD,72.9218,-1162877.35,Starbucks,Electronics,Laptop,UK,Mumbai,TRUE,SUSPECTED FRAUD,2019.0,294283.21608000004,Negative
2024-06-09,DEBIT,40.15,USD,82.9842,-1641954.78,Flipkart,Entertainment,Movies,Australia,Chennai,TRUE,MONTHLY SUBSCRIPTION,2022.0,633044.9697,Negative
2023-11-23,CREDIT,41.19,AED,21.5764,-279952.07,Starbucks,Groceries,Supermarket,India,Delhi,TRUE,MONTHLY SUBSCRIPTION,,168859.06404,Negative
2024-08-26,DEBIT,7.55,USD,81.1153,-1641954.78,Myntra,Automotive,Fuel,UAE,Jaipur,TRUE,MONTHLY SUBSCRIPTION,,116359.89785000001,Negative
2025-04-09,DEBIT,165.43,INR,1.0,-1412140.69,Reliance,Travel,Flight,USA,Kolkata,TRUE,PROMO APPLIED,,31431.7,Negative
2024-12-06,DEBIT,17.51,AED,19.4406,-1604783.44,Paytm Mall,Education,Books,USA,Chennai,TRUE,REPEAT PURCHASE,,64676.932140000004,Negative
2025-06-04,REFUND,29.49,AED,19.9674,-1705985.71,AutoZone,Health,Pharmacy,USA,Delhi,TRUE,SUSPECTED FRAUD,2015.0,111879.33894,Negative
2024-04-07,DEBIT,26.11,USD,72.3676,-1887005.8,Zomato,Dining,Cafe,India,Hyderabad,TRUE,SUSPECTED FRAUD,,359008.42684,Negative
2023-10-06,CREDIT,38.54,USD,77.3505,-2495087.1,ElectroWorld,Automotive,Repair,India,Chennai,TRUE,SUSPECTED FRAUD,,566406.7712999999,Negative
2023-10-01,REFUND,458.41,GBP,107.8415,-189400.54,Myntra,Electronics,Mobile,UK,Chennai,TRUE,MANUAL ADJUSTMENT,,9392768.18285,Negative
2023-09-27,DEBIT,201.3,USD,79.5446,-434989.24,Myntra,Groceries,Specialty,USA,Kolkata,TRUE,REPEAT PURCHASE,,3042342.3162000002,Negative
2025-08-29,REFUND,33.37,USD,73.8537,-1825624.66,Walmart,Education,Course,India,Chennai,TRUE,PROMO APPLIED,,468254.61411,Negative
2025-09-09,DEBIT,5.36,USD,72.5594,-1639753.53,Walmart,Education,Books,Australia,Delhi,TRUE,SUSPECTED FRAUD,,73894.49296,Negative
2025-03-30,CREDIT,5.3,AED,19.6958,-2308426.06,BigBasket,Groceries,Specialty,India,Mumbai,TRUE,CHARGEBACK REQUESTED,2022.0,19833.670599999998,Negative
2025-05-14,CREDIT,20.66,AED,18.365,-2119776.28,Walmart,Education,Books,India,Hyderabad,TRUE,,,72089.97099999999,Negative
2025-02-28,DEBIT,10.16,USD,77.7461,-2208888.34,LocalMart,Health,Clinic,UAE,Pune,TRUE,MONTHLY SUBSCRIPTION,,150081.07144,Negative
2025-01-09,DEBIT,13.16,AED,18.6615,-1198178.13,Starbucks,Travel,Hotel,UAE,Jaipur,TRUE,MONTHLY SUBSCRIPTION,2023.0,46661.2146,Negative
2025-01-27,DEBIT,59.47,USD,81.7804,-1229690.98,Starbucks,Automotive,Fuel,Australia,Mumbai,TRUE,CASHBACK CREDITED,,924061.2737199999,Negative
2024-11-20,DEBIT,39.31,INR,1.0,-1163227.01,Swiggy,Groceries,Supermarket,Canada,Bengaluru,TRUE,CHARGEBACK REQUESTED,2019.0,7468.900000000001,Negative
2025-05-20,DEBIT,406.44,USD,78.3405,-1221181.29,Paytm Mall,Entertainment,Movies,UK,Hyderabad,TRUE,CASHBACK CREDITED,,6049735.4358,Negative
2024-10-04,DEBIT,33.37,GBP,101.6667,-556814.9,Flipkart,Utilities,Water,India,Pune,TRUE,CHARGEBACK REQUESTED,2017.0,644597.37801,Negative
2024-01-31,CREDIT,33.37,USD,81.2025,-2775666.2,Amazon,Electronics,Laptop,USA,Hyderabad,TRUE,SUSPECTED FRAUD,,514848.2107499999,Negative
2023-10-15,DEBIT,11.53,GBP,105.3456,-2428484.42,Myntra,Entertainment,Streaming,UAE,Pune,TRUE,MONTHLY SUBSCRIPTION,,230780.60591999997,Negative
2024-08-25,DEBIT,40.7,USD,78.0399,-1560990.76,ElectroWorld,Automotive,Repair,Canada,Mumbai,TRUE,,2015.0,603482.5467000001,Negative
2024-01-13,DEBIT,105.04,USD,74.0989,-2231449.86,Amazon,Health,Pharmacy,Australia,Mumbai,TRUE,SUSPECTED FRAUD,2024.0,1478836.2066400002,Negative
2024-07-27,CREDIT,106.26,GBP,92.607,-258157.72,Myntra,Groceries,Specialty,UK,Kolkata,TRUE,SUSPECTED FRAUD,,1869679.7658000002,Negative
2025-02-23,DEBIT,7.56,USD,72.7961,-155574.87,LocalMart,Utilities,Electricity,UAE,Hyderabad,TRUE,,2021.0,104564.31803999998,Negative
2024-04-04,DEBIT,7.57,GBP,99.2472,-1168440.1,ShopEasy,Dining,Restaurant,UK,Chennai,TRUE,PROMO APPLIED,,142747.24776000003,Negative
2025-03-03,CREDIT,49.34,USD,81.7342,-190121.18,Flipkart,Entertainment,Concert,USA,Pune,TRUE,PROMO APPLIED,,766225.43132,Negative
2024-07-24,CREDIT,33.37,USD,75.8277,-1626342.12,BigBasket,Entertainment,Streaming,UAE,Noida,TRUE,PROMO APPLIED,,480770.3663099999,Negative
2025-06-17,CREDIT,39.15,AED,18.0999,-2903229.68,Amazon,Dining,Cafe,India,Gurugram,TRUE,MANUAL ADJUSTMENT,,134636.10615,Negative
2024-03-16,REFUND,12.1,AED,19.6735,-1641954.78,Paytm Mall,Travel,Hotel,Australia,Noida,TRUE,PROMO APPLIED,,45229.3765,Negative
2025-06-17,DEBIT,33.37,GBP,109.0561,-2682079.5,Paytm Mall,Health,Pharmacy,India,Mumbai,TRUE,MANUAL ADJUSTMENT,,691448.39083,Negative
2025-04-19,DEBIT,285.9,GBP,100.432,-1809196.03,LocalMart,Health,Pharmacy,Canada,Pune,TRUE,REPEAT PURCHASE,2018.0,5455566.672,Negative
2023-09-19,DEBIT,14.2,USD,81.5745,-2653338.12,Zomato,Education,Course,UAE,Jaipur,TRUE,CHARGEBACK REQUESTED,,220088.001,Negative
2025-06-07,DEBIT,20.29,GBP,107.0869,-1557918.96,BigBasket,Entertainment,Movies,UK,Kolkata,TRUE,,2025.0,412830.70819,Negative
2025-03-26,DEBIT,71.86,AED,18.88,-2537108.77,ShopEasy,Health,Pharmacy,India,Gurugram,TRUE,MONTHLY SUBSCRIPTION,,257776.19199999998,Negative
2024-07-12,DEBIT,133.58,AED,19.9433,-2774172.2,Myntra,Clothing,Women,India,Pune,TRUE,,,506164.9426600001,Negative
2024-10-12,CREDIT,109.46,USD ,72.3611,-553947.62,Paytm Mall,Groceries,Supermarket,Canada,Noida,TRUE,SUSPECTED FRAUD,,1504922.7411399998,Negative
2024-01-26,REFUND,12.41,USD,80.4328,-2726713.08,Reliance,Electronics,Laptop,Canada,Bengaluru,TRUE,MANUAL ADJUSTMENT,,189652.49912000002,Negative
2025-02-25,CREDIT,6.64,GBP,108.8686,-1483646.49,ShopEasy,Utilities,Water,India,Delhi,TRUE,SUSPECTED FRAUD,,137348.62576,Negative
2024-02-11,CREDIT,8.57,GBP,95.3854,-1641954.78,Starbucks,Travel,Taxi,USA,Delhi,TRUE,SUSPECTED FRAUD,2026.0,155316.04682000002,Negative
2023-09-25,DEBIT,25.78,AED,19.1526,-2773095.8,Zomato,Groceries,Specialty,Canada,Hyderabad,TRUE,MONTHLY SUBSCRIPTION,2018.0,93813.26532,Negative
2024-05-13,CREDIT,194.87,AED,19.3838,-1626338.04,BigBasket,Dining,Restaurant,USA,Kolkata,TRUE,CHARGEBACK REQUESTED,,717691.01014,Negative
2025-04-17,REFUND,38.05,AED,18.8846,-190040.44,Walmart,Clothing,Women,Canada,Chennai,TRUE,CHARGEBACK REQUESTED,,136526.21569999997,Negative
2025-08-11,DEBIT,12.65,USD,77.9189,-2467605.29,ElectroWorld,Electronics,Laptop,UK,Delhi,TRUE,CASHBACK CREDITED,2024.0,187278.07615,Negative
2023-10-20,DEBIT,58.6,INR,1.0,-2773619.12,Zomato,Entertainment,Movies,UK,Noida,TRUE,MONTHLY SUBSCRIPTION,,11134.0,Negative
2025-08-22,CREDIT,33.37,USD,73.3408,-259129.23,Flipkart,Electronics,Accessory,UK,Delhi,TRUE,MONTHLY SUBSCRIPTION,2019.0,465002.67423999996,Negative
2024-09-25,CREDIT,310.73,INR ,1.0,-159713.5,Paytm Mall,Utilities,Electricity,Canada,Pune,TRUE,MONTHLY SUBSCRIPTION,,59038.700000000004,Negative
2025-07-16,CREDIT,24.95,INR,1.0,-2514820.85,Zomato,Entertainment,Streaming,USA,Chennai,TRUE,REPEAT PURCHASE,,4740.5,Negative
2023-10-09,CREDIT,3.43,GBP,97.9591,-1641954.78,Starbucks,Utilities,Water,Canada,Hyderabad,TRUE,,,63839.945470000006,Negative
2025-08-31,DEBIT,48.79,INR,1.0,-1871305.18,Amazon,Dining,Cafe,UAE,Delhi,TRUE,CHARGEBACK REQUESTED,,9270.1,Negative
2024-09-24,DEBIT,77.58,GBP,98.039,-1126418.78,Starbucks,Dining,Restaurant,UK,Mumbai,TRUE,PROMO APPLIED,,1445114.4678,Negative
2023-09-14,REFUND,11.19,INR,1.0,-276325.9,Zomato,Electronics,Accessory,Australia,Kolkata,TRUE,MANUAL ADJUSTMENT,,2126.1,Negative
2024-08-21,DEBIT,36.34,GBP,90.7718,-260392.6,Paytm Mall,Electronics,Mobile,USA,Bengaluru,TRUE,REPEAT PURCHASE,2019.0,626742.97028,Negative
2024-04-02,CREDIT,4.97,GBP,93.6058,-2934015.65,BigBasket,Utilities,Electricity,Australia,Chennai,TRUE,CHARGEBACK REQUESTED,2025.0,88391.95694,Negative
2024-07-15,DEBIT,74.91,INR,1.0,-1270856.35,ShopEasy,Education,Books,USA,Noida,TRUE,MANUAL ADJUSTMENT,,14232.9,Negative
2023-12-13,DEBIT,32.38,USD,72.7343,-1170531.26,Starbucks,Groceries,Supermarket,USA,Kolkata,TRUE,MONTHLY SUBSCRIPTION,,447475.9604600001,Negative
2024-10-23,CREDIT,4.25,GBP,105.4082,-441340.06,Reliance,Automotive,Repair,Australia,Delhi,TRUE,MANUAL ADJUSTMENT,,85117.1215,Negative
2024-07-07,CREDIT,8.49,USD,75.984,-1641954.78,Starbucks,Automotive,Fuel,USA,Noida,TRUE,,2024.0,122569.7904,Negative
2024-01-24,DEBIT,33.37,INRR,1.0,-556034.18,ShopEasy,Clothing,Men,UK,Kolkata,TRUE,PROMO APPLIED,2020.0,6340.299999999999,Negative
2024-08-08,DEBIT,49.13,USD,77.8059,-1641954.78,Zomato,Travel,Hotel,India,Chennai,TRUE,,,726294.7347299999,Negative
2024-10-20,CREDIT,155.83,INR,1.0,-2122191.38,Paytm Mall,Health,Pharmacy,India,Hyderabad,TRUE,SUSPECTED FRAUD,,29607.7,Negative
2024-06-29,DEBIT,46.95,GBP,94.5374,-2514410.15,Amazon,Utilities,Electricity,Canada,Gurugram,TRUE,CASHBACK CREDITED,2022.0,843320.8767000001,Negative
2025-07-24,DEBIT,7.13,GBP,108.4292,-530073.42,BigBasket,Travel,Taxi,India,Pune,TRUE,CHARGEBACK REQUESTED,2017.0,146889.03724,Negative
2024-11-27,CREDIT,57.74,INR,1.0,-1605028.63,Reliance,Electronics,Laptop,Australia,Pune,TRUE,MANUAL ADJUSTMENT,2020.0,10970.6,Negative
2024-11-17,DEBIT,2.43,INR,1.0,-2775188.32,Swiggy,Automotive,Repair,Australia,Bengaluru,TRUE,,2026.0,461.70000000000005,Negative
2025-01-14,DEBIT,5.58,USD,82.026,-1641954.78,Walmart,Entertainment,Movies,UAE,Delhi,TRUE,SUSPECTED FRAUD,2019.0,86963.9652,Negative
2024-03-25,DEBIT,15.95,INR,1.0,-1641379.13,Flipkart,Dining,Restaurant,UAE,Bengaluru,TRUE,MANUAL ADJUSTMENT,,3030.5,Negative
2025-08-22,DEBIT,76.37,INR,1.0,-2773059.77,LocalMart,Dining,FastFood,UK,Gurugram,TRUE,CASHBACK CREDITED,,14510.300000000001,Negative
2024-06-11,DEBIT,11.14,INR,1.0,-276122.94,Paytm Mall,Dining,Cafe,UAE,Delhi,TRUE,PROMO APPLIED,,2116.6,Negative
2024-02-05,DEBIT,95.91,USD,75.8552,-2235179.52,LocalMart,Travel,Flight,UK,Jaipur,TRUE,MONTHLY SUBSCRIPTION,,1382301.7240799998,Negative
2024-04-22,DEBIT,33.37,USD,73.8668,-1676323.57,Reliance,Entertainment,Streaming,Canada,Delhi,TRUE,SUSPECTED FRAUD,2025.0,468337.6720399999,Negative
2024-11-12,DEBIT,33.37,AED,21.3331,-434989.93,Paytm Mall,Education,Books,USA,Delhi,TRUE,REPEAT PURCHASE,,135258.25393,Negative
2023-10-02,DEBIT,24.66,INR,1.0,-281941.09,AutoZone,Health,Pharmacy,UK,Bengaluru,TRUE,,,4685.4,Negative
2024-05-09,DEBIT,50.91,INR,1.0,-1641954.78,BigBasket,Automotive,Repair,UAE,Mumbai,TRUE,"MONTHLY SUBSCRIPTION -- VERIFY
CONTACT SUPPORT",2018.0,9672.9,Negative
2025-03-07,DEBIT,22.68,USD,74.7193,-165990.03,Flipkart,Health,Pharmacy,USA,Delhi,TRUE,MONTHLY SUBSCRIPTION,2020.0,321980.40756,Negative
2023-12-12,CREDIT,42.99,AED,18.6253,-555283.23,ElectroWorld,Groceries,Supermarket,UAE,Mumbai,TRUE,,2015.0,152133.31293,Negative
2025-03-23,DEBIT,13.33,AED,19.1649,-1617065.88,Flipkart,Health,Pharmacy,India,Mumbai,TRUE,CHARGEBACK REQUESTED,,48538.94223,Negative
2024-12-01,REFUND,23.38,USD,75.5125,-1641954.78,Myntra,Dining,Cafe,Canada,Jaipur,TRUE,MANUAL ADJUSTMENT,,335441.6275,Negative
2025-08-31,DEBIT,25.39,INR,1.0,-2230599.95,ShopEasy,Utilities,Water,USA,Pune,TRUE,CHARGEBACK REQUESTED,2023.0,4824.1,Negative
2025-03-15,CREDIT,33.37,INR,1.0,-1641954.78,LocalMart,Entertainment,Movies,India,Delhi,TRUE,SUSPECTED FRAUD,,6340.299999999999,Negative
2023-11-14,DEBIT,196.55,USD,76.5736,-1269259.7,Flipkart,Groceries,Specialty,India,Pune,TRUE,,,2859602.8052000003,Negative
2025-04-11,DEBIT,46.83,INR,1.0,-1641954.78,Amazon,Entertainment,Streaming,USA,Kolkata,TRUE,PROMO APPLIED,,8897.699999999999,Negative
2024-07-29,DEBIT,40.1,GBP,108.3095,-2118193.25,Zomato,Automotive,Fuel,USA,Bengaluru,TRUE,REPEAT PURCHASE,,825210.0805000002,Negative
2025-07-23,DEBIT,27.39,USD,77.6309,-1641954.78,Reliance,Travel,Taxi,Australia,Pune,TRUE,CASHBACK CREDITED,,403998.96669000003,Negative
2025-04-18,DEBIT,33.37,AED,21.0292,-1641954.78,Reliance,Automotive,Repair,Canada,Gurugram,TRUE,PROMO APPLIED,,133331.43675999998,Negative
2025-08-16,REFUND,33.37,AED,19.4301,-144656.15,ElectroWorld,Entertainment,Streaming,UK,Pune,TRUE,MONTHLY SUBSCRIPTION,,123192.66303,Negative
2024-05-26,CREDIT,43.68,USD,75.6229,-1214587.1,Reliance,Travel,Taxi,Canada,Mumbai,TRUE,CASHBACK CREDITED,,627609.5716799999,Negative
2025-05-18,DEBIT,33.37,USD,75.5057,-1641954.78,Flipkart,Dining,FastFood,UAE,Pune,TRUE,MANUAL ADJUSTMENT,,478728.78971,Negative
2024-07-21,DEBIT,147.45,AED,20.8965,-2934089.37,Walmart,Utilities,Internet,UK,Jaipur,TRUE,CASHBACK CREDITED,,585425.89575,Negative
2024-06-28,REFUND,33.37,USD,77.871,-1000600.32,Flipkart,Travel,Hotel,Canada,Hyderabad,TRUE,CASHBACK CREDITED,2024.0,493725.50129999995,Negative
2025-02-24,DEBIT,18.44,USD,76.3249,-974926.84,LocalMart,Travel,Taxi,UAE,Chennai,TRUE,,,267411.91964000004,Negative
2023-09-22,DEBIT,41.32,GBP,104.3721,-986598.17,Starbucks,Dining,FastFood,USA,Delhi,TRUE,CASHBACK CREDITED,,819404.4826799999,Negative
2023-10-08,CREDIT,120.35,AED,18.611,-2249722.75,Walmart,Dining,Restaurant,India,Noida,TRUE,CHARGEBACK REQUESTED,2020.0,425568.4315,Negative
2025-01-18,DEBIT,33.37,INR,1.0,-2112427.24,Walmart,Dining,Restaurant,UK,Delhi,TRUE,,,6340.299999999999,Negative
2024-10-22,DEBIT,33.37,USD,77.5234,-1714269.25,Starbucks,Groceries,Supermarket,Canada,Pune,TRUE,PROMO APPLIED,,491521.61302,Negative
2024-03-23,CREDIT,55.37,USD,74.5354,-1076578.81,Zomato,Travel,Taxi,UK,Jaipur,TRUE,SUSPECTED FRAUD,2023.0,784134.7686199999,Negative
2024-06-27,DEBIT,9.63,AED,21.5978,-1284484.29,LocalMart,Dining,Restaurant,UAE,Jaipur,TRUE,MANUAL ADJUSTMENT,2016.0,39517.494660000004,Negative
2024-11-07,REFUND,9.67,INR,1.0,-1807647.51,Swiggy,Automotive,Repair,India,Noida,TRUE,,,1837.3,Negative
2024-07-31,CREDIT,234.68,GBP,101.0788,-1653360.65,BigBasket,Automotive,Repair,UK,Pune,TRUE,,,4507022.828960001,Negative
2025-07-25,DEBIT,18.45,INR,1.0,-1271010.28,Flipkart,Travel,Flight,USA,Chennai,TRUE,CASHBACK CREDITED,,3505.5,Negative
2024-01-11,DEBIT,3.41,AED,19.3615,-1198059.81,Reliance,Education,Course,India,Noida,TRUE,SUSPECTED FRAUD,2016.0,12544.31585,Negative
2025-03-10,CREDIT,33.37,AED,21.5796,-2826497.47,Starbucks,Groceries,Supermarket,UK,Hyderabad,TRUE,PROMO APPLIED,,136821.13788,Negative
2024-09-08,DEBIT,12.32,USD,81.8462,-1641954.78,Reliance,Education,Course,Australia,Delhi,TRUE,MONTHLY SUBSCRIPTION,,191585.58496,Negative
2024-10-09,CREDIT,11.79,INR,1.0,-1642004.55,Paytm Mall,Clothing,Women,USA,Kolkata,TRUE,MANUAL ADJUSTMENT,,2240.1,Negative
2024-07-05,DEBIT,26.35,INR,1.0,-1640902.85,Starbucks,Electronics,Laptop,India,Mumbai,TRUE,MONTHLY SUBSCRIPTION,2019.0,5006.5,Negative
2024-07-22,CREDIT,14.22,INRR,1.0,-2231707.65,Reliance,Automotive,Repair,USA,Kolkata,TRUE,MONTHLY SUBSCRIPTION,2016.0,2701.8,Negative
2024-03-19,DEBIT,54.75,GBP,104.4117,-1641954.78,Walmart,Dining,Cafe,UK,Mumbai,TRUE,SUSPECTED FRAUD,,1086142.70925,Negative
2024-02-24,DEBIT,54.74,USD,72.304,-2869109.7,Myntra,Dining,FastFood,Australia,Hyderabad,TRUE,,,752004.9824000001,Negative
2024-04-27,CREDIT,25.57,AED,19.2217,-2119202.92,ElectroWorld,Health,Pharmacy,India,Hyderabad,TRUE,SUSPECTED FRAUD,,93384.78511,Negative
2025-03-09,DEBIT,62.62,USD,76.5548,-2934513.65,AutoZone,Travel,Hotel,UK,Bengaluru,TRUE,PROMO APPLIED,,910833.69944,Negative
2024-07-30,DEBIT,33.37,USD,73.9204,-1823717.74,Walmart,Entertainment,Movies,UK,Delhi,TRUE,MONTHLY SUBSCRIPTION,,468677.51211999997,Negative
2023-11-20,DEBIT,4.51,AED,18.725,-447041.74,AutoZone,Entertainment,Movies,India,Hyderabad,TRUE,REPEAT PURCHASE,2024.0,16045.452500000001,Negative
2024-12-22,REFUND,11.18,INR,1.0,-1641954.78,Myntra,Automotive,Repair,India,Hyderabad,TRUE,MANUAL ADJUSTMENT,,2124.2,Negative
2024-03-04,DEBIT,207.37,USD,79.1645,-2607827.79,Walmart,Travel,Hotel,UAE,Mumbai,TRUE,CHARGEBACK REQUESTED,,3119105.04935,Negative
2025-07-27,DEBIT,225.42,USD,75.4215,-2624626.94,Paytm Mall,Groceries,Supermarket,India,Bengaluru,TRUE,CASHBACK CREDITED,,3230287.7606999995,Negative
2024-02-15,DEBIT,30.7,INR,1.0,-2237391.48,Amazon,Automotive,Fuel,India,Noida,TRUE,SUSPECTED FRAUD,2020.0,5833.0,Negative
2024-10-09,DEBIT,50.83,INR,1.0,-174930.54,Paytm Mall,Education,Books,UK,Kolkata,TRUE,PROMO APPLIED,,9657.699999999999,Negative
2024-12-14,REFUND,444.04,GBP,94.0599,-1641954.78,Reliance,Utilities,Electricity,Australia,Hyderabad,TRUE,PROMO APPLIED,,7935608.019239999,Negative
2023-12-16,CREDIT,199.55,AED,19.1872,-1641954.78,Swiggy,Utilities,Water,USA,Chennai,TRUE,,2021.0,727473.0944000001,Negative
2025-06-05,DEBIT,15.3,GBP,100.0948,-1076083.36,Walmart,Groceries,Specialty,India,Delhi,TRUE,CHARGEBACK REQUESTED,,290975.5836,Negative
2024-10-21,CREDIT,148.97,INR,1.0,-2592967.54,Paytm Mall,Entertainment,Streaming,USA,Noida,TRUE,CHARGEBACK REQUESTED,,28304.3,Negative
2025-03-17,CREDIT,9.8,AED,19.1224,-2582066.68,Paytm Mall,Electronics,Accessory,USA,Kolkata,TRUE,PROMO APPLIED,2020.0,35605.9088,Negative
2024-09-28,CREDIT,33.37,AED,21.8901,-2467888.24,LocalMart,Education,Books,Australia,Chennai,TRUE,REPEAT PURCHASE,,138789.80103,Negative
2025-01-04,REFUND,9.35,AED,18.7185,-1641954.78,Flipkart,Utilities,Internet,UK,Kolkata,TRUE,SUSPECTED FRAUD,,33253.41525,Negative
2024-01-20,DEBIT,17.94,INR,1.0,-2872974.95,Amazon,Electronics,Mobile,Canada,Hyderabad,TRUE,CASHBACK CREDITED,,3408.6000000000004,Negative
2024-04-24,REFUND,9.95,INR,1.0,-1706065.85,Amazon,Electronics,Accessory,UAE,Delhi,TRUE,MONTHLY SUBSCRIPTION,,1890.4999999999998,Negative
2025-06-30,CREDIT,25.59,INR,1.0,-1641954.78,Reliance,Electronics,Mobile,Canada,Gurugram,TRUE,CHARGEBACK REQUESTED,,4862.1,Negative
2024-06-21,DEBIT,120.2,INR,1.0,-1985003.44,Zomato,Health,Pharmacy,UK,Gurugram,TRUE,SUSPECTED FRAUD,,22838.0,Negative
2024-08-22,CREDIT,8.37,USD,79.292,-556038.37,ShopEasy,Groceries,Supermarket,USA,Hyderabad,TRUE,MANUAL ADJUSTMENT,,126098.0676,Negative
2024-01-07,DEBIT,22.55,INR,1.0,-2208560.77,Amazon,Health,Pharmacy,Australia,Mumbai,TRUE,CHARGEBACK REQUESTED,2021.0,4284.5,Negative
2024-10-01,CREDIT,59.34,GBP,95.7236,-1642239.43,LocalMart,Utilities,Water,Canada,Chennai,TRUE,MONTHLY SUBSCRIPTION,2026.0,1079245.3005600001,Negative
2023-10-12,REFUND,3.48,INR,1.0,-1559270.69,LocalMart,Entertainment,Movies,USA,Hyderabad,TRUE,MONTHLY SUBSCRIPTION,2015.0,661.2,Negative
2025-03-09,DEBIT,9.62,INR,1.0,-1641954.78,Zomato,Health,Clinic,UAE,Gurugram,TRUE,CASHBACK CREDITED,,1827.8,Negative
2024-07-23,DEBIT,121.03,USD,73.1501,-2428337.69,LocalMart,Education,Books,India,Pune,TRUE,REPEAT PURCHASE,2024.0,1682137.75457,Negative
2024-09-05,REFUND,14.49,INRR,1.0,-2230608.82,Reliance,Dining,FastFood,Canada,Chennai,TRUE,CHARGEBACK REQUESTED,,2753.1,Negative
2024-05-15,DEBIT,34.52,AED,19.3782,-1641954.78,LocalMart,Entertainment,Concert,UK,Chennai,TRUE,MONTHLY SUBSCRIPTION,2026.0,127097.73816000001,Negative
2024-02-02,REFUND,48.8,GBP,106.0535,-2462582.61,BigBasket,Electronics,Mobile,UAE,Kolkata,TRUE,SUSPECTED FRAUD,,983328.0519999999,Negative
2023-11-21,DEBIT,17.1,USD,72.5843,-1641954.78,Zomato,Dining,Cafe,UK,Gurugram,TRUE,REPEAT PURCHASE,,235826.39070000002,Negative
2025-02-21,DEBIT,33.37,INR,1.0,-1000427.65,Myntra,Dining,Cafe,USA,Noida,TRUE,CHARGEBACK REQUESTED,,6340.299999999999,Negative
2025-02-15,DEBIT,42.75,USD,78.4151,-1935766.41,Myntra,Entertainment,Streaming,UAE,Chennai,TRUE,CHARGEBACK REQUESTED,2021.0,636926.64975,Negative
2024-08-12,DEBIT,49.5,INR,1.0,-1641954.78,Starbucks,Travel,Taxi,UK,Pune,TRUE,MONTHLY SUBSCRIPTION,,9405.0,Negative
2024-11-17,CREDIT,16.9,INR,1.0,-1850336.42,Reliance,Education,Books,Canada,Hyderabad,TRUE,SUSPECTED FRAUD,,3210.9999999999995,Negative
2024-01-04,DEBIT,96.4,USD,79.5565,-1283970.72,Myntra,Education,Books,USA,Chennai,TRUE,MONTHLY SUBSCRIPTION,,1457156.854,Negative
2024-03-31,REFUND,33.74,INR,1.0,-556675.35,Amazon,Utilities,Water,UK,Kolkata,TRUE,CASHBACK CREDITED,,6410.6,Negative
2024-04-19,REFUND,21.83,AED,21.7722,-1641954.78,LocalMart,Utilities,Electricity,UAE,Chennai,TRUE,,2015.0,90304.55394,Negative
2025-08-06,DEBIT,58.39,AED,18.436,-2208773.21,LocalMart,Automotive,Repair,USA,Chennai,TRUE,PROMO APPLIED,,204530.8276,Negative
2025-08-11,REFUND,18.91,AED,19.0902,-2726704.08,Myntra,Utilities,Internet,UAE,Mumbai,TRUE,,,68589.17958,Negative
2024-07-19,DEBIT,72.04,USD,75.445,9919.91,Amazon,Entertainment,Movies,India,Kolkata,TRUE,CHARGEBACK REQUESTED,2019.0,1032660.982,Positive
2024-03-30,CREDIT,23.04,USD ,81.6593,-973795.29,Reliance,Electronics,Mobile,Canada,Delhi,TRUE,REPEAT PURCHASE,,357471.75168,Negative
2024-11-13,DEBIT,40.51,AED,21.2845,-2085763.79,Amazon,Education,Books,Australia,Jaipur,TRUE,,,163824.66805,Negative
2024-12-06,CREDIT,33.37,GBP,100.0876,-1641954.78,Myntra,Groceries,Specialty,Canada,Pune,TRUE,MANUAL ADJUSTMENT,,634585.41028,Negative
2023-09-18,CREDIT,31.13,GBP,96.4537,-1169213.75,Myntra,Automotive,Fuel,UAE,Bengaluru,TRUE,CHARGEBACK REQUESTED,,570494.69939,Negative
2024-02-23,DEBIT,37.94,AED ,21.7808,-2868959.92,Flipkart,Travel,Hotel,Australia,Noida,TRUE,MONTHLY SUBSCRIPTION,,157009.07487999997,Negative
2025-07-20,DEBIT,94.58,INR,1.0,-1617482.6,Starbucks,Utilities,Electricity,India,Chennai,TRUE,CASHBACK CREDITED,,17970.2,Negative
2025-07-25,CREDIT,33.37,INR,1.0,-1641954.78,BigBasket,Travel,Flight,Australia,Chennai,TRUE,REPEAT PURCHASE,,6340.299999999999,Negative
2024-01-15,DEBIT,81.54,AED,19.2581,-2682276.84,BigBasket,Dining,Cafe,USA,Noida,TRUE,CHARGEBACK REQUESTED,2020.0,298358.04006,Negative
2024-06-26,DEBIT,149.69,AED,20.1904,-1639853.7,LocalMart,Clothing,Women,Australia,Delhi,TRUE,CASHBACK CREDITED,,574237.18544,Negative
2025-07-31,DEBIT,32.63,INR,1.0,-1641954.78,LocalMart,Entertainment,Concert,Australia,Gurugram,TRUE,REPEAT PURCHASE,2025.0,6199.700000000001,Negative
2025-04-12,CREDIT,14.7,INR,1.0,-1713314.12,AutoZone,Dining,Restaurant,UK,Bengaluru,TRUE,PROMO APPLIED,,2793.0,Negative
2024-03-24,CREDIT,33.37,AED,21.3253,-1641954.78,Amazon,Electronics,Accessory,India,Gurugram,TRUE,CHARGEBACK REQUESTED,,135208.79958999998,Negative
2024-01-03,CREDIT,27.65,INR,1.0,-2117901.03,Myntra,Education,Course,India,Jaipur,TRUE,PROMO APPLIED,,5253.5,Negative
2024-06-08,REFUND,121.14,INR,1.0,-446950.5,Flipkart,Electronics,Mobile,Australia,Pune,TRUE,,,23016.6,Negative
2025-05-19,CREDIT,89.17,USD,76.968,-1641954.78,ElectroWorld,Dining,Cafe,Australia,Delhi,TRUE,,,1304014.9464,Negative
2024-11-21,CREDIT,276.39,USD,74.9377,-2824991.76,ElectroWorld,Entertainment,Movies,UAE,Chennai,TRUE,PROMO APPLIED,2017.0,3935285.8715700004,Negative
2025-04-15,DEBIT,19.26,GBP,92.1191,-1617038.29,ShopEasy,Utilities,Internet,India,Gurugram,TRUE,CASHBACK CREDITED,2020.0,337100.63454000006,Negative
2024-06-01,CREDIT,33.37,AED,19.3065,-1641954.78,AutoZone,Education,Books,Australia,Mumbai,TRUE,REPEAT PURCHASE,,122409.00194999999,Negative
2025-01-24,CREDIT,6.77,INR,1.0,-556818.29,Starbucks,Dining,FastFood,UK,Chennai,TRUE,,2023.0,1286.3,Negative
2025-05-15,DEBIT,116.37,INR,1.0,-1641954.78,Swiggy,Automotive,Fuel,India,Noida,TRUE,CHARGEBACK REQUESTED,,22110.3,Negative
2025-05-29,DEBIT,33.37,GBP,92.3588,-445332.9,AutoZone,Automotive,Repair,India,Bengaluru,TRUE,,2019.0,585582.49964,Negative
2024-11-01,DEBIT,5.51,GBP,103.7726,-2900639.64,Paytm Mall,Dining,Cafe,UK,Chennai,TRUE,SUSPECTED FRAUD,,108639.53494,Negative
2024-03-31,DEBIT,83.89,USD,75.7613,-1641954.78,LocalMart,Clothing,Women,India,Gurugram,TRUE,CHARGEBACK REQUESTED,,1207566.9368300003,Negative
2024-12-07,DEBIT,33.37,USD,76.016,-1641954.78,Zomato,Dining,FastFood,Canada,Pune,TRUE,MANUAL ADJUSTMENT,2022.0,481964.24480000004,Negative
2025-09-08,DEBIT,8.54,AED,19.813,-276509.1,Swiggy,Groceries,Specialty,UK,Gurugram,TRUE,MONTHLY SUBSCRIPTION,,32148.573799999995,Negative
2025-05-27,REFUND,90.62,USD,80.1266,-1641954.78,Swiggy,Electronics,Mobile,India,Chennai,TRUE,MONTHLY SUBSCRIPTION,2019.0,1379603.77348,Negative
2024-01-18,DEBIT,33.37,INR,1.0,-276382.95,Zomato,Education,Course,Australia,Chennai,TRUE,MANUAL ADJUSTMENT,,6340.299999999999,Negative
2024-08-14,DEBIT,81.25,INR ,1.0,-1163515.15,ShopEasy,Education,Books,India,Kolkata,TRUE,PROMO APPLIED,,15437.5,Negative
2024-01-04,DEBIT,16.33,AED,20.4383,-1641954.78,Amazon,Travel,Hotel,USA,Hyderabad,TRUE,,,63413.913409999994,Negative
2024-06-10,DEBIT,33.37,USD,82.5629,-281703.4,BigBasket,Electronics,Laptop,Australia,Gurugram,TRUE,MANUAL ADJUSTMENT,,523473.55486999993,Negative
2023-10-19,DEBIT,18.45,USD,79.9229,-1641954.78,Amazon,Clothing,Men,UK,Kolkata,TRUE,MONTHLY SUBSCRIPTION,2019.0,280169.72595,Negative
2024-06-27,CREDIT,33.37,INR,1.0,-2933481.19,AutoZone,Electronics,Accessory,UK,Jaipur,TRUE,MONTHLY SUBSCRIPTION,2022.0,6340.299999999999,Negative
2024-12-09,DEBIT,27.39,AED,20.8012,-2579651.32,Zomato,Dining,Cafe,Australia,Hyderabad,TRUE,PROMO APPLIED,,108251.52492,Negative
2024-03-04,DEBIT,82.41,INR,1.0,-1675723.51,Reliance,Dining,FastFood,USA,Kolkata,TRUE,REPEAT PURCHASE,,15657.9,Negative
2024-09-08,REFUND,11.99,USD,77.6022,-2680151.9,Amazon,Dining,Restaurant,UK,Gurugram,TRUE,,,176785.57182,Negative
2024-03-18,DEBIT,36.09,INR,1.0,-279969.01,Swiggy,Education,Course,India,Mumbai,TRUE,CHARGEBACK REQUESTED,,6857.1,Negative
2025-02-06,DEBIT,33.37,GBP,104.7144,-1199598.3,Myntra,Education,Books,India,Kolkata,TRUE,,,663920.71032,Negative
2024-11-21,DEBIT,103.49,USD,76.3786,-1641954.78,ShopEasy,Electronics,Mobile,UAE,Chennai,TRUE,CHARGEBACK REQUESTED,,1501840.04966,Negative
2025-03-18,CREDIT,66.73,GBP,101.2566,-528533.42,BigBasket,Dining,Restaurant,India,Noida,TRUE,PROMO APPLIED,,1283802.0544200002,Negative
2025-03-05,REFUND,8.51,AED,18.4193,-2452493.09,Amazon,Travel,Taxi,India,Pune,TRUE,MONTHLY SUBSCRIPTION,,29782.16617,Negative
2024-10-19,DEBIT,33.37,GBP,98.7861,-2764339.6,ElectroWorld,Groceries,Specialty,UK,Kolkata,TRUE,,2021.0,626333.50983,Negative
2023-09-27,DEBIT,188.88,AED,19.4618,-1824165.74,ShopEasy,Automotive,Fuel,India,Hyderabad,TRUE,CHARGEBACK REQUESTED,2024.0,698429.50896,Negative
2025-06-18,DEBIT,67.43,INR,1.0,-2495430.18,Swiggy,Education,Books,Australia,Mumbai,TRUE,CHARGEBACK REQUESTED,,12811.7,Negative
2024-03-24,DEBIT,33.37,INR,1.0,-2773403.09,Walmart,Electronics,Accessory,UK,Jaipur,TRUE,REPEAT PURCHASE,2021.0,6340.299999999999,Negative
2024-07-15,CREDIT,63.22,USD,75.4643,-260533.08,Myntra,Education,Course,USA,Hyderabad,TRUE,,,906462.0787399999,Negative
2024-10-10,CREDIT,30.74,USD,81.2918,-1625494.85,AutoZone,Automotive,Repair,UK,Bengaluru,TRUE,REPEAT PURCHASE,,474792.8870799999,Negative
2024-03-02,CREDIT,30.03,GBP,95.4182,-1641954.78,Swiggy,Utilities,Water,Australia,Bengaluru,TRUE,MONTHLY SUBSCRIPTION,,544427.6237400001,Negative
2024-11-17,DEBIT,29.06,INR,1.0,-189003.45,Swiggy,Dining,Restaurant,UK,Chennai,TRUE,SUSPECTED FRAUD,2020.0,5521.4,Negative
2024-01-27,REFUND,40.33,USD,75.5597,-2249386.23,Zomato,Dining,FastFood,Australia,Jaipur,TRUE,PROMO APPLIED,,578991.31319,Negative
2024-07-21,DEBIT,33.37,AED,19.9961,-556805.96,Myntra,Electronics,Mobile,Canada,Pune,TRUE,REPEAT PURCHASE,2023.0,126781.27282999997,Negative
2024-04-05,CREDIT,535.95,INR,1.0,-1808558.03,Zomato,Electronics,Mobile,USA,Kolkata,TRUE,REPEAT PURCHASE,2019.0,101830.50000000001,Negative
2024-03-12,CREDIT,208.54,GBP,94.453,-1221637.55,LocalMart,Education,Books,India,Delhi,TRUE,MONTHLY SUBSCRIPTION,2017.0,3742473.4378000004,Negative
2023-11-07,CREDIT,31.75,AED,19.0326,-1935711.84,Zomato,Clothing,Men,India,Noida,TRUE,,,114814.1595,Negative
2024-07-29,CREDIT,57.35,AED,20.4833,-1627006.37,Starbucks,Education,Books,Australia,Mumbai,TRUE,PROMO APPLIED,2020.0,223196.27845,Negative
2024-05-23,DEBIT,53.47,AED,19.583,-541921.9,Amazon,Dining,FastFood,UK,Noida,TRUE,REPEAT PURCHASE,,198949.57189999995,Negative
2025-02-05,CREDIT,3.61,INR,1.0,-2680068.0,ShopEasy,Electronics,Mobile,USA,Bengaluru,TRUE,CHARGEBACK REQUESTED,,685.9,Negative
2024-07-11,DEBIT,87.68,AED,19.2166,-1412232.82,ElectroWorld,Dining,Cafe,India,Noida,TRUE,CASHBACK CREDITED,,320133.18272000004,Negative
2025-03-31,CREDIT,44.16,AED,21.2441,-2935624.63,LocalMart,Dining,Cafe,Canada,Gurugram,TRUE,SUSPECTED FRAUD,2023.0,178246.49663999997,Negative
2024-02-12,CREDIT,16.08,AED,19.3477,-1641954.78,Swiggy,Electronics,Laptop,USA,Gurugram,TRUE,MONTHLY SUBSCRIPTION,,59111.09303999999,Negative
2023-12-25,DEBIT,33.37,INR,1.0,-1705800.3,Swiggy,Entertainment,Streaming,Australia,Gurugram,TRUE,,,6340.299999999999,Negative
2024-04-04,DEBIT,31.84,USD,76.7915,-434841.92,AutoZone,Entertainment,Movies,Australia,Jaipur,TRUE,,,464557.8584,Negative
2024-09-15,CREDIT,14.61,INR,1.0,-540284.33,Flipkart,Groceries,Supermarket,UAE,Kolkata,TRUE,CASHBACK CREDITED,,2775.9,Negative
2024-04-27,CREDIT,25.1,USD,74.8283,-281981.74,ElectroWorld,Automotive,Repair,USA,Gurugram,TRUE,CASHBACK CREDITED,2020.0,356856.16270000004,Negative
2024-02-27,DEBIT,26.03,USD,73.8375,-2679747.55,Amazon,Utilities,Electricity,India,Jaipur,TRUE,PROMO APPLIED,2018.0,365178.12375,Negative
2025-05-26,CREDIT,55.18,GBP,90.9504,-1652511.57,Flipkart,Health,Pharmacy,Canada,Chennai,TRUE,PROMO APPLIED,,953542.18368,Negative
2024-07-11,DEBIT,2.44,USD,76.5633,-1641954.78,AutoZone,Electronics,Laptop,USA,Hyderabad,TRUE,,,35494.745879999995,Negative
2023-10-31,DEBIT,51.09,USD,72.422,-144382.09,BigBasket,Automotive,Repair,Canada,Noida,TRUE,"PROMO APPLIED -- VERIFY
CONTACT SUPPORT",2017.0,703007.5962,Negative
2024-02-19,DEBIT,15.49,GBP,108.3035,-2783817.99,Flipkart,Groceries,Supermarket,UK,Jaipur,TRUE,SUSPECTED FRAUD,,318748.03085000004,Negative
2023-11-04,CREDIT,9.27,USD,76.8416,-1865471.72,Amazon,Automotive,Fuel,UAE,Kolkata,TRUE,SUSPECTED FRAUD,,135341.11007999998,Negative
2023-11-22,CREDIT,24.49,AED,19.7173,-1641954.78,Amazon,Utilities,Water,USA,Noida,TRUE,CASHBACK CREDITED,,91746.56863000001,Negative
2024-01-22,DEBIT,5.86,INR,1.0,-1641954.78,Walmart,Groceries,Specialty,India,Gurugram,TRUE,PROMO APPLIED,,1113.4,Negative
2023-12-01,REFUND,26.24,AED,18.4317,-1198230.69,Amazon,Utilities,Electricity,India,Gurugram,TRUE,SUSPECTED FRAUD,,91893.08351999999,Negative
2025-06-29,DEBIT,10.91,INR,1.0,-1641954.78,Swiggy,Entertainment,Streaming,UK,Gurugram,TRUE,CHARGEBACK REQUESTED,,2072.9,Negative
2023-09-15,CREDIT,5.62,AED,20.7083,-279543.29,AutoZone,Travel,Flight,UK,Mumbai,TRUE,MANUAL ADJUSTMENT,2021.0,22112.322740000003,Negative
2024-10-14,DEBIT,23.54,INR,1.0,-1809452.95,Walmart,Automotive,Fuel,Australia,Kolkata,TRUE,CASHBACK CREDITED,2021.0,4472.599999999999,Negative
2023-10-28,DEBIT,33.37,INR,1.0,-1559347.5,ElectroWorld,Entertainment,Movies,USA,Gurugram,TRUE,REPEAT PURCHASE,2025.0,6340.299999999999,Negative
2023-09-19,DEBIT,18.96,INR,1.0,-1078063.29,Swiggy,Groceries,Supermarket,Canada,Jaipur,TRUE,,,3602.4,Negative
2024-07-01,DEBIT,33.37,USD,82.7028,-2237690.34,Amazon,Groceries,Specialty,Canada,Mumbai,TRUE,SUSPECTED FRAUD,2021.0,524360.5628399999,Negative
2025-05-07,CREDIT,14.21,USD,80.4234,-595403.93,Reliance,Entertainment,Streaming,Australia,Bengaluru,TRUE,PROMO APPLIED,,217135.13766,Negative
2023-10-18,DEBIT,25.87,USD,81.179,-2592625.55,BigBasket,Electronics,Mobile,Australia,Gurugram,TRUE,CHARGEBACK REQUESTED,,399019.1387,Negative
2024-12-03,CREDIT,10.02,INR,1.0,-1557923.97,Starbucks,Entertainment,Concert,UAE,Kolkata,TRUE,PROMO APPLIED,2019.0,1903.8,Negative
2025-04-14,DEBIT,33.37,USD,78.4928,-2901470.27,Zomato,Health,Pharmacy,Canada,Delhi,TRUE,CHARGEBACK REQUESTED,2019.0,497667.89984,Negative
2023-09-12,DEBIT,33.37,GBP,100.7483,-965301.78,Zomato,Dining,Restaurant,USA,Noida,TRUE,CASHBACK CREDITED,,638774.44649,Negative
2024-02-18,CREDIT,208.36,INR,1.0,-188988.92,Starbucks,Entertainment,Streaming,Canada,Noida,TRUE,SUSPECTED FRAUD,,39588.4,Negative
2024-11-02,CREDIT,53.53,GBP,91.047,-2653725.94,Starbucks,Electronics,Mobile,Canada,Delhi,TRUE,SUSPECTED FRAUD,2024.0,926011.7228999999,Negative
2024-10-09,DEBIT,29.66,GBP,90.8056,-2679301.54,ElectroWorld,Groceries,Supermarket,USA,Jaipur,TRUE,MONTHLY SUBSCRIPTION,,511725.87824,Negative
2025-08-05,CREDIT,59.73,INR,1.0,-2237152.1,Reliance,Electronics,Accessory,USA,Delhi,TRUE,CASHBACK CREDITED,2019.0,11348.699999999999,Negative
2025-07-13,CREDIT,39.62,GBP,105.0431,-1935919.62,Walmart,Clothing,Women,Australia,Bengaluru,TRUE,MONTHLY SUBSCRIPTION,2022.0,790743.4481799998,Negative
2024-04-26,DEBIT,67.43,USD,76.7066,-2208810.14,ElectroWorld,Entertainment,Streaming,UAE,Chennai,TRUE,CHARGEBACK REQUESTED,2022.0,982741.94722,Negative
2024-07-13,REFUND,33.37,GBP,96.5883,-1284181.39,LocalMart,Dining,Restaurant,Canada,Mumbai,TRUE,,,612398.79849,Negative
2025-01-20,CREDIT,6.37,INR ,1.0,-2622865.1,ShopEasy,Utilities,Electricity,USA,Hyderabad,TRUE,CASHBACK CREDITED,,1210.3,Negative
2024-08-09,REFUND,48.69,USD,72.4625,-1641954.78,BigBasket,Entertainment,Streaming,UAE,Noida,TRUE,CHARGEBACK REQUESTED,,670357.83375,Negative
2025-01-16,DEBIT,230.59,INR,1.0,-1641954.78,LocalMart,Health,Pharmacy,Canada,Chennai,TRUE,REPEAT PURCHASE,,43812.1,Negative
2024-12-30,DEBIT,33.37,AED,19.5659,-1641954.78,Myntra,Education,Course,Australia,Noida,TRUE,,2020.0,124053.67576999997,Negative
2025-07-31,DEBIT,53.55,INR,1.0,-1824032.88,Myntra,Entertainment,Movies,Canada,Hyderabad,TRUE,SUSPECTED FRAUD,,10174.5,Negative
2023-11-29,DEBIT,33.37,INR,1.0,-1932070.93,Flipkart,Health,Clinic,USA,Chennai,TRUE,MANUAL ADJUSTMENT,2025.0,6340.299999999999,Negative
2024-02-17,DEBIT,25.11,USD,77.1727,-1626553.27,Myntra,Clothing,Women,USA,Pune,TRUE,REPEAT PURCHASE,,368183.23443,Negative
2024-10-20,DEBIT,6.28,GBP,97.4601,-1825121.89,Paytm Mall,Groceries,Specialty,UAE,Hyderabad,TRUE,SUSPECTED FRAUD,,116289.39132000001,Negative
2024-06-16,DEBIT,106.79,AED,19.1466,-2935355.64,Starbucks,Dining,Cafe,USA,Bengaluru,TRUE,MONTHLY SUBSCRIPTION,,388486.42866000003,Negative
2024-02-29,REFUND,5.41,USD,80.4863,-2773417.91,AutoZone,Health,Pharmacy,Canada,Gurugram,TRUE,,2016.0,82731.86777,Negative
2024-04-27,DEBIT,20.38,INR,1.0,-1825493.75,Starbucks,Entertainment,Streaming,USA,Kolkata,TRUE,MONTHLY SUBSCRIPTION,,3872.2,Negative
2024-04-02,CREDIT,33.37,USD,77.7772,-2464161.25,ShopEasy,Electronics,Laptop,Canada,Chennai,TRUE,CHARGEBACK REQUESTED,2016.0,493130.78115999995,Negative
2023-11-02,DEBIT,18.14,USD,78.3307,-1641954.78,Reliance,Utilities,Water,USA,Chennai,TRUE,PROMO APPLIED,2021.0,269974.59062,Negative
2025-05-29,DEBIT,101.02,USD,79.877,-1641954.78,Myntra,Health,Pharmacy,Australia,Pune,TRUE,SUSPECTED FRAUD,,1533143.1626,Negative
2025-06-23,CREDIT,27.31,USD,74.7964,-2237094.37,ElectroWorld,Electronics,Accessory,Australia,Gurugram,TRUE,REPEAT PURCHASE,,388111.03995999997,Negative
2024-04-28,DEBIT,22.59,AED,21.1595,-1641954.78,Swiggy,Dining,Restaurant,Canada,Hyderabad,TRUE,SUSPECTED FRAUD,,90818.68995,Negative
2024-04-22,CREDIT,60.08,GBP,97.791,-2463789.96,LocalMart,Electronics,Laptop,UK,Pune,TRUE,CASHBACK CREDITED,,1116303.8232,Negative
2024-03-15,CREDIT,674.43,INR,1.0,-1641954.78,AutoZone,Automotive,Fuel,Canada,Bengaluru,TRUE,REPEAT PURCHASE,2018.0,128141.7,Negative
2025-05-25,DEBIT,609.15,INR,1.0,-1557369.95,AutoZone,Automotive,Fuel,UK,Kolkata,TRUE,MONTHLY SUBSCRIPTION,,115738.5,Negative
2025-02-28,REFUND,90.5,AED,18.7721,-2466847.08,Paytm Mall,Electronics,Laptop,Australia,Jaipur,TRUE,REPEAT PURCHASE,,322786.2595,Negative
2024-10-23,DEBIT,63.5,INR,1.0,9599.02,Starbucks,Dining,FastFood,Australia,Hyderabad,TRUE,SUSPECTED FRAUD,,12065.0,Positive
2023-10-16,DEBIT,33.37,USD,77.2566,-1641954.78,Reliance,Health,Pharmacy,Australia,Bengaluru,TRUE,PROMO APPLIED,,489830.02098,Negative
2024-01-12,CREDIT,61.97,AED,21.8834,-1712956.43,Paytm Mall,Education,Course,UK,Jaipur,TRUE,,,257661.71662000005,Negative
2024-08-31,REFUND,7.22,INR,1.0,-1653094.47,Reliance,Entertainment,Movies,India,Noida,TRUE,MONTHLY SUBSCRIPTION,,1371.8,Negative
2025-06-28,DEBIT,69.92,AED,21.2066,-1641954.78,BigBasket,Dining,Restaurant,India,Pune,TRUE,MANUAL ADJUSTMENT,,281725.43968,Negative
2025-08-08,CREDIT,14.73,INR,1.0,-1198026.34,Flipkart,Utilities,Internet,Canada,Kolkata,TRUE,MANUAL ADJUSTMENT,,2798.7000000000003,Negative
2024-04-25,DEBIT,33.37,INR,1.0,-1641954.78,Flipkart,Groceries,Supermarket,Canada,Hyderabad,TRUE,"REPEAT PURCHASE -- VERIFY
CONTACT SUPPORT",,6340.299999999999,Negative
2023-10-29,CREDIT,253.37,AED,18.2156,-1850361.79,Swiggy,Entertainment,Movies,UK,Bengaluru,TRUE,MANUAL ADJUSTMENT,2020.0,876904.44868,Negative
2024-05-01,CREDIT,115.16,INR,1.0,-2872947.47,Zomato,Health,Clinic,India,Pune,TRUE,CHARGEBACK REQUESTED,,21880.399999999998,Negative
2024-08-22,CREDIT,18.53,GBP,104.1735,-541365.6,Reliance,Groceries,Specialty,Canada,Jaipur,TRUE,SUSPECTED FRAUD,2020.0,366763.64145000005,Negative
2025-01-15,DEBIT,370.45,INR,1.0,-1603213.27,BigBasket,Electronics,Laptop,India,Kolkata,TRUE,SUSPECTED FRAUD,,70385.5,Negative
2025-03-08,CREDIT,72.44,USD,75.1365,-2467947.66,Walmart,Utilities,Electricity,UK,Jaipur,TRUE,CHARGEBACK REQUESTED,,1034148.7313999998,Negative
2025-03-04,REFUND,154.03,INR,1.0,-2514943.07,Flipkart,Health,Clinic,UAE,Delhi,TRUE,,,29265.7,Negative
2024-09-13,DEBIT,138.62,INR,1.0,-1641954.78,AutoZone,Travel,Hotel,UK,Delhi,TRUE,CASHBACK CREDITED,,26337.8,Negative
2025-05-18,DEBIT,42.95,GBP,107.1797,-1807642.68,Paytm Mall,Dining,Cafe,UK,Hyderabad,TRUE,MONTHLY SUBSCRIPTION,,874639.9418500001,Negative
2023-09-29,DEBIT,14.97,INR,1.0,-1641954.78,Amazon,Dining,FastFood,UK,Bengaluru,TRUE,MANUAL ADJUSTMENT,2019.0,2844.3,Negative
2025-06-17,DEBIT,17.96,USD,75.1606,-1652126.92,Amazon,Entertainment,Movies,Canada,Hyderabad,TRUE,,,256478.03144000005,Negative
2024-08-03,DEBIT,32.59,INR,1.0,-2682382.61,Swiggy,Entertainment,Movies,India,Pune,TRUE,CASHBACK CREDITED,,6192.1,Negative
2024-04-20,DEBIT,5.81,INR,1.0,-1288615.33,Zomato,Health,Pharmacy,Canada,Kolkata,TRUE,MONTHLY SUBSCRIPTION,,1103.8999999999999,Negative
2024-11-11,DEBIT,428.22,USD,75.4674,-174816.11,Swiggy,Utilities,Water,Australia,Kolkata,TRUE,SUSPECTED FRAUD,,6140163.50532,Negative
2024-06-04,DEBIT,53.03,USD,76.0365,-1198724.23,ElectroWorld,Utilities,Water,Australia,Noida,TRUE,MONTHLY SUBSCRIPTION,,766120.96305,Negative
2024-08-19,DEBIT,164.13,USD,80.7804,-2874190.1,Walmart,Health,Clinic,Canada,Kolkata,TRUE,PROMO APPLIED,,2519112.53988,Negative
2025-09-01,CREDIT,39.4,INR,1.0,-1603330.49,Swiggy,Clothing,Women,India,Chennai,TRUE,,2019.0,7486.0,Negative
2024-11-01,DEBIT,92.19,AED,18.7712,-1641954.78,Starbucks,Utilities,Water,UK,Noida,TRUE,REPEAT PURCHASE,2025.0,328798.21632,Negative
2025-06-24,DEBIT,225.51,USD,77.3118,-1641954.78,Flipkart,Travel,Taxi,Australia,Noida,TRUE,CASHBACK CREDITED,,3312570.9634200004,Negative
2025-04-25,DEBIT,16.39,INR,1.0,-1641954.78,Swiggy,Electronics,Laptop,UAE,Gurugram,TRUE,CASHBACK CREDITED,,3114.1,Negative
2024-03-28,CREDIT,26.18,AED,18.4008,-2902138.33,Zomato,Automotive,Fuel,India,Kolkata,TRUE,,,91529.25936,Negative
2024-09-01,CREDIT,74.21,INR,1.0,-2933642.77,Flipkart,Health,Pharmacy,Canada,Bengaluru,TRUE,PROMO APPLIED,,14099.9,Negative
2025-02-16,DEBIT,21.51,AED,18.3035,-1624247.97,Flipkart,Travel,Flight,Canada,Gurugram,TRUE,MANUAL ADJUSTMENT,,74804.57415000001,Negative
2024-12-15,CREDIT,11.93,USD,76.5842,-1936224.08,Amazon,Groceries,Specialty,UAE,Gurugram,TRUE,MANUAL ADJUSTMENT,2016.0,173593.40614,Negative
2025-06-22,DEBIT,23.67,INR,1.0,-1641954.78,Myntra,Automotive,Repair,USA,Delhi,TRUE,CASHBACK CREDITED,2025.0,4497.3,Negative
2025-05-14,DEBIT,11.58,AED,20.3932,-260547.28,Reliance,Electronics,Accessory,Canada,Noida,TRUE,SUSPECTED FRAUD,2016.0,44869.11864,Negative
2025-07-18,DEBIT,41.62,USD,74.2068,-1652089.55,Paytm Mall,Utilities,Internet,UAE,Jaipur,TRUE,MANUAL ADJUSTMENT,,586812.53304,Negative
2023-11-14,CREDIT,33.37,USD,74.6927,-2402734.79,Amazon,Entertainment,Movies,UK,Gurugram,TRUE,MONTHLY SUBSCRIPTION,,473574.12581,Negative
2023-09-18,REFUND,76.59,USD,75.6011,-2249346.4,LocalMart,Automotive,Fuel,India,Delhi,TRUE,CASHBACK CREDITED,,1100154.76731,Negative
2024-03-19,REFUND,12.55,USD,77.8907,-189406.81,BigBasket,Entertainment,Concert,India,Kolkata,TRUE,,2023.0,185730.37415,Negative
2025-07-22,DEBIT,62.32,INR,1.0,-2481931.41,Flipkart,Electronics,Laptop,UK,Bengaluru,TRUE,CHARGEBACK REQUESTED,2022.0,11840.8,Negative
2023-12-11,DEBIT,6.34,USD,80.2764,-1557400.96,Flipkart,Education,Course,India,Bengaluru,TRUE,MONTHLY SUBSCRIPTION,2022.0,96700.95143999999,Negative
2025-09-04,DEBIT,59.91,GBP,104.8874,-542722.34,Walmart,Groceries,Supermarket,UK,Hyderabad,TRUE,REPEAT PURCHASE,,1193922.78546,Negative
2025-02-20,CREDIT,19.38,INR,1.0,-163663.34,Paytm Mall,Dining,Restaurant,UK,Hyderabad,TRUE,MANUAL ADJUSTMENT,,3682.2,Negative
2024-07-18,CREDIT,8.72,USD,77.5568,-1558452.3,AutoZone,Entertainment,Concert,UAE,Chennai,TRUE,CASHBACK CREDITED,,128496.10624000001,Negative
2024-02-21,CREDIT,61.3,GBP,106.9149,-1126459.25,Myntra,Electronics,Laptop,India,Hyderabad,TRUE,MANUAL ADJUSTMENT,,1245237.8402999998,Negative
2024-06-25,DEBIT,113.12,INR,1.0,-1641954.78,AutoZone,Electronics,Accessory,India,Kolkata,TRUE,CASHBACK CREDITED,,21492.8,Negative
2024-09-05,CREDIT,75.46,INR,1.0,-2466201.48,Myntra,Utilities,Electricity,India,Hyderabad,TRUE,CHARGEBACK REQUESTED,2018.0,14337.4,Negative
2024-04-16,DEBIT,33.37,GBP,103.8125,9460.22,AutoZone,Utilities,Electricity,UK,Chennai,TRUE,PROMO APPLIED,2022.0,658202.3937499999,Positive
2025-06-12,DEBIT,7.02,GBP,90.0526,-1676016.22,Starbucks,Entertainment,Movies,India,Gurugram,TRUE,,,120112.15787999998,Negative
2024-11-17,DEBIT,47.22,GBP,93.7347,-1626237.92,Flipkart,Clothing,Men,UK,Kolkata,TRUE,SUSPECTED FRAUD,,840968.9814599999,Negative
2024-07-30,DEBIT,7.83,INR,1.0,-1652781.95,Starbucks,Electronics,Laptop,India,Jaipur,TRUE,CHARGEBACK REQUESTED,,1487.7,Negative
2023-10-23,CREDIT,35.58,USD,79.974,-1198301.26,Paytm Mall,Health,Clinic,UK,Kolkata,TRUE,,2022.0,540640.2348,Negative
2025-01-31,DEBIT,14.34,INR,1.0,-1641954.78,AutoZone,Education,Course,USA,Mumbai,TRUE,PROMO APPLIED,2016.0,2724.6,Negative
2025-07-21,DEBIT,38.05,GBP,91.5345,-2622884.12,Walmart,Travel,Flight,UK,Hyderabad,TRUE,CASHBACK CREDITED,,661748.6677499999,Negative
2023-11-10,DEBIT,25.61,GBP,108.2251,-1641954.78,Walmart,Electronics,Laptop,UAE,Chennai,TRUE,CHARGEBACK REQUESTED,2019.0,526612.51409,Negative
2024-09-27,DEBIT,61.44,GBP,103.2474,-1641954.78,ElectroWorld,Dining,FastFood,UAE,Hyderabad,TRUE,MANUAL ADJUSTMENT,,1205268.84864,Negative
2025-09-09,DEBIT,7.58,INR,1.0,-1641954.78,Amazon,Clothing,Women,UK,Gurugram,TRUE,MANUAL ADJUSTMENT,2020.0,1440.2,Negative
2024-05-10,CREDIT,56.77,INR,1.0,-1652117.94,ShopEasy,Automotive,Fuel,India,Delhi,TRUE,MANUAL ADJUSTMENT,,10786.300000000001,Negative
2025-04-20,DEBIT,1.88,USD,80.7309,-2238035.01,AutoZone,Automotive,Repair,India,Kolkata,TRUE,CASHBACK CREDITED,,28837.07748,Negative
2025-08-14,DEBIT,33.37,GBP,100.1012,-2308262.68,Amazon,Travel,Hotel,USA,Jaipur,TRUE,CASHBACK CREDITED,2025.0,634671.63836,Negative
2025-05-01,DEBIT,44.73,INR,1.0,-159537.52,Walmart,Education,Course,UAE,Mumbai,TRUE,REPEAT PURCHASE,,8498.699999999999,Negative
2024-08-05,REFUND,33.37,USD,79.1567,9429.64,Paytm Mall,Groceries,Specialty,Australia,Mumbai,TRUE,CASHBACK CREDITED,,501877.22500999994,Positive
2025-04-04,REFUND,28.19,INR,1.0,-2669898.28,Zomato,Automotive,Repair,India,Noida,TRUE,MONTHLY SUBSCRIPTION,,5356.1,Negative
2024-06-11,DEBIT,33.37,USD,72.9046,-2238431.99,ElectroWorld,Electronics,Laptop,Australia,Gurugram,TRUE,CHARGEBACK REQUESTED,,462237.03537999996,Negative
2023-12-03,DEBIT,22.96,AED,20.6734,-2626398.18,Amazon,Groceries,Supermarket,Australia,Hyderabad,TRUE,,2016.0,90185.64016000001,Negative
2023-09-14,CREDIT,142.95,GBP,100.8267,-1641954.78,Amazon,Entertainment,Streaming,India,Gurugram,TRUE,MONTHLY SUBSCRIPTION,2021.0,2738503.58535,Negative
2024-12-30,CREDIT,26.82,INR,1.0,-1641954.78,Amazon,Groceries,Specialty,UK,Mumbai,TRUE,CASHBACK CREDITED,,5095.8,Negative
2023-10-26,CREDIT,32.17,USD,75.667,-1641954.78,Zomato,Utilities,Internet,USA,Chennai,TRUE,CASHBACK CREDITED,,462499.4041,Negative
2025-02-08,REFUND,49.08,USD,72.8607,-1557822.04,Reliance,Education,Books,Canada,Jaipur,TRUE,CHARGEBACK REQUESTED,2024.0,679440.5996399999,Negative
2024-02-15,DEBIT,33.37,AED,19.5511,-974706.4,Paytm Mall,Dining,Restaurant,UK,Chennai,TRUE,MONTHLY SUBSCRIPTION,,123959.83933,Negative
2024-01-22,CREDIT,60.98,AED,19.672,-1131169.44,ShopEasy,Education,Books,Canada,Hyderabad,TRUE,PROMO APPLIED,,227923.72639999999,Negative
2025-08-27,CREDIT,33.37,USD,73.8897,-2237648.9,Swiggy,Entertainment,Streaming,UAE,Pune,TRUE,MANUAL ADJUSTMENT,,468482.86491,Negative
2024-09-18,CREDIT,33.37,USD,76.9559,-1170264.79,Reliance,Education,Course,UAE,Jaipur,TRUE,CASHBACK CREDITED,,487923.49276999995,Negative
2025-03-16,DEBIT,18.24,USD,80.5271,-1935677.62,Starbucks,Education,Books,Canada,Noida,TRUE,SUSPECTED FRAUD,,279074.71775999997,Negative
2025-01-21,CREDIT,33.37,INR,1.0,-2118943.94,Walmart,Electronics,Mobile,UK,Hyderabad,TRUE,PROMO APPLIED,,6340.299999999999,Negative
2024-07-15,DEBIT,30.78,AED,19.6076,-2428696.32,Swiggy,Electronics,Accessory,Australia,Gurugram,TRUE,MONTHLY SUBSCRIPTION,2022.0,114669.16632000002,Negative
2025-03-24,REFUND,33.37,USD,75.9944,-2873262.94,Flipkart,Education,Books,USA,Pune,TRUE,REPEAT PURCHASE,2015.0,481827.2943199999,Negative
2023-10-27,CREDIT,33.37,INR,1.0,-530069.86,Starbucks,Dining,Cafe,Canada,Chennai,TRUE,SUSPECTED FRAUD,2018.0,6340.299999999999,Negative
2024-09-21,DEBIT,96.24,INR,1.0,-1850007.48,Swiggy,Entertainment,Streaming,UK,Jaipur,TRUE,MANUAL ADJUSTMENT,,18285.6,Negative
2023-09-25,CREDIT,189.41,INR,1.0,-2249346.42,ElectroWorld,Clothing,Men,Australia,Chennai,TRUE,CASHBACK CREDITED,2017.0,35987.9,Negative
2025-04-07,CREDIT,33.37,AED,20.3133,-2235805.58,LocalMart,Utilities,Internet,UK,Pune,TRUE,CASHBACK CREDITED,,128792.41599000001,Negative
2023-12-07,DEBIT,127.81,GBP,107.1826,-1200165.87,Starbucks,Entertainment,Movies,UAE,Chennai,TRUE,MANUAL ADJUSTMENT,2025.0,2602811.5401399997,Negative
2024-06-13,CREDIT,211.01,USD,74.3559,-1000533.15,Myntra,Travel,Flight,USA,Delhi,TRUE,,,2981069.30721,Negative
2024-06-28,CREDIT,33.37,USD,77.4341,-176035.28,Paytm Mall,Clothing,Men,USA,Jaipur,TRUE,CASHBACK CREDITED,,490955.42422999995,Negative
2024-03-11,DEBIT,2.23,USD ,75.2778,-1641954.78,LocalMart,Entertainment,Streaming,Australia,Chennai,TRUE,SUSPECTED FRAUD,2015.0,31895.20386,Negative
2023-12-07,REFUND,392.64,USD,72.4856,-1641954.78,LocalMart,Groceries,Supermarket,UAE,Hyderabad,TRUE,PROMO APPLIED,,5407541.73696,Negative
2024-02-06,CREDIT,38.34,USD,76.3587,-445907.29,Zomato,Travel,Flight,UAE,Chennai,TRUE,MONTHLY SUBSCRIPTION,2022.0,556242.58602,Negative
2024-11-23,CREDIT,64.21,USD,76.1403,-1641954.78,LocalMart,Dining,Restaurant,UAE,Chennai,TRUE,CASHBACK CREDITED,,928904.04597,Negative
2024-08-29,DEBIT,13.7,INR,1.0,-1713921.51,Amazon,Utilities,Electricity,UK,Delhi,TRUE,"REPEAT PURCHASE -- VERIFY
CONTACT SUPPORT",2017.0,2603.0,Negative
2024-12-03,REFUND,33.37,INR,1.0,-1641954.78,Starbucks,Automotive,Repair,USA,Chennai,TRUE,MONTHLY SUBSCRIPTION,,6340.299999999999,Negative
2025-08-09,DEBIT,8.94,USD,82.3769,-1150839.47,Amazon,Education,Books,USA,Jaipur,TRUE,,,139925.40234,Negative
2024-07-02,DEBIT,138.89,GBP,105.2819,-1932022.48,Paytm Mall,Education,Books,Australia,Jaipur,TRUE,SUSPECTED FRAUD,,2778294.5872899992,Negative
2025-07-21,DEBIT,16.96,INR,1.0,-1624164.88,Myntra,Travel,Taxi,UK,Mumbai,TRUE,CHARGEBACK REQUESTED,,3222.4,Negative
2024-06-04,CREDIT,88.88,GBP,94.8465,-1641954.78,Starbucks,Travel,Hotel,UAE,Chennai,TRUE,MONTHLY SUBSCRIPTION,,1601691.8148,Negative
2023-10-21,REFUND,26.71,INR,1.0,-1931970.45,ShopEasy,Dining,Cafe,USA,Mumbai,TRUE,SUSPECTED FRAUD,2018.0,5074.900000000001,Negative
2024-02-18,DEBIT,33.37,INR,1.0,-1641954.78,Paytm Mall,Education,Course,UK,Delhi,TRUE,MANUAL ADJUSTMENT,,6340.299999999999,Negative
2024-06-03,DEBIT,11.85,USD,80.3748,-2866502.37,AutoZone,Entertainment,Concert,Canada,Noida,TRUE,,2021.0,180963.86219999997,Negative
2024-04-15,DEBIT,12.14,USD,80.6438,-2902597.24,Zomato,Utilities,Internet,UAE,Jaipur,TRUE,SUSPECTED FRAUD,2022.0,186012.98908,Negative
2025-03-01,REFUND,281.95,GBP,96.5908,-1641954.78,Starbucks,Automotive,Fuel,UAE,Jaipur,TRUE,CHARGEBACK REQUESTED,,5174417.4514,Negative
2024-05-14,REFUND,33.37,USD,80.0666,-1641954.78,Starbucks,Utilities,Electricity,UK,Kolkata,TRUE,MONTHLY SUBSCRIPTION,2019.0,507646.26397999993,Negative
2024-03-08,DEBIT,30.94,AED,21.3862,-1675673.82,Flipkart,Electronics,Laptop,UK,Hyderabad,TRUE,CASHBACK CREDITED,,125720.91532,Negative
2025-04-27,CREDIT,45.79,AED,18.8215,-1641534.94,ShopEasy,Dining,Restaurant,Australia,Pune,TRUE,MANUAL ADJUSTMENT,,163748.93215,Negative
2025-01-26,CREDIT,42.66,USD,72.5216,-441120.85,Swiggy,Clothing,Men,UAE,Pune,TRUE,,,587816.57664,Negative
2025-03-10,DEBIT,31.01,INR,1.0,-2874029.15,Swiggy,Electronics,Laptop,USA,Mumbai,TRUE,MANUAL ADJUSTMENT,,5891.900000000001,Negative
2023-10-27,CREDIT,33.32,USD,78.7639,-145046.34,BigBasket,Clothing,Women,Australia,Hyderabad,TRUE,CASHBACK CREDITED,,498638.49812,Negative
2024-08-05,REFUND,33.37,INR,1.0,-1641954.78,Flipkart,Automotive,Fuel,India,Bengaluru,TRUE,REPEAT PURCHASE,,6340.299999999999,Negative
2025-08-16,CREDIT,33.37,AED ,19.8877,-1641954.78,ShopEasy,Groceries,Specialty,UAE,Bengaluru,TRUE,PROMO APPLIED,,126093.98430999999,Negative
2024-05-02,REFUND,33.37,INR,1.0,-1197664.74,LocalMart,Utilities,Water,USA,Gurugram,TRUE,MONTHLY SUBSCRIPTION,,6340.299999999999,Negative
2025-03-13,CREDIT,61.58,AED,19.0343,-2230587.25,Myntra,Clothing,Women,Australia,Chennai,TRUE,MANUAL ADJUSTMENT,,222705.11686,Negative
2025-04-27,REFUND,23.42,GBP,99.1064,-1652603.2,Zomato,Groceries,Supermarket,UK,Pune,TRUE,CASHBACK CREDITED,2016.0,441003.65872,Negative
2023-10-12,CREDIT,21.02,AED,18.5611,-2872746.79,AutoZone,Automotive,Fuel,Canada,Delhi,TRUE,MANUAL ADJUSTMENT,,74129.32118,Negative
2024-08-06,REFUND,33.37,GBP,103.9244,-542163.15,ShopEasy,Automotive,Repair,USA,Hyderabad,TRUE,CHARGEBACK REQUESTED,,658911.8733199999,Negative
2024-07-31,DEBIT,13.43,INR,1.0,-1130909.22,AutoZone,Automotive,Fuel,UAE,Chennai,TRUE,CHARGEBACK REQUESTED,,2551.7,Negative
2025-04-12,CREDIT,275.84,USD,78.224,-2872889.89,Reliance,Travel,Hotel,Australia,Delhi,TRUE,SUSPECTED FRAUD,2020.0,4099688.5504,Negative
2024-05-07,CREDIT,77.02,AED,21.4121,-2308498.38,Zomato,Clothing,Women,Canada,Bengaluru,TRUE,MONTHLY SUBSCRIPTION,2022.0,313340.38897999993,Negative
2025-03-11,CREDIT,131.44,USD,81.0374,-542995.1,Myntra,Travel,Hotel,India,Hyderabad,TRUE,CASHBACK CREDITED,,2023795.6126400002,Negative
2025-06-22,DEBIT,29.41,INR,1.0,-1825526.44,ShopEasy,Dining,FastFood,Canada,Gurugram,TRUE,CHARGEBACK REQUESTED,,5587.9,Negative
2025-01-26,REFUND,25.63,INR,1.0,-1870835.4,Myntra,Education,Course,Canada,Jaipur,TRUE,CASHBACK CREDITED,,4869.7,Negative
2024-05-28,REFUND,33.37,USD,72.3828,-985515.63,ElectroWorld,Groceries,Specialty,India,Hyderabad,TRUE,SUSPECTED FRAUD,2019.0,458928.66684,Negative
2024-09-11,CREDIT,76.05,INR,1.0,-2119727.97,BigBasket,Dining,Cafe,Australia,Bengaluru,TRUE,,,14449.5,Negative
2024-05-22,CREDIT,124.85,GBP,104.3781,-1824804.11,AutoZone,Dining,Cafe,India,Gurugram,TRUE,CASHBACK CREDITED,2019.0,2476005.09915,Negative
2024-11-24,CREDIT,81.87,AED,20.5498,-1197921.98,Myntra,Dining,Restaurant,UAE,Pune,TRUE,SUSPECTED FRAUD,2022.0,319658.30394,Negative
2024-04-23,CREDIT,18.6,AED,19.4279,-1641954.78,Reliance,Utilities,Internet,Australia,Mumbai,TRUE,MONTHLY SUBSCRIPTION,,68658.19860000002,Negative
2025-03-18,DEBIT,139.84,AED,21.0737,-974969.01,Starbucks,Entertainment,Streaming,Canada,Delhi,TRUE,REPEAT PURCHASE,2016.0,559919.77952,Negative
2024-08-19,DEBIT,147.72,USD,78.7048,-1641954.78,Amazon,Groceries,Specialty,USA,Pune,TRUE,"CASHBACK CREDITED -- VERIFY
CONTACT SUPPORT",2019.0,2208991.88064,Negative
2024-03-31,REFUND,33.37,INR,1.0,-595501.51,AutoZone,Utilities,Water,UAE,Jaipur,TRUE,MONTHLY SUBSCRIPTION,2022.0,6340.299999999999,Negative
2024-12-05,DEBIT,45.55,GBP,102.9749,-2463477.68,Amazon,Groceries,Supermarket,Australia,Hyderabad,TRUE,REPEAT PURCHASE,,891196.27205,Negative
2025-01-11,DEBIT,25.9,INR,1.0,-2626524.08,Flipkart,Education,Course,UK,Bengaluru,TRUE,REPEAT PURCHASE,2015.0,4921.0,Negative
2024-06-04,REFUND,42.18,GBP,108.9731,-1641954.78,ShopEasy,Clothing,Women,Canada,Jaipur,TRUE,SUSPECTED FRAUD,,873332.21802,Negative
2024-08-07,CREDIT,169.49,GBP,102.6007,-1198409.1,Amazon,Groceries,Specialty,UK,Bengaluru,TRUE,CHARGEBACK REQUESTED,,3304060.6021700003,Negative
2024-01-26,REFUND,32.34,USD,72.2435,-593320.52,ElectroWorld,Electronics,Accessory,UK,Kolkata,TRUE,MONTHLY SUBSCRIPTION,,443907.41010000004,Negative
2024-02-17,DEBIT,213.02,USD,78.3472,-190021.42,Amazon,Electronics,Laptop,UK,Mumbai,TRUE,REPEAT PURCHASE,,3171008.9033600003,Negative
2024-07-04,CREDIT,29.12,USD,81.3363,-2418919.35,LocalMart,Groceries,Specialty,Canada,Delhi,TRUE,,,450017.48063999997,Negative
2024-06-22,CREDIT,83.95,USD,76.9564,-1641954.78,Zomato,Entertainment,Streaming,UAE,Delhi,TRUE,CASHBACK CREDITED,,1227493.0582,Negative
2025-08-10,REFUND,23.88,INR,1.0,-2773295.73,ElectroWorld,Health,Pharmacy,Australia,Pune,TRUE,MONTHLY SUBSCRIPTION,,4537.2,Negative
2023-11-14,DEBIT,11.18,GBP,105.546,-1774204.64,LocalMart,Education,Course,UAE,Mumbai,TRUE,MANUAL ADJUSTMENT,,224200.81320000003,Negative
2025-08-31,REFUND,9.79,INR,1.0,-2118163.8,Zomato,Entertainment,Movies,Canada,Bengaluru,TRUE,,,1860.1,Negative
2024-11-15,REFUND,100.6,INR,1.0,-2775548.95,LocalMart,Electronics,Accessory,USA,Kolkata,TRUE,,,19114.0,Negative
2024-10-21,REFUND,41.98,INR,1.0,-1641954.78,ShopEasy,Travel,Flight,UAE,Hyderabad,TRUE,CHARGEBACK REQUESTED,,7976.2,Negative
2025-05-24,DEBIT,37.87,USD,72.169,-1641954.78,Flipkart,Education,Books,Australia,Pune,TRUE,MONTHLY SUBSCRIPTION,,519277.60569999996,Negative
2025-04-01,DEBIT,247.95,USD,75.2442,-594933.56,Swiggy,Clothing,Men,Canada,Pune,TRUE,MONTHLY SUBSCRIPTION,,3544791.8841,Negative
2023-10-06,CREDIT,125.42,INR,1.0,-1078473.97,AutoZone,Travel,Taxi,Canada,Mumbai,TRUE,"MONTHLY SUBSCRIPTION -- VERIFY
CONTACT SUPPORT",,23829.8,Negative
2025-07-19,DEBIT,8.13,INR,1.0,-2936329.4,LocalMart,Entertainment,Concert,Canada,Mumbai,TRUE,SUSPECTED FRAUD,2015.0,1544.7,Negative
2024-03-10,CREDIT,140.87,INR,1.0,-529068.88,Flipkart,Groceries,Specialty,UK,Hyderabad,TRUE,,2020.0,26765.3,Negative
2025-03-09,DEBIT,50.87,USD,75.3135,-1641954.78,BigBasket,Clothing,Men,USA,Kolkata,TRUE,SUSPECTED FRAUD,2021.0,727927.57155,Negative
2024-11-11,CREDIT,33.37,INR,1.0,-1126630.26,Walmart,Clothing,Men,UAE,Kolkata,TRUE,MANUAL ADJUSTMENT,2025.0,6340.299999999999,Negative
2024-07-27,DEBIT,12.61,INR ,1.0,-1617146.65,AutoZone,Education,Course,Canada,Kolkata,TRUE,REPEAT PURCHASE,,2395.9,Negative
2024-03-04,DEBIT,33.37,USD,72.5624,-2868009.93,BigBasket,Automotive,Repair,India,Chennai,TRUE,MANUAL ADJUSTMENT,,460067.38472,Negative
2024-01-20,CREDIT,113.86,INR,1.0,-441426.7,LocalMart,Health,Clinic,UK,Chennai,TRUE,MONTHLY SUBSCRIPTION,2017.0,21633.4,Negative
2025-02-06,REFUND,8.56,USD,74.7666,-2338608.8,Starbucks,Automotive,Repair,UAE,Noida,TRUE,SUSPECTED FRAUD,,121600.39824000001,Negative
2024-01-03,DEBIT,14.26,INR,1.0,-593581.58,Paytm Mall,Education,Books,USA,Pune,TRUE,SUSPECTED FRAUD,,2709.4,Negative
2024-08-01,CREDIT,33.37,USD,74.5184,-1641954.78,ShopEasy,Electronics,Mobile,USA,Bengaluru,TRUE,MONTHLY SUBSCRIPTION,,472469.01151999994,Negative
2024-08-25,CREDIT,52.08,GBP,94.5527,-280122.39,BigBasket,Automotive,Repair,Canada,Pune,TRUE,CHARGEBACK REQUESTED,,935617.87704,Negative
2025-07-21,DEBIT,33.37,INR,1.0,-2235041.29,Reliance,Groceries,Specialty,Australia,Kolkata,TRUE,SUSPECTED FRAUD,,6340.299999999999,Negative
2024-06-23,REFUND,4.89,GBP,98.0031,-189843.47,Zomato,Travel,Taxi,UAE,Jaipur,TRUE,MANUAL ADJUSTMENT,,91054.68021,Negative
2025-05-20,DEBIT,68.24,INR,1.0,-2934608.42,Reliance,Utilities,Water,India,Noida,TRUE,PROMO APPLIED,,12965.599999999999,Negative
2024-09-09,DEBIT,15.89,GBP,98.7806,-1130568.41,Walmart,Travel,Flight,UAE,Pune,TRUE,CASHBACK CREDITED,,298228.50946000003,Negative
2025-05-05,DEBIT,63.33,USD,77.1621,-1641954.78,LocalMart,Groceries,Supermarket,UAE,Kolkata,TRUE,CASHBACK CREDITED,,928468.4006699999,Negative
2025-08-15,CREDIT,16.57,USD,81.9643,-276114.65,ShopEasy,Clothing,Men,Australia,Gurugram,TRUE,"MONTHLY SUBSCRIPTION -- VERIFY
CONTACT SUPPORT",2024.0,258048.20569,Negative
2024-05-09,CREDIT,255.94,INR,1.0,-1641954.78,Starbucks,Education,Course,Australia,Jaipur,TRUE,MANUAL ADJUSTMENT,,48628.6,Negative
2025-01-26,CREDIT,383.94,GBP,101.6511,-1641954.78,Myntra,Health,Clinic,India,Mumbai,TRUE,CHARGEBACK REQUESTED,2018.0,7415305.43346,Negative
2024-03-01,REFUND,33.37,USD,79.855,-1676362.24,Amazon,Health,Clinic,India,Bengaluru,TRUE,CASHBACK CREDITED,2023.0,506304.6565,Negative
2024-09-17,CREDIT,19.07,GBP,107.1097,-1641954.78,Reliance,Education,Books,India,Mumbai,TRUE,MANUAL ADJUSTMENT,,388090.57601,Negative
2025-04-04,DEBIT,114.23,INR,1.0,-457425.28,Myntra,Groceries,Supermarket,UAE,Bengaluru,TRUE,REPEAT PURCHASE,,21703.7,Negative
2025-06-11,DEBIT,20.25,USD,78.9746,-1712925.54,AutoZone,Dining,Restaurant,Canada,Pune,TRUE,CASHBACK CREDITED,2019.0,303854.77349999995,Negative
2024-01-14,CREDIT,33.37,GBP,107.4255,-528715.21,AutoZone,Travel,Hotel,Australia,Jaipur,TRUE,MONTHLY SUBSCRIPTION,,681109.8976499999,Negative
2024-04-18,CREDIT,33.37,INR,1.0,-1641954.78,ElectroWorld,Clothing,Men,India,Noida,TRUE,REPEAT PURCHASE,,6340.299999999999,Negative
2025-03-12,CREDIT,49.91,USD ,76.4159,-2783817.61,Zomato,Automotive,Repair,USA,Noida,TRUE,CHARGEBACK REQUESTED,2018.0,724644.3381099999,Negative
2024-09-08,CREDIT,6.26,INR,1.0,-2463995.69,BigBasket,Utilities,Internet,Canada,Mumbai,TRUE,REPEAT PURCHASE,,1189.3999999999999,Negative
2024-02-13,CREDIT,134.86,USD,79.4637,-1641954.78,Walmart,Travel,Flight,Australia,Noida,TRUE,"PROMO APPLIED -- VERIFY
CONTACT SUPPORT",2016.0,2036130.1705800002,Negative
2023-10-08,CREDIT,9.44,GBP,100.9697,-2867977.57,Reliance,Clothing,Women,USA,Mumbai,TRUE,,2015.0,181099.25392,Negative
2024-02-25,DEBIT,218.94,AED,20.987,-542076.64,AutoZone,Travel,Flight,Canada,Jaipur,TRUE,CHARGEBACK REQUESTED,,873029.8181999999,Negative
2023-12-23,DEBIT,9.87,INR,1.0,-2622857.73,Flipkart,Groceries,Specialty,India,Mumbai,TRUE,MONTHLY SUBSCRIPTION,,1875.3,Negative
2025-08-24,CREDIT,36.53,USD,81.6989,-166077.72,Myntra,Clothing,Women,Canada,Mumbai,TRUE,CHARGEBACK REQUESTED,2019.0,567047.5552299999,Negative
2024-11-06,CREDIT,107.06,AED,19.5485,-1865535.8,Walmart,Automotive,Fuel,India,Noida,TRUE,REPEAT PURCHASE,2019.0,397643.85790000006,Negative
2024-10-14,DEBIT,53.38,INR,1.0,-1560519.34,Starbucks,Utilities,Electricity,India,Kolkata,TRUE,PROMO APPLIED,2020.0,10142.2,Negative
2024-07-27,REFUND,47.9,AED,21.8884,-1937229.43,Myntra,Dining,Restaurant,UAE,Hyderabad,TRUE,CHARGEBACK REQUESTED,,199206.3284,Negative
2024-07-13,REFUND,58.46,USD ,81.2486,-155397.57,BigBasket,Health,Pharmacy,UK,Chennai,TRUE,CHARGEBACK REQUESTED,,902460.69964,Negative
2024-02-02,DEBIT,17.92,INR,1.0,-2624723.17,Reliance,Dining,Cafe,Australia,Chennai,TRUE,SUSPECTED FRAUD,,3404.8,Negative
2024-01-26,DEBIT,33.37,USD,82.3435,-2913948.37,LocalMart,Dining,FastFood,UK,Bengaluru,TRUE,SUSPECTED FRAUD,,522082.49305000005,Negative
2024-08-27,DEBIT,33.37,USD,80.0357,-480462.14,Reliance,Travel,Hotel,India,Jaipur,TRUE,PROMO APPLIED,,507450.34871000005,Negative
2025-03-24,DEBIT,33.37,AED,18.3022,-1558982.13,Swiggy,Education,Books,Canada,Noida,TRUE,CASHBACK CREDITED,,116041.43865999999,Negative
2024-07-27,DEBIT,33.37,INR,1.0,-987498.25,Amazon,Utilities,Internet,USA,Delhi,TRUE,SUSPECTED FRAUD,2020.0,6340.299999999999,Negative
2024-12-22,REFUND,15.3,AED,21.629,-975595.84,Myntra,Entertainment,Concert,USA,Delhi,TRUE,REPEAT PURCHASE,2021.0,62875.50300000001,Negative
2024-08-22,REFUND,51.47,USD,79.8941,-2679773.28,AutoZone,Utilities,Water,USA,Hyderabad,TRUE,CHARGEBACK REQUESTED,2015.0,781308.3721299998,Negative
2024-08-23,DEBIT,7.89,USD,78.2233,-1824071.3,AutoZone,Travel,Hotel,India,Hyderabad,TRUE,CHARGEBACK REQUESTED,2023.0,117264.54903,Negative
2024-08-20,REFUND,33.37,AED,19.6378,-1559113.61,Flipkart,Automotive,Fuel,UK,Delhi,TRUE,REPEAT PURCHASE,,124509.54333999999,Negative
2023-10-07,DEBIT,19.19,INR,1.0,-1850581.7,LocalMart,Education,Course,UK,Bengaluru,TRUE,"MANUAL ADJUSTMENT -- VERIFY
CONTACT SUPPORT",,3646.1000000000004,Negative
2025-01-18,CREDIT,18.96,INR,1.0,-2308574.45,AutoZone,Automotive,Fuel,India,Bengaluru,TRUE,CASHBACK CREDITED,2019.0,3602.4,Negative
2025-04-04,DEBIT,13.25,GBP,100.2405,-1483052.85,ElectroWorld,Dining,FastFood,UAE,Gurugram,TRUE,,,252355.45875000002,Negative
2023-09-21,DEBIT,23.04,USD,80.1599,-1865702.15,Walmart,Clothing,Women,Canada,Mumbai,TRUE,SUSPECTED FRAUD,,350907.97823999997,Negative
2024-08-13,CREDIT,33.37,INR,1.0,-2592579.12,Myntra,Electronics,Mobile,Canada,Bengaluru,TRUE,MONTHLY SUBSCRIPTION,2016.0,6340.299999999999,Negative
2025-09-05,CREDIT,82.14,AED,20.0977,-1641954.78,ElectroWorld,Health,Clinic,Australia,Noida,TRUE,,,313656.76482000004,Negative
2025-03-26,DEBIT,132.25,INR,1.0,-1641954.78,Walmart,Health,Pharmacy,India,Pune,TRUE,MANUAL ADJUSTMENT,,25127.5,Negative
2024-07-14,CREDIT,25.12,GBP,103.9727,-1288468.88,LocalMart,Utilities,Water,Australia,Noida,TRUE,PROMO APPLIED,,496240.90256,Negative
2024-01-17,CREDIT,156.22,INR,1.0,-1641954.78,Myntra,Utilities,Internet,UK,Bengaluru,TRUE,,,29681.8,Negative
2024-10-21,DEBIT,58.58,AED,20.4244,-2582333.92,Swiggy,Dining,Restaurant,USA,Chennai,TRUE,MONTHLY SUBSCRIPTION,,227327.65687999997,Negative
2024-09-30,DEBIT,7.86,GBP,96.9352,-2773457.7,Reliance,Electronics,Accessory,India,Gurugram,TRUE,PROMO APPLIED,,144763.02768,Negative
2024-06-29,REFUND,182.11,INR,1.0,-489585.62,Paytm Mall,Automotive,Fuel,USA,Pune,TRUE,MANUAL ADJUSTMENT,,34600.9,Negative
2024-08-01,CREDIT,9.04,USD,81.8315,-260087.16,Swiggy,Automotive,Repair,Canada,Mumbai,TRUE,MANUAL ADJUSTMENT,,140553.7844,Negative
2024-03-21,DEBIT,102.14,GBP ,101.7956,-2873794.25,Myntra,Groceries,Supermarket,UAE,Gurugram,TRUE,REPEAT PURCHASE,,1975506.4909599999,Negative
2024-04-26,DEBIT,120.01,GBP,101.3015,-1483180.66,Reliance,Entertainment,Streaming,Australia,Jaipur,TRUE,PROMO APPLIED,,2309866.67285,Negative
2024-09-26,DEBIT,58.84,INR,1.0,-1641954.78,Walmart,Electronics,Mobile,Canada,Bengaluru,TRUE,MONTHLY SUBSCRIPTION,2015.0,11179.6,Negative
2024-08-21,CREDIT,48.8,INR,1.0,-1009062.98,ShopEasy,Electronics,Laptop,Australia,Gurugram,TRUE,CASHBACK CREDITED,,9272.0,Negative
2025-06-10,DEBIT,36.65,GBP,102.2929,-2653336.32,Walmart,Utilities,Internet,USA,Chennai,TRUE,MONTHLY SUBSCRIPTION,2022.0,712316.6091499999,Negative
2023-10-31,DEBIT,218.68,INR,1.0,-1616990.22,Myntra,Entertainment,Concert,Canada,Kolkata,TRUE,,,41549.200000000004,Negative
2024-07-19,DEBIT,42.71,GBP,101.0706,-2118163.93,LocalMart,Utilities,Water,USA,Chennai,TRUE,SUSPECTED FRAUD,2023.0,820177.8119399999,Negative
2023-12-29,CREDIT,24.99,USD,77.3067,-145058.83,Reliance,Dining,Cafe,USA,Delhi,TRUE,REPEAT PURCHASE,,367059.94227,Negative
2025-01-10,CREDIT,36.5,AED,20.7042,-2653738.15,Zomato,Entertainment,Concert,UAE,Chennai,TRUE,MANUAL ADJUSTMENT,2021.0,143583.627,Negative
2023-12-28,REFUND,84.84,USD,77.927,-2465496.87,Flipkart,Health,Pharmacy,Canada,Chennai,TRUE,CASHBACK CREDITED,,1256152.0692000003,Negative
2024-12-24,DEBIT,74.25,USD,77.6887,-1214299.02,Myntra,Clothing,Men,USA,Hyderabad,TRUE,SUSPECTED FRAUD,,1095993.33525,Negative
2023-09-15,DEBIT,19.17,INR,1.0,-1640560.09,BigBasket,Groceries,Specialty,UK,Pune,TRUE,MANUAL ADJUSTMENT,,3642.3,Negative
2025-01-13,CREDIT,153.43,USD,74.8347,-1641954.78,ShopEasy,Education,Course,India,Noida,TRUE,,2015.0,2181558.7239900003,Negative
2025-05-16,DEBIT,23.42,INRR,1.0,-189031.69,AutoZone,Clothing,Women,UK,Hyderabad,TRUE,MONTHLY SUBSCRIPTION,2016.0,4449.8,Negative
2025-06-20,CREDIT,3.08,INR ,1.0,-1935287.71,ElectroWorld,Clothing,Men,India,Mumbai,TRUE,PROMO APPLIED,,585.2,Negative
2024-10-31,REFUND,6.74,GBP,99.0751,-1412449.5,Paytm Mall,Automotive,Fuel,Australia,Gurugram,TRUE,CASHBACK CREDITED,,126875.57306000002,Negative
2024-05-15,REFUND,33.37,INR,1.0,-1641954.78,BigBasket,Groceries,Specialty,UK,Mumbai,TRUE,SUSPECTED FRAUD,2021.0,6340.299999999999,Negative
2025-02-08,CREDIT,6.66,GBP,95.787,-1850542.6,ShopEasy,Dining,FastFood,Australia,Bengaluru,TRUE,,,121208.86980000001,Negative
2023-11-22,REFUND,16.87,GBP,98.7607,9545.73,Flipkart,Health,Pharmacy,UAE,Jaipur,TRUE,PROMO APPLIED,,316557.67171,Positive
2025-03-08,CREDIT,33.37,INR,1.0,-1170233.85,Walmart,Electronics,Accessory,UAE,Noida,TRUE,"CHARGEBACK REQUESTED -- VERIFY
CONTACT SUPPORT",,6340.299999999999,Negative
2024-04-10,DEBIT,33.37,INR,1.0,-164006.27,LocalMart,Groceries,Supermarket,UAE,Chennai,TRUE,MONTHLY SUBSCRIPTION,,6340.299999999999,Negative
2024-09-29,DEBIT,33.37,AED,18.1754,-1641954.78,BigBasket,Automotive,Repair,India,Jaipur,TRUE,SUSPECTED FRAUD,,115237.48861999997,Negative
2024-10-08,DEBIT,33.37,USD,72.0258,-258558.23,AutoZone,Clothing,Women,UK,Delhi,TRUE,CASHBACK CREDITED,,456665.17974000005,Negative
2024-01-08,DEBIT,11.85,GBP ,106.027,-279950.97,BigBasket,Groceries,Supermarket,UK,Hyderabad,TRUE,CHARGEBACK REQUESTED,2022.0,238719.7905,Negative
2024-10-07,CREDIT,36.87,INRR,1.0,-1170351.39,ElectroWorld,Health,Clinic,Australia,Gurugram,TRUE,,,7005.299999999999,Negative
2025-01-23,DEBIT,33.37,AED,20.436,-1624156.4,Flipkart,Groceries,Specialty,India,Noida,TRUE,MANUAL ADJUSTMENT,,129570.37079999999,Negative
2023-11-22,DEBIT,2.31,INR,1.0,-2452266.84,Reliance,Electronics,Mobile,Australia,Kolkata,TRUE,CHARGEBACK REQUESTED,,438.90000000000003,Negative
2025-06-10,DEBIT,44.27,USD,80.1886,9557.92,Walmart,Groceries,Supermarket,Canada,Bengaluru,TRUE,,,674490.37118,Positive
2024-02-09,DEBIT,4.86,INR,1.0,-2625001.11,LocalMart,Dining,Restaurant,UK,Kolkata,TRUE,MANUAL ADJUSTMENT,,923.4000000000001,Negative
2024-04-13,CREDIT,146.34,GBP,109.9203,-976597.86,Reliance,Education,Books,Canada,Kolkata,TRUE,SUSPECTED FRAUD,2022.0,3056289.97338,Negative
2025-08-03,CREDIT,33.37,INR,1.0,-2231758.32,ShopEasy,Groceries,Specialty,UK,Hyderabad,TRUE,,2017.0,6340.299999999999,Negative
2025-02-17,DEBIT,33.62,AED,19.6589,-1714301.86,Amazon,Electronics,Mobile,Australia,Hyderabad,TRUE,PROMO APPLIED,,125577.12141999998,Negative
2024-11-08,DEBIT,68.34,USD,72.7243,-2582649.59,Zomato,Entertainment,Concert,USA,Jaipur,TRUE,MANUAL ADJUSTMENT,,944295.9457800001,Negative
2024-04-21,DEBIT,39.22,AED,18.2403,-1000566.29,Zomato,Education,Books,Australia,Noida,TRUE,PROMO APPLIED,2020.0,135923.06754000002,Negative
2025-03-02,CREDIT,90.27,INR,1.0,-276504.83,BigBasket,Entertainment,Streaming,Australia,Mumbai,TRUE,MANUAL ADJUSTMENT,2017.0,17151.3,Negative
2025-05-04,CREDIT,51.26,USD ,77.5393,-1935945.25,ShopEasy,Utilities,Electricity,India,Gurugram,TRUE,MONTHLY SUBSCRIPTION,,755186.25842,Negative
2024-08-02,DEBIT,17.2,USD,79.4679,-1641954.78,Zomato,Clothing,Women,Canada,Mumbai,TRUE,REPEAT PURCHASE,2021.0,259701.09720000002,Negative
2023-09-12,DEBIT,62.63,INR,1.0,-2580241.81,ElectroWorld,Groceries,Specialty,Canada,Pune,TRUE,"MONTHLY SUBSCRIPTION -- VERIFY
CONTACT SUPPORT",2024.0,11899.7,Negative
2023-10-12,CREDIT,33.37,INR,1.0,-2592433.12,BigBasket,Entertainment,Movies,UK,Hyderabad,TRUE,MANUAL ADJUSTMENT,,6340.299999999999,Negative
2024-12-10,DEBIT,118.15,INR,1.0,-1641954.78,Starbucks,Electronics,Mobile,India,Mumbai,TRUE,PROMO APPLIED,2022.0,22448.5,Negative
2023-10-05,DEBIT,367.72,INR,1.0,-986887.39,Amazon,Travel,Hotel,Australia,Gurugram,TRUE,REPEAT PURCHASE,,69866.8,Negative
2025-02-02,CREDIT,123.56,INRR,1.0,-2237590.88,ShopEasy,Utilities,Water,UAE,Bengaluru,TRUE,MANUAL ADJUSTMENT,,23476.4,Negative
2025-08-20,CREDIT,5.52,INR,1.0,-1641954.78,LocalMart,Automotive,Repair,USA,Noida,TRUE,PROMO APPLIED,,1048.8,Negative
2023-10-11,CREDIT,18.02,INR,1.0,-2680853.82,Starbucks,Education,Books,Australia,Mumbai,TRUE,SUSPECTED FRAUD,2021.0,3423.7999999999997,Negative
2025-03-30,REFUND,293.44,INR,1.0,-1653514.24,AutoZone,Utilities,Water,UAE,Bengaluru,TRUE,MONTHLY SUBSCRIPTION,2020.0,55753.6,Negative
2023-11-27,CREDIT,37.85,AED,18.5631,-1931957.09,Starbucks,Health,Pharmacy,USA,Hyderabad,TRUE,SUSPECTED FRAUD,2017.0,133496.53365,Negative
2024-06-02,DEBIT,26.34,USD,79.2319,-1229848.48,Flipkart,Education,Course,UK,Hyderabad,TRUE,REPEAT PURCHASE,,396523.96674,Negative
2024-12-14,REFUND,12.06,INR,1.0,-2904011.1,Swiggy,Automotive,Fuel,India,Chennai,TRUE,MANUAL ADJUSTMENT,,2291.4,Negative
2025-09-03,CREDIT,1121.91,INR,1.0,-2681599.58,LocalMart,Entertainment,Concert,UAE,Gurugram,TRUE,MANUAL ADJUSTMENT,,213162.90000000002,Negative
2024-08-11,DEBIT,11.68,USD ,75.8251,-1557748.73,BigBasket,Travel,Taxi,Australia,Jaipur,TRUE,CHARGEBACK REQUESTED,,168271.06192,Negative
2024-10-26,DEBIT,26.21,INR,1.0,-1641954.78,AutoZone,Groceries,Supermarket,Australia,Bengaluru,TRUE,REPEAT PURCHASE,,4979.900000000001,Negative
2024-01-19,DEBIT,68.53,USD,80.9785,-440831.8,Zomato,Groceries,Specialty,India,Kolkata,TRUE,MANUAL ADJUSTMENT,,1054396.75495,Negative
2024-05-19,REFUND,25.11,USD,73.3159,-2901634.89,Reliance,Automotive,Repair,UAE,Noida,TRUE,MONTHLY SUBSCRIPTION,,349782.82730999996,Negative
2024-04-11,CREDIT,33.37,GBP,103.6367,-2085803.85,Reliance,Utilities,Water,Australia,Jaipur,TRUE,MONTHLY SUBSCRIPTION,,657087.76901,Negative
2024-12-04,CREDIT,10.32,USD,76.7256,-1197653.78,AutoZone,Dining,Cafe,USA,Delhi,TRUE,PROMO APPLIED,,150443.55648000003,Negative
2023-12-22,REFUND,30.98,AED,20.7223,-258695.91,Myntra,Automotive,Fuel,USA,Kolkata,TRUE,SUSPECTED FRAUD,2016.0,121975.60226,Negative
2025-05-17,DEBIT,20.1,INR,1.0,-1639784.24,ElectroWorld,Education,Books,UAE,Noida,TRUE,CHARGEBACK REQUESTED,,3819.0000000000005,Negative
2024-11-20,DEBIT,10.04,INR,1.0,-1641954.78,AutoZone,Groceries,Specialty,UK,Kolkata,TRUE," -- VERIFY
CONTACT SUPPORT",,1907.6,Negative
2025-06-22,DEBIT,33.37,USD,74.9781,-2914139.75,BigBasket,Clothing,Men,UK,Pune,TRUE,CHARGEBACK REQUESTED,,475383.64742999995,Negative
2025-04-09,DEBIT,138.94,GBP,103.5468,-529943.35,Starbucks,Clothing,Women,Australia,Gurugram,TRUE,CASHBACK CREDITED,,2733490.5544800004,Negative
2025-08-16,DEBIT,46.52,GBP,107.9162,-1078107.63,Myntra,Entertainment,Streaming,USA,Mumbai,TRUE,SUSPECTED FRAUD,,953849.7085600002,Negative
2025-04-01,CREDIT,8.11,GBP,94.8045,-1641954.78,ShopEasy,Travel,Flight,Canada,Noida,TRUE,PROMO APPLIED,2017.0,146084.25405000002,Negative
2024-06-30,DEBIT,33.37,USD,82.2347,-2902552.93,ElectroWorld,Travel,Flight,Australia,Gurugram,TRUE,PROMO APPLIED,,521392.66841,Negative
2025-04-06,CREDIT,8.29,GBP,92.7546,-1641954.78,AutoZone,Groceries,Supermarket,India,Pune,TRUE,PROMO APPLIED,,146097.77046,Negative
2024-11-15,DEBIT,31.36,INRR,1.0,-1639707.96,Starbucks,Utilities,Water,India,Delhi,TRUE,REPEAT PURCHASE,,5958.4,Negative
2025-04-16,DEBIT,33.37,USD,78.5455,-1641954.78,ShopEasy,Entertainment,Streaming,UK,Delhi,TRUE,REPEAT PURCHASE,2021.0,498002.03364999994,Negative
2025-06-16,DEBIT,260.67,USD,74.9164,-1483806.85,Swiggy,Automotive,Repair,UK,Pune,TRUE,REPEAT PURCHASE,,3710407.0177200004,Negative
2024-09-25,REFUND,15.67,USD,78.8018,-555083.94,Walmart,Groceries,Supermarket,Canada,Pune,TRUE,PROMO APPLIED,,234616.59914,Negative
2024-11-16,CREDIT,320.07,USD,82.3657,-1641954.78,ShopEasy,Education,Books,India,Hyderabad,TRUE,"CHARGEBACK REQUESTED -- VERIFY
CONTACT SUPPORT",2020.0,5008930.02381,Negative
2024-06-16,CREDIT,67.94,USD,79.9968,-1559576.35,Paytm Mall,Education,Books,USA,Gurugram,TRUE,CHARGEBACK REQUESTED,,1032646.6924799999,Negative
2024-12-12,CREDIT,82.48,INRR,1.0,-2873632.5,Paytm Mall,Utilities,Electricity,UAE,Delhi,TRUE,MONTHLY SUBSCRIPTION,,15671.2,Negative
2024-08-01,CREDIT,106.8,INR,1.0,-1556959.21,ShopEasy,Travel,Flight,UK,Delhi,TRUE,MANUAL ADJUSTMENT,2020.0,20292.0,Negative
2024-04-20,DEBIT,20.8,AED,18.0125,-1850290.68,Starbucks,Clothing,Women,India,Pune,TRUE,REPEAT PURCHASE,2017.0,71185.40000000001,Negative
2024-10-27,CREDIT,15.61,AED,18.4811,-1641954.78,Starbucks,Electronics,Laptop,Canada,Mumbai,TRUE,CASHBACK CREDITED,2018.0,54813.09449,Negative
2025-04-05,CREDIT,23.45,INR,1.0,-1639668.9,Zomato,Entertainment,Streaming,UAE,Mumbai,TRUE,REPEAT PURCHASE,,4455.5,Negative
2024-10-04,DEBIT,17.78,INR,1.0,-2913963.48,Swiggy,Utilities,Water,USA,Chennai,TRUE,"PROMO APPLIED -- VERIFY
CONTACT SUPPORT",,3378.2000000000003,Negative
2023-12-02,REFUND,27.32,INR,1.0,-2866678.18,Myntra,Entertainment,Movies,Canada,Chennai,TRUE,SUSPECTED FRAUD,2024.0,5190.8,Negative
2024-11-11,CREDIT,57.23,USD,79.5676,-1705936.76,Zomato,Health,Clinic,Canada,Delhi,TRUE,CHARGEBACK REQUESTED,,865194.2121199999,Negative
2023-11-05,CREDIT,18.79,INR,1.0,-1163472.99,AutoZone,Electronics,Accessory,UK,Bengaluru,TRUE,REPEAT PURCHASE,2020.0,3570.1,Negative
2024-11-07,DEBIT,7.49,INR,1.0,-1214480.54,Reliance,Clothing,Men,Canada,Gurugram,TRUE,MONTHLY SUBSCRIPTION,2024.0,1423.1000000000001,Negative
2025-09-04,CREDIT,31.33,INR,1.0,-2774266.72,Flipkart,Dining,Cafe,UK,Jaipur,TRUE,MANUAL ADJUSTMENT,,5952.7,Negative
2025-04-04,REFUND,117.19,INR,1.0,-447180.35,Swiggy,Electronics,Accessory,India,Delhi,TRUE,MONTHLY SUBSCRIPTION,,22266.1,Negative
2025-07-21,CREDIT,129.64,GBP,94.8991,-1807640.68,LocalMart,Groceries,Specialty,Canada,Bengaluru,TRUE,MONTHLY SUBSCRIPTION,2025.0,2337516.67156,Negative
2025-08-09,DEBIT,6.68,USD,73.6818,-2592853.5,Myntra,Dining,Cafe,India,Mumbai,TRUE,MONTHLY SUBSCRIPTION,,93516.94055999999,Negative
2025-03-24,DEBIT,36.16,GBP,96.7263,-1641954.78,Flipkart,Clothing,Women,USA,Kolkata,TRUE,CHARGEBACK REQUESTED,,664548.3715199999,Negative
2025-05-05,CREDIT,13.68,GBP,100.2518,-2120352.12,Amazon,Health,Pharmacy,UAE,Bengaluru,TRUE,,,260574.47856,Negative
2024-12-31,DEBIT,33.37,AED,19.3939,-1617344.99,Reliance,Education,Course,Australia,Gurugram,TRUE,CASHBACK CREDITED,,122963.14416999999,Negative
2024-06-23,DEBIT,3.09,INR,1.0,-965478.46,AutoZone,Groceries,Specialty,UAE,Delhi,TRUE,REPEAT PURCHASE,,587.1,Negative
2025-01-31,DEBIT,33.65,USD,76.1978,-2681020.55,Paytm Mall,Clothing,Women,UAE,Noida,TRUE,CASHBACK CREDITED,,487170.6343,Negative
2025-03-04,DEBIT,9.21,INR,1.0,-1985204.59,Reliance,Groceries,Supermarket,USA,Kolkata,TRUE,CASHBACK CREDITED,,1749.9,Negative
2024-04-02,CREDIT,17.55,INR,1.0,-1652851.16,LocalMart,Dining,Restaurant,UAE,Bengaluru,TRUE,,,3334.5,Negative
2024-05-22,CREDIT,204.08,USD,73.8811,-1641954.78,Walmart,Utilities,Water,UK,Noida,TRUE,,2018.0,2864754.42872,Negative
2024-07-19,DEBIT,4.76,USD,82.8025,-2467224.58,Myntra,Clothing,Women,UK,Pune,TRUE,MONTHLY SUBSCRIPTION,2023.0,74886.58099999999,Negative
2023-09-26,DEBIT,439.62,INR,1.0,-1641954.78,Starbucks,Entertainment,Movies,Canada,Gurugram,TRUE,PROMO APPLIED,,83527.8,Negative
2024-04-18,DEBIT,58.48,AED,21.7233,-159742.74,Paytm Mall,Travel,Flight,Canada,Pune,TRUE,CHARGEBACK REQUESTED,2021.0,241371.93095999997,Negative
2025-06-10,DEBIT,33.37,INR,1.0,-258680.42,ElectroWorld,Dining,Cafe,USA,Delhi,TRUE,PROMO APPLIED,2021.0,6340.299999999999,Negative
2024-09-04,CREDIT,22.63,GBP,95.9608,-2419324.82,Starbucks,Travel,Hotel,Australia,Bengaluru,TRUE,PROMO APPLIED,,412602.65176000004,Negative
2025-01-22,CREDIT,52.95,USD,77.0046,-2868605.16,Walmart,Electronics,Laptop,Canada,Mumbai,TRUE,CHARGEBACK REQUESTED,,774704.7783,Negative
2024-06-13,DEBIT,17.55,INR,1.0,-1641954.78,Paytm Mall,Travel,Taxi,India,Noida,TRUE,SUSPECTED FRAUD,,3334.5,Negative
2024-10-20,DEBIT,33.37,USD,74.7581,-2935775.44,Paytm Mall,Dining,Cafe,USA,Bengaluru,TRUE,MONTHLY SUBSCRIPTION,,473988.78143,Negative
2024-06-23,CREDIT,17.04,USD,72.1679,-594942.08,Amazon,Clothing,Men,UAE,Bengaluru,TRUE,SUSPECTED FRAUD,,233650.79304,Negative
2025-03-16,CREDIT,78.17,AED,21.435,-2625323.79,Starbucks,Health,Clinic,Australia,Pune,TRUE,CHARGEBACK REQUESTED,,318359.0505,Negative
2023-12-02,DEBIT,363.14,INR,1.0,-1641954.78,Swiggy,Health,Clinic,Canada,Kolkata,TRUE,PROMO APPLIED,2017.0,68996.59999999999,Negative
2025-06-10,DEBIT,33.37,INR,1.0,-1641954.78,Myntra,Travel,Taxi,UK,Pune,TRUE,MONTHLY SUBSCRIPTION,,6340.299999999999,Negative
2024-12-02,DEBIT,58.87,GBP,109.1204,-1617435.31,BigBasket,Clothing,Women,Canada,Gurugram,TRUE,SUSPECTED FRAUD,,1220544.4101200001,Negative
2025-06-03,DEBIT,11.24,USD,77.6088,-1641954.78,ElectroWorld,Entertainment,Streaming,Australia,Kolkata,TRUE,PROMO APPLIED,2023.0,165741.35328,Negative
2024-08-03,CREDIT,7.16,USD,73.0104,-1850044.02,Swiggy,Health,Clinic,Australia,Pune,TRUE,MANUAL ADJUSTMENT,2021.0,99323.34816,Negative
2025-07-24,CREDIT,30.23,USD,81.78,-2581211.49,Swiggy,Automotive,Repair,UK,Noida,TRUE,,,469719.786,Negative
2024-07-20,DEBIT,18.58,USD,78.712,-2238009.61,LocalMart,Electronics,Laptop,India,Jaipur,TRUE,MANUAL ADJUSTMENT,,277869.1024,Negative
2025-06-10,CREDIT,8.82,INR,1.0,-2122206.07,ElectroWorld,Travel,Taxi,Canada,Pune,TRUE,MONTHLY SUBSCRIPTION,,1675.8,Negative
2025-02-03,CREDIT,26.58,INR,1.0,-1641954.78,Amazon,Dining,Cafe,UK,Chennai,TRUE,SUSPECTED FRAUD,2022.0,5050.2,Negative
2024-11-12,CREDIT,14.62,INR,1.0,-2582105.12,Zomato,Dining,Restaurant,Australia,Bengaluru,TRUE,CHARGEBACK REQUESTED,2025.0,2777.7999999999997,Negative
2024-11-15,REFUND,100.57,INR,1.0,-2680202.18,AutoZone,Dining,Restaurant,UK,Chennai,TRUE,,,19108.3,Negative
2025-01-02,DEBIT,1.05,INR,1.0,-1000613.65,Zomato,Health,Clinic,Canada,Mumbai,TRUE,PROMO APPLIED,2023.0,199.5,Negative
2024-01-17,DEBIT,18.26,USD,77.5587,-2237529.1,Swiggy,Travel,Flight,Canada,Chennai,TRUE,MONTHLY SUBSCRIPTION,,269082.15378,Negative
2024-10-04,DEBIT,6.94,AED,20.18,-2902624.67,AutoZone,Education,Course,USA,Hyderabad,TRUE,CASHBACK CREDITED,,26609.348,Negative
2023-09-27,CREDIT,150.87,USD,82.8096,-1641779.63,ElectroWorld,Travel,Hotel,India,Hyderabad,TRUE,SUSPECTED FRAUD,,2373762.0268800003,Negative
2024-02-25,CREDIT,34.55,INR,1.0,-259146.5,BigBasket,Health,Pharmacy,UAE,Kolkata,TRUE,PROMO APPLIED,2016.0,6564.499999999999,Negative
2024-11-06,CREDIT,33.37,AED,21.2102,-457368.17,ShopEasy,Clothing,Men,UAE,Gurugram,TRUE,,2018.0,134479.03105999998,Negative
2024-12-16,CREDIT,12.46,INR,1.0,-2904055.85,Reliance,Travel,Flight,UK,Hyderabad,TRUE,MONTHLY SUBSCRIPTION,,2367.4,Negative
2024-06-26,CREDIT,136.41,AED,21.8178,-1641954.78,ElectroWorld,Automotive,Repair,India,Chennai,TRUE,MANUAL ADJUSTMENT,,565471.5586199999,Negative
2023-10-14,DEBIT,74.11,GBP,101.4859,-1130881.12,Walmart,Travel,Hotel,USA,Bengaluru,TRUE,MONTHLY SUBSCRIPTION,,1429012.80931,Negative
2024-08-02,CREDIT,17.11,AED,21.2123,-542753.54,Zomato,Health,Pharmacy,UK,Hyderabad,TRUE,SUSPECTED FRAUD,,68959.06606999999,Negative
2024-11-05,DEBIT,110.16,GBP,103.5789,-2119831.36,Flipkart,Automotive,Repair,USA,Bengaluru,TRUE,,,2167947.8085600003,Negative
2025-06-23,DEBIT,27.83,INR,1.0,-2231718.95,ShopEasy,Travel,Flight,Australia,Chennai,TRUE,MANUAL ADJUSTMENT,,5287.7,Negative
2024-10-20,DEBIT,33.37,AED,20.6439,-1269613.13,Starbucks,Electronics,Mobile,UAE,Noida,TRUE,CHARGEBACK REQUESTED,2020.0,130888.51916999997,Negative
2024-12-15,REFUND,45.63,AED,20.7809,-1131138.95,Paytm Mall,Travel,Hotel,USA,Noida,TRUE,MONTHLY SUBSCRIPTION,,180164.16873,Negative
2025-08-26,DEBIT,33.37,INR,1.0,-2592330.1,Paytm Mall,Travel,Hotel,Canada,Chennai,TRUE,CASHBACK CREDITED,2023.0,6340.299999999999,Negative
2025-05-01,DEBIT,33.37,INR,1.0,-2933597.73,BigBasket,Groceries,Supermarket,Canada,Kolkata,TRUE,SUSPECTED FRAUD,,6340.299999999999,Negative
2025-03-02,DEBIT,41.09,USD,75.4019,-564939.2,Paytm Mall,Utilities,Internet,USA,Gurugram,TRUE,CHARGEBACK REQUESTED,2024.0,588670.17349,Negative
2024-08-02,REFUND,33.37,INR,1.0,-1641954.78,Starbucks,Clothing,Women,UK,Gurugram,TRUE,CHARGEBACK REQUESTED,,6340.299999999999,Negative
2024-03-26,DEBIT,33.37,USD,74.4847,-1641954.78,Swiggy,Dining,Restaurant,USA,Bengaluru,TRUE,CASHBACK CREDITED,,472255.34341,Negative
2024-09-15,CREDIT,45.03,INR,1.0,-441478.41,ShopEasy,Dining,Restaurant,UK,Hyderabad,TRUE,MANUAL ADJUSTMENT,,8555.7,Negative
2024-04-08,CREDIT,44.15,USD,78.8379,-2775322.66,Starbucks,Clothing,Women,UAE,Delhi,TRUE,PROMO APPLIED,2023.0,661331.72415,Negative
2025-03-03,DEBIT,36.54,USD,81.1603,-2933671.96,Swiggy,Groceries,Supermarket,Canada,Kolkata,TRUE,SUSPECTED FRAUD,,563463.49878,Negative
2025-04-28,CREDIT,60.33,INR,1.0,-1603606.98,Amazon,Travel,Taxi,India,Hyderabad,TRUE,MANUAL ADJUSTMENT,,11462.699999999999,Negative
2024-02-25,REFUND,306.93,GBP,96.6535,-2120723.35,ShopEasy,Utilities,Electricity,India,Delhi,TRUE,MONTHLY SUBSCRIPTION,,5636513.16345,Negative
2025-05-09,CREDIT,56.44,USD,81.4894,-436804.62,BigBasket,Utilities,Internet,India,Hyderabad,TRUE,PROMO APPLIED,2024.0,873859.72984,Negative
2025-06-13,DEBIT,19.3,GBP,95.4852,-1641954.78,Paytm Mall,Education,Course,India,Gurugram,TRUE,"CHARGEBACK REQUESTED -- VERIFY
CONTACT SUPPORT",,350144.2284,Negative
2024-08-29,DEBIT,27.74,INR,1.0,-1000557.75,Myntra,Utilities,Water,India,Bengaluru,TRUE,MANUAL ADJUSTMENT,,5270.599999999999,Negative
2025-09-02,CREDIT,33.37,INR,1.0,-1641954.78,Starbucks,Entertainment,Movies,UK,Pune,TRUE,SUSPECTED FRAUD,2020.0,6340.299999999999,Negative
2025-03-21,DEBIT,34.5,INR,1.0,-1271034.9,Paytm Mall,Education,Course,USA,Kolkata,TRUE,REPEAT PURCHASE,2019.0,6555.0,Negative
2024-04-05,DEBIT,23.98,USD ,82.6222,-434355.9,Starbucks,Groceries,Specialty,Australia,Noida,TRUE,SUSPECTED FRAUD,2019.0,376443.26764000003,Negative
2024-08-27,CREDIT,13.71,INR,1.0,-2624985.44,Reliance,Dining,FastFood,India,Jaipur,TRUE,,2019.0,2604.9,Negative
2024-06-12,DEBIT,14.66,INR,1.0,-1641954.78,Amazon,Automotive,Fuel,UAE,Noida,TRUE,MANUAL ADJUSTMENT,,2785.4,Negative
2025-05-20,DEBIT,27.73,GBP,90.6004,-1199711.81,Zomato,Travel,Flight,UK,Noida,TRUE,REPEAT PURCHASE,2024.0,477346.32748,Negative
2023-12-02,DEBIT,155.66,INR,1.0,-977184.21,BigBasket,Utilities,Internet,Canada,Mumbai,TRUE,CHARGEBACK REQUESTED,2024.0,29575.399999999998,Negative
2024-04-27,REFUND,7.06,GBP,98.9004,-1850047.55,Amazon,Clothing,Women,Canada,Jaipur,TRUE,PROMO APPLIED,,132664.99656,Negative
2023-12-14,DEBIT,117.29,USD,78.8843,-2462876.62,Swiggy,Health,Pharmacy,Canada,Mumbai,TRUE,SUSPECTED FRAUD,,1757944.51393,Negative
2024-05-10,CREDIT,72.13,INR,1.0,-528965.14,Walmart,Travel,Taxi,USA,Chennai,TRUE,MONTHLY SUBSCRIPTION,,13704.699999999999,Negative
2023-10-19,CREDIT,27.4,AED,21.7607,-2467758.42,Flipkart,Entertainment,Streaming,UK,Chennai,TRUE,SUSPECTED FRAUD,,113286.2042,Negative
2023-11-28,REFUND,33.37,USD,82.9208,-1143004.85,Swiggy,Education,Books,India,Pune,TRUE,CHARGEBACK REQUESTED,,525742.74824,Negative
2023-12-13,CREDIT,16.38,USD,79.3843,-1641954.78,Amazon,Dining,Restaurant,Australia,Jaipur,TRUE,,2018.0,247059.81845999995,Negative
2024-09-02,DEBIT,33.37,AED,20.3571,-1641954.78,Starbucks,Electronics,Mobile,UAE,Bengaluru,TRUE,CASHBACK CREDITED,,129070.12112999997,Negative
2023-12-22,DEBIT,16.78,AED,19.4212,-146274.49,ElectroWorld,Dining,Cafe,India,Kolkata,TRUE,CASHBACK CREDITED,,61918.66984,Negative
2023-09-14,CREDIT,191.45,USD,74.4584,-2231368.98,Amazon,Electronics,Laptop,Australia,Pune,TRUE,CHARGEBACK REQUESTED,,2708461.5291999998,Negative
2025-06-07,REFUND,33.37,AED,19.6379,-2428523.83,Swiggy,Groceries,Supermarket,USA,Kolkata,TRUE,,,124510.17736999999,Negative
2025-03-20,CREDIT,118.93,AED,19.1526,-480363.39,LocalMart,Health,Pharmacy,UK,Noida,TRUE,REPEAT PURCHASE,2019.0,432785.55642,Negative
2023-11-28,DEBIT,20.06,GBP ,95.0571,-1641954.78,Swiggy,Entertainment,Concert,USA,Kolkata,TRUE,,2017.0,362300.63094,Negative
2024-06-02,REFUND,33.37,AED,21.1515,-2901136.37,Zomato,Utilities,Water,Canada,Jaipur,TRUE,PROMO APPLIED,2024.0,134106.85544999997,Negative
2024-07-15,REFUND,45.12,INR,1.0,-1641954.78,Myntra,Dining,FastFood,Canada,Mumbai,TRUE,CASHBACK CREDITED,,8572.8,Negative
2024-03-12,DEBIT,16.09,AED,20.4129,9341.19,BigBasket,Travel,Taxi,USA,Bengaluru,TRUE,REPEAT PURCHASE,,62404.27659,Positive
2024-10-22,DEBIT,54.14,INR,1.0,-2495457.25,Swiggy,Travel,Hotel,UAE,Delhi,TRUE,PROMO APPLIED,,10286.6,Negative
2025-07-09,CREDIT,22.39,USD,81.451,-2873000.45,AutoZone,Health,Pharmacy,UAE,Kolkata,TRUE,,2015.0,346500.69909999997,Negative
2025-04-28,DEBIT,4.29,INR,1.0,-1625559.52,Walmart,Health,Pharmacy,India,Gurugram,TRUE,CHARGEBACK REQUESTED,2020.0,815.1,Negative
2025-03-20,CREDIT,77.36,USD,76.3204,-2873417.28,Amazon,Electronics,Laptop,USA,Bengaluru,TRUE,MONTHLY SUBSCRIPTION,,1121787.76736,Negative
2025-01-14,DEBIT,20.1,GBP,105.3694,-1641954.78,Amazon,Travel,Taxi,India,Jaipur,TRUE,REPEAT PURCHASE,,402405.73860000004,Negative
2024-09-05,DEBIT,11.14,USD,74.9084,-1560689.0,BigBasket,Electronics,Laptop,USA,Delhi,TRUE,MANUAL ADJUSTMENT,,158551.11944,Negative
2024-10-26,DEBIT,118.35,AED,21.9664,-1641954.78,Walmart,Automotive,Repair,Canada,Bengaluru,TRUE,PROMO APPLIED,2025.0,493947.45359999995,Negative
2024-05-28,CREDIT,12.35,INR,1.0,-2582541.15,ShopEasy,Dining,Cafe,India,Delhi,TRUE,,2025.0,2346.5,Negative
2025-04-30,DEBIT,52.07,INR,1.0,-529980.51,Reliance,Health,Pharmacy,Australia,Mumbai,TRUE,REPEAT PURCHASE,2023.0,9893.3,Negative
2024-03-14,CREDIT,33.37,USD,76.0688,-1500079.1,Reliance,Dining,FastFood,USA,Chennai,TRUE,MONTHLY SUBSCRIPTION,,482299.0126399999,Negative
2025-02-12,REFUND,3.37,AED,20.4137,-2913132.67,Zomato,Electronics,Accessory,UAE,Chennai,TRUE,REPEAT PURCHASE,,13070.892109999999,Negative
2025-06-30,DEBIT,30.72,USD,81.4984,-258854.79,Walmart,Dining,Restaurant,UK,Hyderabad,TRUE,CHARGEBACK REQUESTED,,475689.8611200001,Negative
2024-07-10,CREDIT,20.32,INR,1.0,-2514831.01,Swiggy,Travel,Taxi,UK,Bengaluru,TRUE,MONTHLY SUBSCRIPTION,2017.0,3860.8,Negative
2023-10-21,CREDIT,116.84,USD,74.4952,-555745.58,ElectroWorld,Groceries,Specialty,Australia,Hyderabad,TRUE,REPEAT PURCHASE,2017.0,1653763.64192,Negative
2025-05-08,DEBIT,21.71,USD,78.1253,-1617518.93,Amazon,Automotive,Repair,Canada,Pune,TRUE,PROMO APPLIED,,322259.04997,Negative
2024-03-25,CREDIT,29.97,INR,1.0,-1130619.4,BigBasket,Entertainment,Streaming,Australia,Pune,TRUE,CASHBACK CREDITED,2020.0,5694.3,Negative
2024-04-30,CREDIT,79.43,AED,18.6635,-2626270.59,Swiggy,Groceries,Supermarket,USA,Delhi,TRUE,SUSPECTED FRAUD,2022.0,281663.94295000006,Negative
2024-01-03,DEBIT,9.9,GBP,93.1657,-175802.93,ElectroWorld,Education,Course,Canada,Hyderabad,TRUE,MONTHLY SUBSCRIPTION,2018.0,175244.68170000002,Negative
2024-12-30,CREDIT,76.49,GBP,107.7993,-2902591.17,BigBasket,Utilities,Water,USA,Kolkata,TRUE,,,1566658.0068299999,Negative
2025-03-14,REFUND,33.37,USD,72.6395,-2624916.49,Myntra,Entertainment,Movies,UK,Pune,TRUE,CHARGEBACK REQUESTED,2016.0,460556.22185,Negative
2025-08-21,DEBIT,33.37,INR,1.0,-258954.47,Flipkart,Groceries,Supermarket,India,Hyderabad,TRUE,CASHBACK CREDITED,,6340.299999999999,Negative
2024-10-30,DEBIT,82.35,USD,73.0014,-974139.81,Walmart,Utilities,Electricity,Australia,Noida,TRUE,SUSPECTED FRAUD,,1142216.4051,Negative
2024-01-31,DEBIT,53.25,INR,1.0,-1931997.07,Zomato,Utilities,Water,UK,Jaipur,TRUE,CASHBACK CREDITED,2023.0,10117.5,Negative
2023-12-10,CREDIT,16.33,GBP,104.9664,-2463600.45,ElectroWorld,Electronics,Accessory,Australia,Bengaluru,TRUE,CHARGEBACK REQUESTED,,325679.24927999993,Negative
2025-02-12,CREDIT,77.57,USD,76.2979,-2626379.67,LocalMart,Education,Course,Canada,Delhi,TRUE,SUSPECTED FRAUD,,1124501.3395699998,Negative
2025-02-05,CREDIT,26.42,INR,1.0,-2869001.85,LocalMart,Electronics,Laptop,UK,Delhi,TRUE,MONTHLY SUBSCRIPTION,2025.0,5019.8,Negative
2024-09-01,DEBIT,12.84,INR,1.0,-2119173.71,LocalMart,Electronics,Laptop,Canada,Pune,TRUE,PROMO APPLIED,,2439.6,Negative
2024-05-11,DEBIT,50.47,USD,73.6446,-2626295.83,Walmart,Dining,FastFood,USA,Hyderabad,TRUE,MANUAL ADJUSTMENT,,706200.1627799999,Negative
2025-01-17,DEBIT,18.35,GBP,90.224,-2867657.51,Swiggy,Education,Books,USA,Chennai,TRUE,PROMO APPLIED,,314565.976,Negative
2025-03-29,DEBIT,7.88,INR,1.0,-2913267.71,BigBasket,Clothing,Men,Australia,Noida,TRUE,MANUAL ADJUSTMENT,,1497.2,Negative
2024-09-04,CREDIT,230.14,USD,78.8946,-1162714.71,Swiggy,Electronics,Laptop,Australia,Jaipur,TRUE,SUSPECTED FRAUD,2017.0,3449792.61636,Negative
2024-09-27,REFUND,9.35,USD,81.6638,-1143066.66,AutoZone,Automotive,Fuel,UK,Chennai,TRUE,PROMO APPLIED,,145075.7407,Negative
2025-05-04,DEBIT,61.39,GBP,104.1212,-189982.58,ElectroWorld,Travel,Hotel,UAE,Mumbai,TRUE,PROMO APPLIED,,1214480.08892,Negative
2024-03-31,CREDIT,33.37,USD,82.38,-2774251.05,Swiggy,Education,Course,USA,Noida,TRUE,CHARGEBACK REQUESTED,2021.0,522313.914,Negative
2024-08-13,DEBIT,325.37,USD,72.3717,-1625846.8,Walmart,Clothing,Men,UAE,Chennai,TRUE,CASHBACK CREDITED,,4474040.20551,Negative
2025-03-20,CREDIT,12.94,INR,1.0,-155515.89,BigBasket,Health,Pharmacy,Australia,Mumbai,TRUE,CHARGEBACK REQUESTED,,2458.6,Negative
2025-05-17,DEBIT,78.14,USD,81.7525,-1214177.72,Paytm Mall,Automotive,Repair,Australia,Hyderabad,TRUE,CHARGEBACK REQUESTED,,1213746.6665,Negative
2024-11-22,CREDIT,13.28,USD,82.2137,-2452619.37,Flipkart,Dining,Restaurant,UK,Delhi,TRUE,REPEAT PURCHASE,,207441.60783999998,Negative
2025-07-08,CREDIT,4.67,AED,20.872,-2774231.66,Walmart,Education,Course,USA,Noida,TRUE,CASHBACK CREDITED,2021.0,18519.7256,Negative
2025-01-07,REFUND,24.08,GBP,91.939,-2538875.49,Zomato,Utilities,Water,Australia,Jaipur,TRUE,,,420639.31279999996,Negative
2025-02-04,DEBIT,17.83,USD,73.3932,-447327.9,Flipkart,Travel,Flight,India,Noida,TRUE,REPEAT PURCHASE,,248634.14363999997,Negative
2024-03-21,DEBIT,63.38,USD,75.2615,-1641954.78,Starbucks,Travel,Hotel,Australia,Chennai,TRUE,PROMO APPLIED,2025.0,906314.0353,Negative
2024-02-27,DEBIT,33.37,AED,18.8648,-2773415.21,Reliance,Utilities,Internet,USA,Noida,TRUE,PROMO APPLIED,,119608.49143999998,Negative
2023-09-18,DEBIT,30.59,INR,1.0,-276379.08,BigBasket,Travel,Taxi,UAE,Noida,TRUE,CASHBACK CREDITED,2023.0,5812.1,Negative
2025-01-19,DEBIT,4.17,USD,74.5505,-1641954.78,BigBasket,Health,Pharmacy,USA,Chennai,TRUE,MONTHLY SUBSCRIPTION,,59066.36115,Negative
2024-11-07,DEBIT,3.58,AED,21.9528,-1641954.78,Flipkart,Automotive,Fuel,Canada,Mumbai,TRUE,CHARGEBACK REQUESTED,2022.0,14932.29456,Negative
2025-06-05,DEBIT,5.61,INR,1.0,-1931352.05,ElectroWorld,Electronics,Accessory,Australia,Kolkata,TRUE,CHARGEBACK REQUESTED,2020.0,1065.9,Negative
2024-03-30,DEBIT,33.37,INR,1.0,-2874504.14,ElectroWorld,Clothing,Women,UAE,Mumbai,TRUE,CASHBACK CREDITED,,6340.299999999999,Negative
2025-02-10,DEBIT,9.69,INRR,1.0,-1824317.6,ElectroWorld,Travel,Hotel,UAE,Chennai,TRUE,MANUAL ADJUSTMENT,,1841.1,Negative
2024-06-18,CREDIT,36.14,USD,78.4728,-1936134.9,ElectroWorld,Electronics,Mobile,UK,Bengaluru,TRUE,CASHBACK CREDITED,,538841.32848,Negative
2024-10-29,DEBIT,16.57,AED,21.1358,-276459.69,Flipkart,Travel,Hotel,USA,Pune,TRUE,PROMO APPLIED,,66541.83914,Negative
2024-01-22,CREDIT,80.96,GBP,98.1314,-1641954.78,Walmart,Electronics,Mobile,India,Noida,TRUE,CASHBACK CREDITED,2021.0,1509496.4473599999,Negative
2025-03-02,REFUND,20.86,USD,81.5197,-2428594.43,Paytm Mall,Utilities,Electricity,UK,Jaipur,TRUE,,2018.0,323095.17897999997,Negative
2024-05-18,CREDIT,33.02,USD,72.6131,-1808659.22,Flipkart,Travel,Flight,UAE,Jaipur,TRUE,REPEAT PURCHASE,,455560.06678000005,Negative
2024-03-01,DEBIT,3.64,GBP,99.5325,-1984802.52,Reliance,Dining,Restaurant,UAE,Bengaluru,TRUE,CASHBACK CREDITED,2020.0,68836.677,Negative
2025-07-08,CREDIT,63.19,USD,81.6243,-2625362.88,BigBasket,Groceries,Specialty,Australia,Jaipur,TRUE,CASHBACK CREDITED,2018.0,979989.50823,Negative
2025-02-22,REFUND,88.86,INR,1.0,-1641954.78,Paytm Mall,Electronics,Laptop,UK,Noida,TRUE,SUSPECTED FRAUD,2021.0,16883.4,Negative
2024-12-31,CREDIT,54.2,USD,76.0514,-2464458.52,Reliance,Health,Clinic,Canada,Pune,TRUE,PROMO APPLIED,,783177.3172,Negative
2024-11-19,DEBIT,149.78,GBP,92.5221,-2933392.95,LocalMart,Dining,FastFood,UAE,Kolkata,TRUE,REPEAT PURCHASE,,2633012.42622,Negative
2025-05-15,DEBIT,34.17,USD,78.918,-1641954.78,AutoZone,Clothing,Women,Australia,Delhi,TRUE,MANUAL ADJUSTMENT,,512359.3314000001,Negative
2023-11-24,CREDIT,38.91,INR,1.0,-1774814.47,Paytm Mall,Groceries,Specialty,USA,Bengaluru,TRUE,MONTHLY SUBSCRIPTION,2015.0,7392.9,Negative
2025-01-04,CREDIT,153.57,INR,1.0,-529153.57,Zomato,Utilities,Electricity,USA,Noida,TRUE,MANUAL ADJUSTMENT,2018.0,29178.3,Negative
2024-01-11,DEBIT,25.14,INR,1.0,-1640777.1,ElectroWorld,Automotive,Repair,UAE,Hyderabad,TRUE,PROMO APPLIED,,4776.6,Negative
2025-04-07,CREDIT,33.37,GBP,90.4878,-174063.18,Starbucks,Health,Pharmacy,UAE,Delhi,TRUE,CHARGEBACK REQUESTED,,573719.7983399999,Negative
2024-11-10,REFUND,12.87,USD,73.8846,-1163442.2,BigBasket,Health,Pharmacy,Canada,Pune,TRUE,MONTHLY SUBSCRIPTION,,180670.01238,Negative
2023-10-08,DEBIT,47.02,INR,1.0,-1626980.5,ShopEasy,Clothing,Women,Australia,Chennai,TRUE,REPEAT PURCHASE,,8933.800000000001,Negative
2024-02-25,DEBIT,47.86,AED,18.7766,-2237192.41,Amazon,Entertainment,Concert,Australia,Kolkata,TRUE,PROMO APPLIED,,170743.13444,Negative
2025-07-15,DEBIT,54.71,INR,1.0,-1271510.74,AutoZone,Travel,Hotel,UAE,Bengaluru,TRUE,PROMO APPLIED,2020.0,10394.9,Negative
2024-10-20,DEBIT,33.37,INR,1.0,-2935269.27,Swiggy,Health,Pharmacy,UAE,Jaipur,TRUE,,,6340.299999999999,Negative
2025-03-28,REFUND,6.63,INR,1.0,-2582069.99,Myntra,Education,Course,India,Hyderabad,TRUE,MANUAL ADJUSTMENT,,1259.7,Negative
2024-02-21,REFUND,69.86,INR,1.0,-1602858.81,Reliance,Education,Books,USA,Jaipur,TRUE,SUSPECTED FRAUD,,13273.4,Negative
2025-04-13,REFUND,33.37,GBP,108.1777,-2465882.06,Swiggy,Education,Books,India,Hyderabad,TRUE,CHARGEBACK REQUESTED,,685879.0713099999,Negative
2025-02-23,CREDIT,6.8,USD,72.5507,-1641954.78,Swiggy,Health,Pharmacy,India,Mumbai,TRUE,,2018.0,93735.5044,Negative
2025-03-26,REFUND,57.95,GBP,95.7787,-1214797.67,Swiggy,Utilities,Internet,UK,Delhi,TRUE,CHARGEBACK REQUESTED,,1054571.37635,Negative
2024-02-02,CREDIT,136.71,GBP,107.0922,-2580762.55,Amazon,Travel,Flight,India,Gurugram,TRUE,REPEAT PURCHASE,,2781709.18578,Negative
2024-04-15,CREDIT,26.35,AED ,19.8738,-260541.49,Reliance,Clothing,Men,UAE,Hyderabad,TRUE,MANUAL ADJUSTMENT,2021.0,99498.1797,Negative
2024-02-10,DEBIT,45.26,INR,1.0,-1641954.78,Reliance,Entertainment,Movies,Australia,Noida,TRUE,MONTHLY SUBSCRIPTION,,8599.4,Negative
2024-10-26,REFUND,34.43,GBP,104.7959,-2420149.35,AutoZone,Travel,Hotel,Canada,Hyderabad,TRUE,MANUAL ADJUSTMENT,,685543.33903,Negative
2024-05-21,CREDIT,12.01,GBP,95.0804,-1641954.78,LocalMart,Electronics,Accessory,UK,Mumbai,TRUE,MANUAL ADJUSTMENT,2025.0,216963.96476,Negative
2025-06-28,DEBIT,64.22,INR,1.0,-1641954.78,Swiggy,Dining,Restaurant,USA,Mumbai,TRUE,MONTHLY SUBSCRIPTION,2016.0,12201.8,Negative
2024-02-11,CREDIT,42.14,USD,78.5141,-2652686.49,Reliance,Entertainment,Movies,UAE,Mumbai,TRUE,REPEAT PURCHASE,,628630.99306,Negative
2025-02-23,CREDIT,33.37,AED,18.0718,-540480.02,BigBasket,Automotive,Repair,Canada,Jaipur,TRUE,CASHBACK CREDITED,,114580.63353999998,Negative
2024-05-26,REFUND,52.68,USD,75.5551,-1602966.73,Amazon,Utilities,Internet,India,Mumbai,TRUE,,,756246.1069199999,Negative
2025-05-23,DEBIT,2.6,INR,1.0,-1641954.78,Paytm Mall,Automotive,Fuel,Canada,Mumbai,TRUE,MANUAL ADJUSTMENT,,494.0,Negative
2025-04-03,DEBIT,289.64,USD,82.2976,-1824310.56,Amazon,Health,Pharmacy,Australia,Kolkata,TRUE,SUSPECTED FRAUD,,4528968.604160001,Negative
2024-04-16,CREDIT,7.44,AED,19.4999,-2582031.9,ShopEasy,Groceries,Supermarket,Canada,Delhi,TRUE,CASHBACK CREDITED,,27565.058640000003,Negative
2024-03-04,DEBIT,36.97,GBP,105.8201,-1640310.05,Myntra,Utilities,Internet,UAE,Noida,TRUE,REPEAT PURCHASE,,743312.12843,Negative
2025-04-08,CREDIT,68.13,USD,75.4792,-1199672.58,AutoZone,Automotive,Fuel,UK,Gurugram,TRUE,CHARGEBACK REQUESTED,,977055.60024,Negative
2025-06-10,DEBIT,8.87,INR,1.0,-2119467.04,Flipkart,Groceries,Supermarket,Canada,Bengaluru,TRUE,CHARGEBACK REQUESTED,,1685.3,Negative
2023-10-24,DEBIT,7.95,AED,21.8225,-1641954.78,Myntra,Dining,Restaurant,UAE,Pune,TRUE,CHARGEBACK REQUESTED,,32962.88625,Negative
2024-03-22,REFUND,35.51,INR,1.0,-163824.8,BigBasket,Clothing,Men,UK,Jaipur,TRUE,REPEAT PURCHASE,2016.0,6746.9,Negative
2024-05-15,DEBIT,7.48,INR,1.0,-2866438.57,Swiggy,Health,Clinic,UK,Mumbai,TRUE,MONTHLY SUBSCRIPTION,,1421.2,Negative
2024-04-03,DEBIT,29.26,GBP,104.2042,-1641954.78,Starbucks,Utilities,Electricity,UK,Kolkata,TRUE,CASHBACK CREDITED,,579312.8294800001,Negative
2024-12-03,REFUND,15.55,INR,1.0,-1641954.78,BigBasket,Automotive,Fuel,India,Noida,TRUE,MANUAL ADJUSTMENT,,2954.5,Negative
2025-07-29,DEBIT,12.6,INR,1.0,-2463276.91,Walmart,Electronics,Accessory,India,Hyderabad,TRUE,PROMO APPLIED,,2394.0,Negative
2024-07-05,CREDIT,40.12,GBP,106.2087,-1641954.78,Zomato,Health,Clinic,India,Pune,TRUE,CHARGEBACK REQUESTED,,809607.6783599999,Negative
2024-01-16,REFUND,25.95,AED,19.096,-277515.24,LocalMart,Clothing,Women,UK,Gurugram,TRUE,REPEAT PURCHASE,,94152.828,Negative
2023-12-28,DEBIT,104.52,INR,1.0,-2235760.39,Walmart,Automotive,Repair,Australia,Hyderabad,TRUE,CHARGEBACK REQUESTED,,19858.8,Negative
2024-09-15,CREDIT,33.37,GBP ,93.987,-2900580.62,Zomato,Travel,Flight,UAE,Chennai,TRUE,MANUAL ADJUSTMENT,,595905.7760999999,Negative
2024-08-24,CREDIT,139.97,GBP,105.1308,-278103.8,LocalMart,Travel,Hotel,UK,Gurugram,TRUE,,,2795880.03444,Negative
2025-07-13,CREDIT,67.47,GBP,109.5216,-436954.84,Starbucks,Utilities,Water,USA,Chennai,TRUE,PROMO APPLIED,2025.0,1403990.24688,Negative
2025-08-22,REFUND,62.05,GBP,106.1895,-2466885.94,ElectroWorld,Clothing,Men,Australia,Noida,TRUE,REPEAT PURCHASE,2019.0,1251921.11025,Negative
2024-02-05,DEBIT,16.06,USD,80.6123,-1676587.73,Amazon,Groceries,Supermarket,Australia,Noida,TRUE,,,245980.37222000002,Negative
2025-05-27,DEBIT,2.6,AED,19.5166,-1626969.7,ShopEasy,Automotive,Repair,USA,Hyderabad,TRUE,PROMO APPLIED,2023.0,9641.2004,Negative
2024-05-31,CREDIT,87.95,USD,80.0014,-2466932.83,ShopEasy,Health,Clinic,Canada,Bengaluru,TRUE,MONTHLY SUBSCRIPTION,,1336863.3947,Negative
2023-10-14,REFUND,15.63,AED,19.8583,-542665.76,Swiggy,Entertainment,Streaming,UK,Kolkata,TRUE,CHARGEBACK REQUESTED,2018.0,58973.193510000005,Negative
2025-07-08,DEBIT,33.37,USD,72.9896,-2866297.19,Walmart,Travel,Taxi,India,Pune,TRUE,MONTHLY SUBSCRIPTION,,462775.9608799999,Negative
2025-03-02,CREDIT,5.11,AED,20.339,-440797.54,AutoZone,Travel,Flight,Canada,Gurugram,TRUE,SUSPECTED FRAUD,,19747.1351,Negative
2024-07-19,CREDIT,25.63,GBP,96.4779,-965723.87,LocalMart,Dining,Cafe,USA,Hyderabad,TRUE,CHARGEBACK REQUESTED,,469818.42962999997,Negative
2025-06-01,DEBIT,33.37,INR,1.0,-1641954.78,Paytm Mall,Clothing,Men,Canada,Mumbai,TRUE,,2022.0,6340.299999999999,Negative
2024-11-06,REFUND,33.37,INR,1.0,-2650113.15,Amazon,Health,Clinic,Australia,Pune,TRUE,CASHBACK CREDITED,,6340.299999999999,Negative
2025-01-10,DEBIT,53.39,GBP,100.9098,-2901376.99,ElectroWorld,Dining,FastFood,Canada,Mumbai,TRUE,REPEAT PURCHASE,2015.0,1023639.10218,Negative
2024-03-25,DEBIT,592.35,GBP,97.7627,-555650.64,Myntra,Groceries,Specialty,USA,Pune,TRUE,CASHBACK CREDITED,,11002849.71555,Negative
2024-12-04,DEBIT,15.06,GBP,107.7003,-974961.48,LocalMart,Education,Course,UAE,Mumbai,TRUE,MONTHLY SUBSCRIPTION,,308173.63842,Negative
2025-03-25,REFUND,53.4,USD,74.4477,-2624963.14,Paytm Mall,Health,Clinic,India,Bengaluru,TRUE,MANUAL ADJUSTMENT,,755346.3642,Negative
2024-03-12,CREDIT,59.69,USD,82.0212,-1641954.78,ElectroWorld,Education,Books,Australia,Hyderabad,TRUE,CASHBACK CREDITED,2020.0,930210.6313199999,Negative
2024-10-18,DEBIT,33.37,GBP,94.8543,-1706070.82,Flipkart,Education,Course,Australia,Jaipur,TRUE,PROMO APPLIED,,601404.71829,Negative
2025-02-02,CREDIT,12.79,AED,18.9958,-182789.78,Amazon,Dining,Cafe,India,Gurugram,TRUE,SUSPECTED FRAUD,2025.0,46161.69357999999,Negative
2025-03-08,DEBIT,107.57,GBP,94.8301,-1641954.78,Starbucks,Electronics,Mobile,India,Jaipur,TRUE,MANUAL ADJUSTMENT,,1938166.0328299997,Negative
2025-06-06,DEBIT,186.86,USD,78.7558,-2466317.46,Flipkart,Travel,Hotel,Australia,Bengaluru,TRUE,REPEAT PURCHASE,,2796098.66972,Negative
2024-11-24,DEBIT,12.79,GBP,105.385,-258939.91,Swiggy,Dining,Cafe,USA,Jaipur,TRUE,MONTHLY SUBSCRIPTION,,256096.08849999998,Negative
2025-01-15,DEBIT,4.99,INR,1.0,-1824905.56,Flipkart,Utilities,Internet,USA,Gurugram,TRUE,SUSPECTED FRAUD,2016.0,948.1,Negative
2025-09-05,DEBIT,17.5,AED,18.7046,-1641954.78,Starbucks,Clothing,Women,UAE,Noida,TRUE,,,62192.795,Negative
2024-11-27,DEBIT,77.89,USD ,80.4263,-1713271.57,ShopEasy,Entertainment,Streaming,USA,Bengaluru,TRUE,CASHBACK CREDITED,,1190236.85633,Negative
2025-05-21,DEBIT,71.42,GBP,95.2585,-1641954.78,Reliance,Travel,Taxi,Canada,Jaipur,TRUE,"SUSPECTED FRAUD -- VERIFY
CONTACT SUPPORT",,1292638.7933,Negative
2024-02-06,CREDIT,53.78,AED,19.2468,-145123.63,BigBasket,Electronics,Mobile,UK,Bengaluru,TRUE,PROMO APPLIED,,196667.65176,Negative
2023-12-31,DEBIT,29.03,GBP,94.3128,-1162851.84,LocalMart,Utilities,Water,Canada,Mumbai,TRUE,,2016.0,520201.11096,Negative
2024-08-09,DEBIT,50.25,AED,21.895,-441459.4,Reliance,Education,Books,Australia,Mumbai,TRUE,,2019.0,209042.51249999998,Negative
2025-03-18,DEBIT,33.37,INR,1.0,-2085681.2,Swiggy,Travel,Taxi,Australia,Pune,TRUE,,,6340.299999999999,Negative
2023-12-27,DEBIT,38.53,GBP,97.2107,-2308450.0,ShopEasy,Electronics,Accessory,Canada,Hyderabad,TRUE,,,711650.37149,Negative
2024-12-01,CREDIT,15.5,INR,1.0,-1935529.83,Paytm Mall,Utilities,Electricity,India,Bengaluru,TRUE,MONTHLY SUBSCRIPTION,,2945.0,Negative
2025-07-26,CREDIT,522.53,INR,1.0,-480723.4,Myntra,Dining,Cafe,Australia,Chennai,TRUE,CASHBACK CREDITED,,99280.7,Negative
2025-07-21,CREDIT,12.74,INR,1.0,-2481793.74,Flipkart,Dining,Restaurant,USA,Chennai,TRUE,MONTHLY SUBSCRIPTION,,2420.6,Negative
2025-01-12,CREDIT,22.95,INR,1.0,-2231781.68,LocalMart,Dining,FastFood,UK,Jaipur,TRUE,CASHBACK CREDITED,,4360.5,Negative
2023-09-22,CREDIT,53.1,USD,74.083,-540750.5,BigBasket,Groceries,Specialty,USA,Delhi,TRUE,MONTHLY SUBSCRIPTION,2017.0,747423.387,Negative
2025-08-11,DEBIT,11.47,GBP,102.0751,-163787.14,AutoZone,Entertainment,Movies,Australia,Hyderabad,TRUE,MANUAL ADJUSTMENT,,222452.26543000003,Negative
2024-06-06,REFUND,121.33,GBP,101.264,-2773258.53,Myntra,Dining,FastFood,India,Kolkata,TRUE,MANUAL ADJUSTMENT,,2334408.6128,Negative
2025-08-29,REFUND,3.14,AED,19.19,-1561280.81,LocalMart,Travel,Flight,USA,Kolkata,TRUE,SUSPECTED FRAUD,,11448.754,Negative
2024-01-13,DEBIT,381.09,INR,1.0,-2867619.27,Amazon,Education,Course,UAE,Pune,TRUE,MANUAL ADJUSTMENT,2021.0,72407.09999999999,Negative
2025-03-19,DEBIT,26.47,INR,1.0,-2626230.88,ElectroWorld,Travel,Hotel,USA,Bengaluru,TRUE,SUSPECTED FRAUD,,5029.3,Negative
2024-08-30,CREDIT,13.12,INR,1.0,-1641954.78,LocalMart,Automotive,Repair,USA,Chennai,TRUE,MONTHLY SUBSCRIPTION,,2492.7999999999997,Negative
2024-11-09,REFUND,41.15,USD,76.5876,-2117943.46,BigBasket,Automotive,Repair,USA,Noida,TRUE,REPEAT PURCHASE,2019.0,598800.1505999999,Negative
2024-12-24,CREDIT,33.37,USD ,74.0685,-1676040.93,Paytm Mall,Dining,Restaurant,India,Gurugram,TRUE,MONTHLY SUBSCRIPTION,,469616.51055,Negative
2024-05-15,REFUND,17.61,GBP,99.9235,-1627024.88,ElectroWorld,Utilities,Electricity,USA,Hyderabad,TRUE,CASHBACK CREDITED,,334334.03865,Negative
2023-12-28,CREDIT,375.07,USD ,80.6827,-2726924.13,Paytm Mall,Automotive,Repair,UK,Gurugram,TRUE,MANUAL ADJUSTMENT,2021.0,5749715.45491,Negative
2025-01-22,DEBIT,61.72,INR,1.0,-2936159.43,ShopEasy,Health,Pharmacy,India,Noida,TRUE,CHARGEBACK REQUESTED,2021.0,11726.8,Negative
2024-04-18,CREDIT,51.48,USD,81.584,-1603635.81,Starbucks,Travel,Flight,Australia,Pune,TRUE,MONTHLY SUBSCRIPTION,,797989.4208,Negative
2024-09-14,DEBIT,33.37,AED,18.8106,-1935924.03,Zomato,Entertainment,Streaming,USA,Noida,TRUE,REPEAT PURCHASE,,119264.84717999998,Negative
2025-02-20,CREDIT,139.2,AED,21.3129,-974350.67,Amazon,Electronics,Accessory,UK,Pune,TRUE,PROMO APPLIED,,563683.5791999999,Negative
2025-03-18,CREDIT,16.51,GBP,106.9264,-1641954.78,Swiggy,Health,Clinic,India,Mumbai,TRUE,MANUAL ADJUSTMENT,,335417.42416000005,Negative
2024-07-13,DEBIT,33.37,INR,1.0,-1272464.2,LocalMart,Groceries,Specialty,USA,Delhi,TRUE,MANUAL ADJUSTMENT,,6340.299999999999,Negative
2023-10-20,DEBIT,5.99,USD,81.7866,9426.64,Starbucks,Entertainment,Movies,UAE,Mumbai,TRUE,CHARGEBACK REQUESTED,2022.0,93081.32946000001,Positive
2025-04-25,REFUND,88.93,USD,76.374,-281755.05,Reliance,Clothing,Women,UK,Chennai,TRUE,REPEAT PURCHASE,,1290468.5658,Negative
2024-04-05,DEBIT,14.85,USD,77.5976,-2868241.97,Paytm Mall,Utilities,Internet,Canada,Mumbai,TRUE,MANUAL ADJUSTMENT,,218941.62840000002,Negative
2024-10-29,DEBIT,8.01,USD,77.9124,-258387.09,Reliance,Automotive,Fuel,Canada,Bengaluru,TRUE,CHARGEBACK REQUESTED,,118574.88156000001,Negative
2024-05-18,CREDIT,47.91,AED,20.9692,-1641954.78,ElectroWorld,Electronics,Mobile,India,Pune,TRUE,MONTHLY SUBSCRIPTION,2021.0,190880.53068,Negative
2024-11-07,CREDIT,30.91,GBP,94.3977,-2464431.42,Amazon,Education,Books,UAE,Hyderabad,TRUE,REPEAT PURCHASE,,554388.25233,Negative
2025-06-03,CREDIT,109.72,USD,79.2474,-1077898.06,ShopEasy,Utilities,Electricity,UAE,Pune,TRUE,MANUAL ADJUSTMENT,,1652054.69832,Negative
2025-06-13,CREDIT,172.74,USD,76.11,-1984248.79,ShopEasy,Groceries,Supermarket,Australia,Gurugram,TRUE,,,2497975.866,Negative
2024-02-09,DEBIT,54.92,AED,18.3731,-1272712.08,LocalMart,Clothing,Women,Canada,Kolkata,TRUE,CHARGEBACK REQUESTED,,191719.62388000003,Negative
2025-07-22,DEBIT,9.99,USD,73.1987,-2935659.3,Zomato,Dining,Restaurant,Australia,Delhi,TRUE,MANUAL ADJUSTMENT,2016.0,138938.45247000002,Negative
2024-02-12,DEBIT,11.27,INR,1.0,-965125.2,Amazon,Utilities,Water,Australia,Gurugram,TRUE,SUSPECTED FRAUD,,2141.2999999999997,Negative
2025-02-18,CREDIT,122.15,AED,18.5691,-2868126.1,Swiggy,Electronics,Laptop,Canada,Delhi,TRUE,MONTHLY SUBSCRIPTION,,430960.95735,Negative
2024-07-11,DEBIT,7.44,GBP,92.3495,-593453.26,Flipkart,Groceries,Supermarket,India,Hyderabad,TRUE,REPEAT PURCHASE,,130545.25320000002,Negative
2025-03-11,DEBIT,12.25,INR,1.0,-1214639.52,BigBasket,Dining,Restaurant,Canada,Delhi,TRUE,PROMO APPLIED,,2327.5,Negative
2025-08-11,CREDIT,65.87,USD,77.8554,-1624235.27,Swiggy,Automotive,Repair,Australia,Noida,TRUE,PROMO APPLIED,2025.0,974383.6876200001,Negative
2025-06-09,CREDIT,15.05,USD,78.3479,-2623588.69,Zomato,Groceries,Supermarket,Canada,Mumbai,TRUE,MANUAL ADJUSTMENT,,224035.82004999998,Negative
2024-09-25,REFUND,20.81,USD,82.2613,-1641954.78,ElectroWorld,Clothing,Men,Australia,Chennai,TRUE,PROMO APPLIED,2022.0,325252.95407,Negative
2025-03-22,DEBIT,43.32,USD,82.7771,-281105.56,Flipkart,Entertainment,Streaming,Australia,Jaipur,TRUE,CASHBACK CREDITED,,681321.75468,Negative
2023-10-30,REFUND,87.62,AED,19.9926,-2118328.55,Starbucks,Entertainment,Streaming,UK,Noida,TRUE,MANUAL ADJUSTMENT,,332832.80628,Negative
2025-01-26,REFUND,3.16,INR,1.0,-1641954.78,Starbucks,Travel,Hotel,Canada,Noida,TRUE,CASHBACK CREDITED,,600.4,Negative
2024-09-17,DEBIT,3.46,INR,1.0,-1713269.84,Zomato,Utilities,Water,India,Pune,TRUE,PROMO APPLIED,,657.4,Negative
2023-11-27,CREDIT,29.46,USD,76.2137,-2873180.22,Starbucks,Health,Pharmacy,Australia,Mumbai,TRUE,CASHBACK CREDITED,,426598.56438000005,Negative
2025-03-20,DEBIT,22.76,AED,19.2959,-2773107.18,ShopEasy,Health,Pharmacy,USA,Bengaluru,TRUE,MONTHLY SUBSCRIPTION,2020.0,83443.18996,Negative
2025-05-29,DEBIT,79.61,GBP,91.6169,-2625331.28,AutoZone,Utilities,Water,UK,Delhi,TRUE,CASHBACK CREDITED,,1385788.06771,Negative
2025-02-03,DEBIT,60.54,AED,21.3961,-1809053.08,Starbucks,Entertainment,Streaming,Australia,Noida,TRUE,,,246110.77986,Negative
2024-12-29,CREDIT,74.17,INR,1.0,-1641954.78,Zomato,Dining,FastFood,Canada,Hyderabad,TRUE,REPEAT PURCHASE,2023.0,14092.300000000001,Negative
2024-03-10,DEBIT,12.49,INR,1.0,-2626031.92,Zomato,Utilities,Electricity,UAE,Jaipur,TRUE,SUSPECTED FRAUD,,2373.1,Negative
2023-12-06,DEBIT,33.37,GBP,107.2715,-1641954.78,BigBasket,Automotive,Fuel,Australia,Jaipur,TRUE,MONTHLY SUBSCRIPTION,,680133.49145,Negative
2025-03-17,DEBIT,94.31,USD,81.3171,-1936918.06,Zomato,Utilities,Water,USA,Delhi,TRUE,MONTHLY SUBSCRIPTION,,1457112.98319,Negative
2024-03-13,DEBIT,43.29,INR,1.0,-1641954.78,Amazon,Education,Books,Australia,Bengaluru,TRUE,MONTHLY SUBSCRIPTION,2015.0,8225.1,Negative
2023-12-05,CREDIT,16.24,USD,75.1467,-1823725.86,Reliance,Clothing,Women,UAE,Chennai,TRUE,CASHBACK CREDITED,2015.0,231872.65751999995,Negative
2024-10-12,DEBIT,6.55,INR ,1.0,-1500744.78,ElectroWorld,Groceries,Specialty,UK,Noida,TRUE,CASHBACK CREDITED,,1244.5,Negative
2024-01-05,DEBIT,33.37,USD,80.2981,-2935151.37,LocalMart,Utilities,Water,UAE,Pune,TRUE,MANUAL ADJUSTMENT,2020.0,509114.04342999996,Negative
2024-07-20,CREDIT,33.37,INR,1.0,-1641954.78,Flipkart,Electronics,Accessory,UK,Hyderabad,TRUE,MANUAL ADJUSTMENT,2023.0,6340.299999999999,Negative
2024-11-26,DEBIT,47.91,INR,1.0,-1641954.78,BigBasket,Clothing,Women,USA,Hyderabad,TRUE,MANUAL ADJUSTMENT,,9102.9,Negative
2023-11-01,CREDIT,71.27,USD,73.4502,-1641954.78,ShopEasy,Groceries,Specialty,UK,Bengaluru,TRUE,PROMO APPLIED,,994611.19326,Negative
2024-11-05,DEBIT,39.66,INR,1.0,-1641954.78,Starbucks,Clothing,Women,USA,Delhi,TRUE,SUSPECTED FRAUD,2017.0,7535.4,Negative
2024-07-01,DEBIT,3.72,USD,77.7716,-2464334.01,AutoZone,Automotive,Fuel,UAE,Gurugram,TRUE,SUSPECTED FRAUD,,54968.96688000001,Negative
2024-04-02,CREDIT,89.63,AED,18.9941,-1412188.98,LocalMart,Groceries,Specialty,Australia,Gurugram,TRUE,REPEAT PURCHASE,,323463.82477,Negative
2025-01-14,CREDIT,76.33,AED,18.364,-2452534.47,ShopEasy,Entertainment,Streaming,India,Pune,TRUE,CASHBACK CREDITED,,266327.58280000003,Negative
2025-03-25,REFUND,71.03,AED,20.026,-2582534.98,BigBasket,Entertainment,Movies,UAE,Chennai,TRUE,,2021.0,270264.8882,Negative
2024-03-08,DEBIT,35.08,INR,1.0,-276342.92,BigBasket,Clothing,Men,UAE,Bengaluru,TRUE,CASHBACK CREDITED,2021.0,6665.2,Negative
2023-12-10,DEBIT,23.0,INRR,1.0,-1198967.75,Reliance,Electronics,Accessory,Canada,Jaipur,TRUE,PROMO APPLIED,,4370.0,Negative
2024-10-08,DEBIT,160.95,INR,1.0,-1641954.78,BigBasket,Electronics,Laptop,Australia,Mumbai,TRUE,PROMO APPLIED,,30580.499999999996,Negative
2025-09-07,CREDIT,16.95,AED,21.8397,-1272756.81,ElectroWorld,Health,Pharmacy,India,Chennai,TRUE,,,70334.75385,Negative
2023-12-31,DEBIT,31.97,AED,20.2593,-1169134.24,Myntra,Automotive,Fuel,Australia,Delhi,TRUE,CHARGEBACK REQUESTED,,123061.06598999999,Negative
2024-11-05,CREDIT,176.23,USD,76.0043,-2464559.19,ElectroWorld,Health,Pharmacy,Canada,Noida,TRUE,,2020.0,2544905.17991,Negative
2025-01-26,CREDIT,34.17,USD,78.1354,-1641954.78,ElectroWorld,Travel,Hotel,India,Mumbai,TRUE,,,507278.4574200001,Negative
2024-10-29,CREDIT,61.76,AED,20.703,-2669867.4,AutoZone,Dining,FastFood,USA,Chennai,TRUE,PROMO APPLIED,,242937.28319999998,Negative
2025-04-04,DEBIT,44.36,INR,1.0,-2236660.81,Starbucks,Education,Books,Australia,Mumbai,TRUE,CHARGEBACK REQUESTED,2023.0,8428.4,Negative
2025-06-26,DEBIT,13.25,GBP,104.6341,-276321.13,ShopEasy,Education,Course,UK,Pune,TRUE,PROMO APPLIED,,263416.34675,Negative
2025-06-23,DEBIT,17.76,INR,1.0,-1823660.89,Flipkart,Groceries,Specialty,USA,Pune,TRUE,MANUAL ADJUSTMENT,,3374.4,Negative
2024-09-07,DEBIT,22.89,USD,76.9706,-529505.07,Walmart,Travel,Taxi,Australia,Kolkata,TRUE,MONTHLY SUBSCRIPTION,2022.0,334752.83646,Negative
2025-04-19,CREDIT,7.31,USD,72.6413,-1557041.18,BigBasket,Electronics,Mobile,UAE,Delhi,TRUE,,,100891.50157,Negative
2024-01-13,DEBIT,14.37,USD,72.3137,-1985689.82,Myntra,Travel,Hotel,UAE,Noida,TRUE,PROMO APPLIED,,197438.09511,Negative
2024-10-26,DEBIT,65.08,GBP,90.656,-260472.65,Myntra,Health,Clinic,Australia,Mumbai,TRUE,MANUAL ADJUSTMENT,2023.0,1120979.5712000001,Negative
2025-06-06,DEBIT,53.16,USD,73.0533,-277742.28,Myntra,Automotive,Repair,India,Gurugram,TRUE,"CHARGEBACK REQUESTED -- VERIFY
CONTACT SUPPORT",,737867.5513199999,Negative
2023-11-12,DEBIT,33.37,INR,1.0,-146031.67,Walmart,Travel,Taxi,USA,Noida,TRUE,PROMO APPLIED,,6340.299999999999,Negative
2024-01-13,CREDIT,139.21,USD,75.1811,-985766.82,Flipkart,Clothing,Men,Australia,Noida,TRUE,,,1988532.5768900004,Negative
2024-08-26,CREDIT,4.68,AED,18.7817,-1641954.78,ShopEasy,Dining,Cafe,Canada,Chennai,TRUE,,,16700.68764,Negative
2025-08-04,DEBIT,12.89,GBP,109.4446,-634969.61,Amazon,Dining,Restaurant,USA,Bengaluru,TRUE,PROMO APPLIED,2019.0,268040.76986,Negative
2025-04-08,DEBIT,21.08,INR,1.0,-1850214.11,Starbucks,Utilities,Electricity,Canada,Jaipur,TRUE,"CHARGEBACK REQUESTED -- VERIFY
CONTACT SUPPORT",,4005.2,Negative
2024-09-23,DEBIT,79.77,GBP,93.1707,-554624.09,Amazon,Dining,FastFood,UAE,Mumbai,TRUE,PROMO APPLIED,2024.0,1412123.08041,Negative
2025-08-21,CREDIT,47.2,USD,72.7811,-2420520.06,BigBasket,Groceries,Supermarket,UK,Delhi,TRUE,CASHBACK CREDITED,,652700.9047999999,Negative
2024-09-01,CREDIT,13.59,AED,20.6288,-1641954.78,Zomato,Groceries,Supermarket,UK,Pune,TRUE,,2023.0,53265.62447999999,Negative
2025-04-12,REFUND,13.98,INR,1.0,-593467.46,BigBasket,Entertainment,Streaming,India,Chennai,TRUE,MANUAL ADJUSTMENT,,2656.2000000000003,Negative
2024-09-08,DEBIT,33.37,USD,75.395,-565079.55,Reliance,Electronics,Mobile,UAE,Delhi,TRUE,,2023.0,478026.91849999997,Negative
2024-09-27,DEBIT,18.8,GBP,97.8307,-166395.25,Myntra,Automotive,Fuel,Australia,Chennai,TRUE,MANUAL ADJUSTMENT,,349451.26039999997,Negative
2024-02-14,DEBIT,20.88,USD,75.6136,-2825999.66,Reliance,Travel,Hotel,Canada,Chennai,TRUE,MANUAL ADJUSTMENT,2020.0,299974.27392,Negative
2024-04-30,REFUND,150.55,GBP,102.8981,-1169291.0,AutoZone,Utilities,Water,Canada,Hyderabad,TRUE,SUSPECTED FRAUD,,2943348.70145,Negative
2023-11-10,CREDIT,249.81,AED,18.8243,-542288.05,Paytm Mall,Electronics,Laptop,USA,Kolkata,TRUE,MANUAL ADJUSTMENT,2016.0,893474.69277,Negative
2023-11-14,CREDIT,33.37,USD,76.542,-1641954.78,Starbucks,Electronics,Mobile,Australia,Noida,TRUE,CASHBACK CREDITED,2025.0,485299.24259999994,Negative
2025-05-08,CREDIT,56.27,USD,78.0302,-2933940.97,Paytm Mall,Clothing,Men,UK,Kolkata,TRUE,PROMO APPLIED,2020.0,834244.27726,Negative
2025-01-22,CREDIT,258.28,INR,1.0,-1641954.78,Myntra,Clothing,Women,Canada,Noida,TRUE,REPEAT PURCHASE,,49073.2,Negative
2024-01-14,DEBIT,26.99,GBP,100.4734,-1641954.78,Paytm Mall,Utilities,Electricity,India,Noida,TRUE,MONTHLY SUBSCRIPTION,2019.0,515237.6425399999,Negative
2024-11-17,DEBIT,7.64,GBP,103.2145,-436732.05,Zomato,Dining,Restaurant,Australia,Pune,TRUE,MANUAL ADJUSTMENT,,149826.1682,Negative
2024-02-13,DEBIT,17.68,USD,73.6824,-480957.58,LocalMart,Groceries,Supermarket,UAE,Delhi,TRUE,PROMO APPLIED,,247513.91807999997,Negative
2025-07-22,DEBIT,33.37,AED,18.7027,-281693.48,BigBasket,Entertainment,Streaming,India,Hyderabad,TRUE,CHARGEBACK REQUESTED,,118580.72880999999,Negative
2024-11-17,DEBIT,25.94,INR,1.0,-595115.19,Amazon,Automotive,Repair,UAE,Pune,TRUE,CHARGEBACK REQUESTED,,4928.6,Negative
2025-05-17,REFUND,59.1,AED,20.8659,-1527349.65,Walmart,Electronics,Accessory,Canada,Chennai,TRUE,PROMO APPLIED,,234303.1911,Negative
2024-03-02,CREDIT,21.32,INR,1.0,-1641954.78,Walmart,Entertainment,Movies,Canada,Kolkata,TRUE,REPEAT PURCHASE,,4050.8,Negative
2025-03-13,DEBIT,28.05,INR,1.0,-1641954.78,ElectroWorld,Dining,FastFood,Canada,Bengaluru,TRUE,,,5329.5,Negative
2024-08-21,DEBIT,10.32,GBP,95.3995,-1641954.78,Walmart,Entertainment,Concert,UAE,Mumbai,TRUE,REPEAT PURCHASE,2019.0,187059.3396,Negative
2023-12-26,CREDIT,53.09,GBP,96.3221,-1641954.78,Reliance,Entertainment,Movies,UK,Pune,TRUE,CHARGEBACK REQUESTED,2018.0,971610.65491,Negative
2024-02-25,DEBIT,76.52,INR,1.0,-2902685.07,ElectroWorld,Utilities,Electricity,India,Kolkata,TRUE,,,14538.8,Negative
2024-12-29,CREDIT,33.37,INR,1.0,-445339.83,Starbucks,Utilities,Water,Canada,Mumbai,TRUE,MONTHLY SUBSCRIPTION,,6340.299999999999,Negative
2024-10-20,REFUND,41.57,GBP,98.214,-1143467.53,Walmart,Entertainment,Streaming,UK,Delhi,TRUE,PROMO APPLIED,,775723.6362,Negative
2023-12-09,CREDIT,322.52,INR,1.0,-160100.15,Flipkart,Electronics,Laptop,Canada,Chennai,TRUE,CHARGEBACK REQUESTED,,61278.799999999996,Negative
2024-05-05,REFUND,52.85,GBP,92.1278,-2622910.55,Flipkart,Electronics,Mobile,UK,Hyderabad,TRUE,CASHBACK CREDITED,,925101.3036999999,Negative
2024-01-30,DEBIT,158.95,INR,1.0,-155676.1,Starbucks,Electronics,Laptop,USA,Chennai,TRUE,REPEAT PURCHASE,2023.0,30200.499999999996,Negative
2025-02-25,CREDIT,19.66,USD,76.1394,-447347.24,Walmart,Electronics,Laptop,Canada,Mumbai,TRUE,REPEAT PURCHASE,,284411.11475999997,Negative
2025-03-01,CREDIT,33.37,AED,19.9063,-1198111.51,Reliance,Health,Clinic,India,Jaipur,TRUE,,,126211.91389,Negative
2024-06-24,CREDIT,33.37,USD,80.7835,-2308455.08,AutoZone,Automotive,Fuel,USA,Kolkata,TRUE,REPEAT PURCHASE,2017.0,512191.62505,Negative
2025-08-23,REFUND,33.37,INR,1.0,-1936101.51,AutoZone,Automotive,Repair,UK,Mumbai,TRUE,PROMO APPLIED,,6340.299999999999,Negative
2024-12-12,DEBIT,23.57,USD,73.278,-2467715.1,LocalMart,Clothing,Men,Australia,Chennai,TRUE,,,328160.86740000005,Negative
2025-04-19,CREDIT,26.39,INR,1.0,-1270495.45,Zomato,Electronics,Laptop,UK,Chennai,TRUE,MANUAL ADJUSTMENT,2019.0,5014.1,Negative
2024-03-16,CREDIT,17.53,GBP,106.436,-258933.51,ShopEasy,Travel,Taxi,India,Hyderabad,TRUE,MONTHLY SUBSCRIPTION,,354506.3852000001,Negative
2024-01-26,CREDIT,19.91,USD,74.7128,-2626386.7,ShopEasy,Dining,Restaurant,UK,Kolkata,TRUE,,2023.0,282631.05112,Negative
2024-11-18,REFUND,33.37,INR,1.0,-2236880.21,ShopEasy,Clothing,Women,USA,Pune,TRUE,MONTHLY SUBSCRIPTION,,6340.299999999999,Negative
2025-04-13,CREDIT,4.71,AED,21.4471,-1641954.78,ShopEasy,Groceries,Supermarket,UAE,Bengaluru,TRUE,CHARGEBACK REQUESTED,2024.0,19193.00979,Negative
2025-06-30,REFUND,11.5,INR,1.0,-1774000.49,Swiggy,Utilities,Water,Australia,Delhi,TRUE,MONTHLY SUBSCRIPTION,,2185.0,Negative
2024-11-05,DEBIT,33.37,GBP,92.4253,-258722.16,Paytm Mall,Clothing,Women,Australia,Jaipur,TRUE,CASHBACK CREDITED,,586004.1295899999,Negative
2025-09-06,REFUND,27.01,USD ,80.5063,-2825479.51,Swiggy,Clothing,Men,Canada,Chennai,TRUE,MANUAL ADJUSTMENT,,413150.28097,Negative
2025-04-08,REFUND,33.37,GBP,99.752,-2235708.13,AutoZone,Clothing,Women,UAE,Delhi,TRUE,PROMO APPLIED,,632457.6055999999,Negative
2024-01-24,DEBIT,180.03,USD,75.6631,-1131651.86,AutoZone,Education,Books,India,Pune,TRUE,PROMO APPLIED,2020.0,2588109.29967,Negative
2025-05-14,REFUND,404.1,INR,1.0,-1641954.78,LocalMart,Clothing,Women,USA,Kolkata,TRUE,MONTHLY SUBSCRIPTION,,76779.0,Negative
2024-07-18,DEBIT,12.13,USD,74.6533,-1937191.49,AutoZone,Automotive,Fuel,UK,Kolkata,TRUE,CASHBACK CREDITED,,172053.46051000003,Negative
2024-03-03,CREDIT,92.72,AED,18.3768,-2065874.28,ElectroWorld,Entertainment,Concert,UK,Jaipur,TRUE,CASHBACK CREDITED,,323740.41024,Negative
2024-02-14,CREDIT,32.31,USD,80.1032,-1641954.78,Paytm Mall,Health,Pharmacy,Australia,Jaipur,TRUE,SUSPECTED FRAUD,,491745.5344800001,Negative
2024-07-09,REFUND,32.97,USD,76.379,-540094.27,Flipkart,Health,Clinic,Canada,Pune,TRUE,SUSPECTED FRAUD,,478460.9697,Negative
2024-05-21,DEBIT,56.47,USD,79.1921,-1935905.96,Walmart,Entertainment,Streaming,USA,Kolkata,TRUE,SUSPECTED FRAUD,,849675.79853,Negative
2024-10-31,DEBIT,33.37,GBP,96.8609,-1143363.18,Amazon,Education,Course,UAE,Jaipur,TRUE,CASHBACK CREDITED,,614127.16427,Negative
2025-07-06,CREDIT,143.21,USD,72.1096,-2418990.95,Paytm Mall,Groceries,Supermarket,Australia,Bengaluru,TRUE,PROMO APPLIED,2017.0,1962095.00504,Negative
2025-05-16,DEBIT,33.37,AED,20.2192,-1824052.26,AutoZone,Groceries,Supermarket,India,Jaipur,TRUE,MANUAL ADJUSTMENT,2021.0,128195.79376,Negative
2024-09-09,DEBIT,17.1,AED,18.6912,-2464061.18,ShopEasy,Dining,FastFood,UK,Delhi,TRUE,PROMO APPLIED,,60727.70880000001,Negative
2023-12-04,DEBIT,163.16,INR,1.0,-1602940.39,Zomato,Utilities,Water,Canada,Mumbai,TRUE,MANUAL ADJUSTMENT,2022.0,31000.399999999998,Negative
2024-08-02,CREDIT,17.14,INR,1.0,-1641954.78,Walmart,Clothing,Men,Canada,Gurugram,TRUE,CASHBACK CREDITED,,3256.6,Negative
2023-12-07,CREDIT,33.37,GBP,94.9254,-1641734.82,Reliance,Groceries,Supermarket,India,Jaipur,TRUE,"MONTHLY SUBSCRIPTION -- VERIFY
CONTACT SUPPORT",2017.0,601855.5136199999,Negative
2024-04-10,DEBIT,30.52,AED,21.81,-1641954.78,Walmart,Travel,Taxi,UK,Noida,TRUE,CHARGEBACK REQUESTED,,126471.82799999998,Negative
2024-10-04,DEBIT,3.24,AED,19.7363,-1641954.78,ElectroWorld,Utilities,Electricity,India,Gurugram,TRUE,CASHBACK CREDITED,,12149.666280000001,Negative
2025-02-24,DEBIT,94.33,AED,18.128,-189609.11,Paytm Mall,Entertainment,Concert,UAE,Kolkata,TRUE,,,324902.7056,Negative
2025-06-16,CREDIT,15.34,INR,1.0,-1641954.78,Amazon,Electronics,Accessory,UK,Mumbai,TRUE,MONTHLY SUBSCRIPTION,,2914.6,Negative
2023-10-03,REFUND,10.75,AED,18.6851,-164014.81,Zomato,Education,Course,UAE,Mumbai,TRUE,,,38164.31675,Negative
2025-05-16,REFUND,68.4,GBP,104.9226,-1269292.75,Paytm Mall,Electronics,Mobile,Canada,Gurugram,TRUE,PROMO APPLIED,,1363574.1096,Negative
2024-03-24,DEBIT,41.58,GBP,102.0562,-1221939.22,Amazon,Education,Course,USA,Pune,TRUE,MANUAL ADJUSTMENT,2024.0,806264.39124,Negative
2024-09-03,DEBIT,14.84,AED,21.5996,-974666.47,Walmart,Health,Pharmacy,Australia,Delhi,TRUE,MANUAL ADJUSTMENT,2019.0,60902.23215999999,Negative
2024-02-16,CREDIT,1.24,INR,1.0,-2868672.45,Zomato,Electronics,Laptop,Canada,Chennai,TRUE,MONTHLY SUBSCRIPTION,2015.0,235.6,Negative
2025-08-20,CREDIT,41.57,USD,78.3046,-1714154.22,Reliance,Entertainment,Movies,India,Hyderabad,TRUE,MANUAL ADJUSTMENT,2021.0,618473.22218,Negative
2024-06-30,DEBIT,7.85,AED,20.4504,-2065826.89,Paytm Mall,Automotive,Fuel,UK,Mumbai,TRUE,REPEAT PURCHASE,,30501.771599999996,Negative
2024-06-03,CREDIT,5.19,GBP,104.5082,-2466766.84,Paytm Mall,Travel,Taxi,UAE,Kolkata,TRUE,MONTHLY SUBSCRIPTION,,103055.53602,Negative
2025-07-23,DEBIT,171.01,USD,73.1025,-2935132.11,Paytm Mall,Utilities,Water,USA,Bengaluru,TRUE,CHARGEBACK REQUESTED,,2375239.11975,Negative
2024-02-03,REFUND,49.83,USD,73.4268,-1412419.67,Reliance,Clothing,Men,UK,Kolkata,TRUE,MANUAL ADJUSTMENT,2017.0,695182.9143599999,Negative
2025-06-10,DEBIT,33.37,GBP,95.3824,-258210.44,Amazon,Automotive,Repair,UK,Kolkata,TRUE,CHARGEBACK REQUESTED,,604753.03072,Negative
2023-12-05,CREDIT,7.5,AED,21.9454,-174602.0,Zomato,Utilities,Water,UAE,Noida,TRUE,REPEAT PURCHASE,2016.0,31272.195,Negative
2024-09-25,DEBIT,12.71,USD,72.6439,-490114.47,Starbucks,Utilities,Water,UAE,Gurugram,TRUE,,,175427.75411,Negative
2025-02-24,DEBIT,197.91,USD,75.7177,-1641954.78,BigBasket,Travel,Taxi,USA,Mumbai,TRUE,MANUAL ADJUSTMENT,,2847205.1013299995,Negative
2024-01-29,DEBIT,233.92,INR,1.0,-1886980.45,AutoZone,Utilities,Electricity,Australia,Delhi,TRUE,,2018.0,44444.799999999996,Negative
2025-07-17,REFUND,33.37,INR,1.0,-188998.82,Swiggy,Groceries,Supermarket,Canada,Noida,TRUE,CASHBACK CREDITED,2026.0,6340.299999999999,Negative
2024-08-27,DEBIT,33.37,INR,1.0,-1641954.78,ShopEasy,Entertainment,Movies,India,Pune,TRUE,MANUAL ADJUSTMENT,2023.0,6340.299999999999,Negative
2025-06-27,DEBIT,7.9,USD,74.1307,-1641954.78,Paytm Mall,Health,Clinic,USA,Kolkata,TRUE,REPEAT PURCHASE,,111270.18070000001,Negative
2025-04-17,CREDIT,33.37,GBP,107.5321,-2727694.91,AutoZone,Automotive,Fuel,India,Kolkata,TRUE,CHARGEBACK REQUESTED,2017.0,681785.77363,Negative
2023-12-15,DEBIT,345.5,INR,1.0,-1603920.2,AutoZone,Automotive,Repair,Canada,Chennai,TRUE,"MANUAL ADJUSTMENT -- VERIFY
CONTACT SUPPORT",2023.0,65645.0,Negative
2025-06-16,DEBIT,19.16,GBP,99.2735,-1624102.0,Walmart,Travel,Hotel,Australia,Delhi,TRUE,CASHBACK CREDITED,2023.0,361395.2494,Negative
2024-03-03,DEBIT,33.84,INR,1.0,-2208744.02,Paytm Mall,Utilities,Internet,USA,Jaipur,TRUE,CHARGEBACK REQUESTED,2016.0,6429.6,Negative
2024-03-18,REFUND,2.28,USD ,73.2965,-2452517.95,Paytm Mall,Entertainment,Concert,India,Delhi,TRUE,REPEAT PURCHASE,,31752.043799999992,Negative
2024-05-17,CREDIT,33.37,AED,20.9552,-1641954.78,LocalMart,Clothing,Men,Australia,Pune,TRUE,REPEAT PURCHASE,,132862.25456,Negative
2024-01-26,DEBIT,69.62,INR,1.0,-1008555.6,Flipkart,Education,Course,USA,Noida,TRUE,PROMO APPLIED,,13227.800000000001,Negative
2024-02-01,REFUND,17.82,INR,1.0,-1617323.03,BigBasket,Education,Course,UK,Mumbai,TRUE,REPEAT PURCHASE,2015.0,3385.8,Negative
2025-05-28,DEBIT,56.46,INR,1.0,-985697.21,Zomato,Electronics,Mobile,UAE,Delhi,TRUE,REPEAT PURCHASE,,10727.4,Negative
2024-04-12,DEBIT,39.02,USD,81.5627,-2904229.96,Walmart,Groceries,Supermarket,India,Delhi,TRUE,SUSPECTED FRAUD,,604689.5452600002,Negative
2025-03-06,REFUND,172.41,AED,21.4629,-1008874.54,AutoZone,Electronics,Mobile,UAE,Gurugram,TRUE,MANUAL ADJUSTMENT,,703079.53191,Negative
2025-04-04,CREDIT,3.91,USD,76.384,-1641954.78,Flipkart,Health,Pharmacy,Australia,Mumbai,TRUE,CHARGEBACK REQUESTED,,56745.6736,Negative
2023-10-10,CREDIT,25.0,USD,77.9531,-1435766.25,Amazon,Utilities,Water,Australia,Gurugram,TRUE,CHARGEBACK REQUESTED,2021.0,370277.22500000003,Negative
2025-03-13,DEBIT,17.04,USD,75.7092,-258958.21,ElectroWorld,Travel,Flight,UK,Bengaluru,TRUE,,2023.0,245116.10592,Negative
2023-09-27,DEBIT,6.89,INR,1.0,-1198412.55,Walmart,Dining,Restaurant,India,Hyderabad,TRUE,CHARGEBACK REQUESTED,,1309.1,Negative
2023-11-01,REFUND,23.0,INR,1.0,-2774415.92,AutoZone,Dining,FastFood,Canada,Bengaluru,TRUE,SUSPECTED FRAUD,,4370.0,Negative
2024-05-02,DEBIT,393.48,USD,78.7068,-1076391.15,Reliance,Groceries,Specialty,Canada,Chennai,TRUE,SUSPECTED FRAUD,2025.0,5884214.816160001,Negative
2024-01-25,CREDIT,258.07,INR,1.0,-1641954.78,Reliance,Education,Course,India,Delhi,TRUE,SUSPECTED FRAUD,,49033.299999999996,Negative
2025-09-11,DEBIT,21.95,INR,1.0,-2237035.53,BigBasket,Health,Clinic,India,Delhi,TRUE,,,4170.5,Negative
2024-09-06,DEBIT,66.84,USD,78.5654,-2428109.58,Myntra,Education,Books,Canada,Pune,TRUE,SUSPECTED FRAUD,,997749.1538399999,Negative
2025-07-02,REFUND,13.19,USD,81.2313,-189561.95,ElectroWorld,Dining,Restaurant,Canada,Chennai,TRUE,,,203573.76093000002,Negative
2024-11-19,CREDIT,61.72,INR,1.0,-2514558.57,Reliance,Groceries,Supermarket,Canada,Jaipur,TRUE,SUSPECTED FRAUD,,11726.8,Negative
2024-03-11,DEBIT,115.93,AED,19.5178,-490818.21,Flipkart,Dining,FastFood,UAE,Noida,TRUE,CHARGEBACK REQUESTED,,429912.72526000004,Negative
2025-07-11,DEBIT,33.37,INR,1.0,-2229903.34,Swiggy,Automotive,Repair,USA,Hyderabad,TRUE,MANUAL ADJUSTMENT,,6340.299999999999,Negative
2024-06-17,REFUND,33.37,INR,1.0,-1641954.78,ElectroWorld,Clothing,Men,Australia,Jaipur,TRUE,CHARGEBACK REQUESTED,,6340.299999999999,Negative
2024-10-26,DEBIT,80.06,INR,1.0,-1713780.75,BigBasket,Entertainment,Concert,USA,Jaipur,TRUE,REPEAT PURCHASE,2017.0,15211.4,Negative
2023-11-08,DEBIT,5.48,AED ,21.1983,-2120441.01,Paytm Mall,Dining,FastFood,UAE,Noida,TRUE,SUSPECTED FRAUD,2021.0,22071.66996,Negative
2025-08-25,DEBIT,33.37,INR,1.0,-2452256.41,Starbucks,Entertainment,Streaming,India,Chennai,TRUE,REPEAT PURCHASE,,6340.299999999999,Negative
2024-03-23,CREDIT,179.17,USD,74.5189,-2495311.32,LocalMart,Automotive,Repair,Canada,Delhi,TRUE,CASHBACK CREDITED,2026.0,2536794.74947,Negative
2024-09-16,CREDIT,33.37,USD,78.1676,-175496.84,Starbucks,Groceries,Specialty,UK,Mumbai,TRUE,CHARGEBACK REQUESTED,,495606.0342799999,Negative
2025-03-13,REFUND,88.11,AED,20.862,-1871117.65,LocalMart,Dining,Cafe,UAE,Kolkata,TRUE,REPEAT PURCHASE,2015.0,349248.65579999995,Negative
2024-08-22,DEBIT,25.79,USD,73.7788,-2308352.97,Starbucks,Education,Books,Canada,Noida,TRUE,PROMO APPLIED,,361523.49788,Negative
2024-03-27,DEBIT,135.33,USD,78.2794,-1163127.92,Swiggy,Utilities,Internet,Canada,Delhi,TRUE,CHARGEBACK REQUESTED,,2012774.7283800002,Negative
2024-05-02,CREDIT,16.8,USD,75.7777,-2913877.14,ShopEasy,Electronics,Accessory,USA,Hyderabad,TRUE,MANUAL ADJUSTMENT,,241882.41840000002,Negative
2024-11-28,CREDIT,33.37,AED,21.9306,-260485.92,Starbucks,Health,Clinic,India,Chennai,TRUE,MANUAL ADJUSTMENT,2016.0,139046.58318,Negative
2025-02-17,DEBIT,53.91,USD,76.3225,-2933419.91,Swiggy,Automotive,Repair,Australia,Jaipur,TRUE,,,781763.73525,Negative
2025-02-04,DEBIT,113.9,USD,75.6822,-2680134.85,Zomato,Automotive,Fuel,Canada,Gurugram,TRUE,CHARGEBACK REQUESTED,,1637838.4902,Negative
2025-07-20,CREDIT,91.66,USD,81.6395,-1559159.44,Paytm Mall,Travel,Flight,India,Chennai,TRUE,MANUAL ADJUSTMENT,,1421784.5483,Negative
2024-06-10,DEBIT,1110.68,USD,76.4301,-2913875.04,Amazon,Education,Books,Australia,Kolkata,TRUE,CASHBACK CREDITED,,16128982.85892,Negative
2025-02-14,DEBIT,39.5,INR,1.0,-2581270.11,BigBasket,Travel,Flight,UAE,Delhi,TRUE,REPEAT PURCHASE,,7505.0,Negative
2024-04-02,DEBIT,255.93,USD,82.1938,-2653469.2,Flipkart,Education,Books,UK,Bengaluru,TRUE,,,3996813.25446,Negative
2024-09-11,DEBIT,48.72,INR,1.0,-1641954.78,Flipkart,Education,Books,Canada,Jaipur,TRUE,SUSPECTED FRAUD,,9256.8,Negative
2024-05-07,DEBIT,92.58,AED,19.2913,-2901350.3,Myntra,Groceries,Supermarket,USA,Gurugram,TRUE,CASHBACK CREDITED,,339337.82526,Negative
2024-02-21,REFUND,10.6,USD,74.5697,-445395.11,Swiggy,Health,Clinic,Australia,Hyderabad,TRUE,"CHARGEBACK REQUESTED -- VERIFY
CONTACT SUPPORT",,150183.37579999998,Negative
2024-10-16,CREDIT,17.16,INR,1.0,-2727200.67,Zomato,Clothing,Women,USA,Bengaluru,TRUE,MONTHLY SUBSCRIPTION,,3260.4,Negative
2024-03-26,CREDIT,29.37,GBP,94.459,-1641954.78,Walmart,Health,Clinic,UAE,Mumbai,TRUE,PROMO APPLIED,2020.0,527109.5577,Negative
2024-09-13,DEBIT,4.35,INR,1.0,-1641954.78,AutoZone,Groceries,Specialty,UK,Kolkata,TRUE,REPEAT PURCHASE,2023.0,826.4999999999999,Negative
2024-12-15,REFUND,458.77,AED,21.0032,-146261.06,Amazon,Automotive,Repair,UK,Hyderabad,TRUE,MONTHLY SUBSCRIPTION,,1830771.2321599997,Negative
2024-01-18,CREDIT,33.37,INR,1.0,-1641954.78,Amazon,Entertainment,Movies,UAE,Noida,TRUE,CHARGEBACK REQUESTED,2018.0,6340.299999999999,Negative
2025-09-10,CREDIT,33.37,INR,1.0,-1220978.07,ShopEasy,Entertainment,Streaming,USA,Hyderabad,TRUE,CASHBACK CREDITED,,6340.299999999999,Negative
2024-01-12,CREDIT,68.71,USD,74.9644,-1706025.39,AutoZone,Clothing,Men,India,Mumbai,TRUE,MONTHLY SUBSCRIPTION,,978652.74556,Negative
2025-07-31,DEBIT,13.82,USD,74.4207,-1008775.04,Zomato,Electronics,Accessory,Australia,Chennai,TRUE,PROMO APPLIED,2022.0,195413.87406,Negative
2025-09-08,CREDIT,12.41,USD,76.938,-987289.26,AutoZone,Groceries,Specialty,Australia,Noida,TRUE,PROMO APPLIED,,181412.11020000002,Negative
2024-10-03,DEBIT,4.95,INR,1.0,-1641954.78,Flipkart,Travel,Flight,USA,Bengaluru,TRUE,REPEAT PURCHASE,,940.5,Negative
2023-12-30,REFUND,15.85,USD,81.1875,-1850098.72,Starbucks,Clothing,Men,Australia,Bengaluru,TRUE,SUSPECTED FRAUD,2025.0,244496.15624999997,Negative
2024-09-21,REFUND,89.6,USD,82.7548,-1198217.57,Walmart,Clothing,Men,UAE,Delhi,TRUE,PROMO APPLIED,,1408817.7152,Negative
2024-02-11,CREDIT,94.77,INR,1.0,-2775518.75,ShopEasy,Automotive,Repair,UK,Noida,TRUE,,2024.0,18006.3,Negative
2025-05-26,DEBIT,471.08,INR,1.0,-1641954.78,Flipkart,Entertainment,Streaming,Australia,Bengaluru,TRUE,REPEAT PURCHASE,,89505.2,Negative
2024-06-22,DEBIT,33.37,USD,82.1415,-1931938.17,Zomato,Clothing,Men,USA,Hyderabad,TRUE,,2015.0,520801.7524499999,Negative
2024-02-17,CREDIT,96.97,GBP,106.0864,-1641954.78,Amazon,Dining,Restaurant,Canada,Hyderabad,TRUE,MONTHLY SUBSCRIPTION,,1954567.65952,Negative
2024-05-07,DEBIT,33.37,AED,21.4437,-2934395.01,Zomato,Dining,FastFood,UK,Bengaluru,TRUE,CHARGEBACK REQUESTED,2022.0,135959.49110999997,Negative
2024-10-12,CREDIT,35.46,GBP,104.8063,-975663.99,BigBasket,Health,Clinic,USA,Hyderabad,TRUE,MONTHLY SUBSCRIPTION,2017.0,706121.9656199999,Negative
2024-09-09,DEBIT,33.37,GBP,99.8702,-1641510.18,Walmart,Utilities,Water,India,Mumbai,TRUE,SUSPECTED FRAUD,2019.0,633207.02906,Negative
2024-07-02,DEBIT,33.37,USD,82.0081,-1886749.16,BigBasket,Groceries,Specialty,USA,Jaipur,TRUE,SUSPECTED FRAUD,2024.0,519955.95642999996,Negative
2024-05-11,DEBIT,62.9,GBP ,107.5284,-1557780.18,Starbucks,Entertainment,Streaming,India,Noida,TRUE,MANUAL ADJUSTMENT,,1285071.9084,Negative
2023-12-10,CREDIT,35.03,GBP,94.6427,-1935305.23,Flipkart,Travel,Flight,Canada,Pune,TRUE,CHARGEBACK REQUESTED,,629913.41839,Negative
2025-06-28,DEBIT,33.37,USD,76.4867,-1271440.01,BigBasket,Automotive,Repair,USA,Chennai,TRUE,REPEAT PURCHASE,,484948.62400999997,Negative
2025-09-08,DEBIT,67.61,GBP,90.9592,-558081.99,Myntra,Education,Books,UK,Hyderabad,TRUE,CHARGEBACK REQUESTED,,1168452.78728,Negative
2024-08-26,DEBIT,100.83,INR,1.0,-975646.26,Paytm Mall,Travel,Flight,USA,Kolkata,TRUE,MONTHLY SUBSCRIPTION,,19157.7,Negative
2024-01-01,DEBIT,26.22,INR,1.0,-1640306.9,BigBasket,Health,Clinic,Australia,Bengaluru,TRUE,MONTHLY SUBSCRIPTION,2016.0,4981.8,Negative
2025-01-14,CREDIT,33.37,USD,78.7354,-2826439.59,Paytm Mall,Travel,Hotel,UK,Mumbai,TRUE,CHARGEBACK REQUESTED,,499206.05661999993,Negative
2024-09-16,CREDIT,12.25,AED,20.0638,-174998.24,Starbucks,Dining,Restaurant,UK,Pune,TRUE,REPEAT PURCHASE,2024.0,46698.4945,Negative
2025-03-15,CREDIT,19.9,USD,75.7096,-1639717.91,Flipkart,Dining,Restaurant,USA,Jaipur,TRUE,CASHBACK CREDITED,,286257.99759999994,Negative
2023-10-07,CREDIT,192.45,INR,1.0,-1641954.78,ElectroWorld,Utilities,Electricity,India,Hyderabad,TRUE,SUSPECTED FRAUD,2016.0,36565.5,Negative
2025-04-03,DEBIT,33.37,USD,81.8918,-1641954.78,Zomato,Clothing,Women,Canada,Kolkata,TRUE,REPEAT PURCHASE,2024.0,519218.57954,Negative
2025-02-02,CREDIT,71.73,INR,1.0,-1641954.78,Swiggy,Electronics,Mobile,UAE,Jaipur,TRUE,MONTHLY SUBSCRIPTION,,13628.7,Negative
2025-01-17,CREDIT,19.87,GBP,99.0513,-2901413.51,Flipkart,Education,Course,Canada,Chennai,TRUE,SUSPECTED FRAUD,,373948.37289,Negative
2025-07-31,DEBIT,65.67,INR,1.0,-2121539.55,Starbucks,Utilities,Electricity,UK,Pune,TRUE,REPEAT PURCHASE,2023.0,12477.300000000001,Negative
2024-01-04,DEBIT,46.19,USD,79.14,-1641954.78,Swiggy,Entertainment,Streaming,Australia,Noida,TRUE,PROMO APPLIED,,694540.554,Negative
2025-06-09,DEBIT,7.32,GBP,95.4827,-1935836.62,Myntra,Entertainment,Streaming,UAE,Jaipur,TRUE,CHARGEBACK REQUESTED,2023.0,132797.33916,Negative
2023-11-20,DEBIT,6.24,USD,73.7559,-2119442.59,Paytm Mall,Electronics,Mobile,USA,Gurugram,TRUE,CHARGEBACK REQUESTED,,87444.99504,Negative
2024-11-19,CREDIT,212.09,AED,19.509,-1641954.78,Reliance,Education,Books,UAE,Jaipur,TRUE,SUSPECTED FRAUD,,786156.1239,Negative
2024-08-29,CREDIT,43.47,AED,21.833,-2452496.22,Flipkart,Travel,Flight,USA,Noida,TRUE,PROMO APPLIED,,180325.2969,Negative
2023-09-29,CREDIT,23.17,INR,1.0,-556525.66,Myntra,Dining,FastFood,Canada,Chennai,TRUE,SUSPECTED FRAUD,2020.0,4402.3,Negative
2025-07-07,DEBIT,9.54,USD,77.0131,-1641954.78,Flipkart,Health,Pharmacy,Australia,Noida,TRUE,CHARGEBACK REQUESTED,,139593.94505999997,Negative
2024-06-03,CREDIT,18.13,INR,1.0,-529995.66,Walmart,Entertainment,Streaming,USA,Noida,TRUE,SUSPECTED FRAUD,,3444.7,Negative
2024-01-05,CREDIT,3.93,INR,1.0,-1284452.44,Walmart,Entertainment,Movies,UAE,Noida,TRUE,MANUAL ADJUSTMENT,,746.7,Negative
2025-07-09,DEBIT,6.18,GBP,103.7171,-2922412.25,Reliance,Travel,Taxi,Australia,Mumbai,TRUE,CASHBACK CREDITED,,121784.61882,Negative
2024-06-30,DEBIT,73.53,USD,82.1709,-2117761.22,Walmart,Entertainment,Streaming,UK,Delhi,TRUE,,2021.0,1147984.99263,Negative
2023-10-27,DEBIT,33.37,GBP,108.3639,-1616679.22,Flipkart,Clothing,Men,Australia,Bengaluru,TRUE,MANUAL ADJUSTMENT,2020.0,687059.6351699999,Negative
2024-03-26,DEBIT,33.37,AED,20.4933,-143705.7,Paytm Mall,Electronics,Mobile,USA,Gurugram,TRUE,CHARGEBACK REQUESTED,2020.0,129933.66999,Negative
2025-05-26,CREDIT,29.16,AED,21.717,-1168494.2,AutoZone,Electronics,Mobile,UK,Noida,TRUE,PROMO APPLIED,,120320.86679999999,Negative
2024-11-04,CREDIT,135.27,USD,82.5282,-1774272.28,LocalMart,Education,Books,India,Delhi,TRUE,PROMO APPLIED,2015.0,2121082.02666,Negative
2025-01-06,CREDIT,21.32,INR,1.0,-1008408.37,Amazon,Groceries,Supermarket,USA,Jaipur,TRUE,,2019.0,4050.8,Negative
2025-01-29,DEBIT,20.16,INR ,1.0,-1288358.71,Starbucks,Travel,Flight,USA,Mumbai,TRUE,CHARGEBACK REQUESTED,2024.0,3830.4,Negative
2024-03-05,DEBIT,25.42,GBP,90.4044,-2773430.62,Flipkart,Automotive,Repair,India,Gurugram,TRUE,,2018.0,436635.17111999996,Negative
2025-08-17,DEBIT,75.26,USD,73.4674,-2904049.62,LocalMart,Groceries,Specialty,Australia,Bengaluru,TRUE,MONTHLY SUBSCRIPTION,,1050539.73956,Negative
2024-08-07,DEBIT,216.72,INR,1.0,-530088.87,Zomato,Entertainment,Concert,Australia,Gurugram,TRUE,PROMO APPLIED,,41176.8,Negative
2024-07-19,DEBIT,33.37,USD,82.7806,-1163425.22,LocalMart,Utilities,Internet,Australia,Chennai,TRUE,REPEAT PURCHASE,,524853.83818,Negative
2025-04-29,DEBIT,73.3,INR,1.0,-174487.19,Walmart,Electronics,Accessory,India,Bengaluru,TRUE,MONTHLY SUBSCRIPTION,,13927.0,Negative
2024-04-22,DEBIT,13.51,USD,76.0288,-2236765.41,Amazon,Travel,Taxi,USA,Pune,TRUE,PROMO APPLIED,2019.0,195158.32672,Negative
2023-09-19,REFUND,55.29,USD,79.6793,-1641954.78,LocalMart,Utilities,Water,UK,Jaipur,TRUE,REPEAT PURCHASE,,837039.01443,Negative
2024-06-10,DEBIT,33.37,USD,80.0962,-1617508.07,LocalMart,Education,Books,UK,Hyderabad,TRUE,MONTHLY SUBSCRIPTION,2018.0,507833.93685999996,Negative
2025-04-21,CREDIT,57.28,INR,1.0,-2772859.47,Starbucks,Automotive,Repair,Canada,Gurugram,TRUE,REPEAT PURCHASE,,10883.2,Negative
2025-07-07,DEBIT,33.37,GBP ,104.881,-1641954.78,Reliance,Travel,Taxi,Canada,Hyderabad,TRUE,MONTHLY SUBSCRIPTION,,664977.0042999999,Negative
2025-01-26,REFUND,16.84,USD,81.1538,-176029.1,Swiggy,Health,Pharmacy,Australia,Gurugram,TRUE,REPEAT PURCHASE,,259659.69848000002,Negative
2025-07-28,REFUND,6.77,GBP,102.3245,-1641954.78,Flipkart,Education,Course,UK,Noida,TRUE,CHARGEBACK REQUESTED,,131620.00435,Negative
2024-06-27,CREDIT,39.49,INR,1.0,-1641954.78,Flipkart,Utilities,Electricity,UAE,Jaipur,TRUE,SUSPECTED FRAUD,,7503.1,Negative
2024-06-08,DEBIT,89.47,USD,81.7751,-2118873.13,BigBasket,Clothing,Men,Canada,Kolkata,TRUE,CASHBACK CREDITED,2025.0,1390119.4574299997,Negative
2023-10-25,CREDIT,24.1,INR,1.0,-160362.5,Flipkart,Electronics,Accessory,UAE,Delhi,TRUE,MANUAL ADJUSTMENT,,4579.0,Negative
2024-04-26,DEBIT,235.59,USD,74.3652,-2466050.86,Starbucks,Dining,Restaurant,USA,Kolkata,TRUE,CASHBACK CREDITED,,3328742.51892,Negative
2025-02-04,CREDIT,21.46,USD,76.0442,-1808178.52,Flipkart,Automotive,Fuel,India,Chennai,TRUE,CHARGEBACK REQUESTED,2020.0,310062.62108,Negative
2024-12-24,REFUND,33.37,USD,77.1453,-553791.65,AutoZone,Clothing,Women,India,Jaipur,TRUE,MANUAL ADJUSTMENT,,489124.34559000004,Negative
2024-02-17,REFUND,33.37,USD,76.6269,-1641954.78,Reliance,Education,Course,UK,Mumbai,TRUE,MONTHLY SUBSCRIPTION,,485837.53406999994,Negative
2025-01-14,DEBIT,27.06,USD,79.3436,-1163463.59,Paytm Mall,Entertainment,Concert,UK,Jaipur,TRUE,MANUAL ADJUSTMENT,,407937.1850399999,Negative
2024-08-28,DEBIT,24.95,AED,19.8408,-1935583.91,Reliance,Electronics,Laptop,USA,Bengaluru,TRUE,SUSPECTED FRAUD,,94055.3124,Negative
2025-08-21,CREDIT,22.28,AED,21.0845,-1807208.64,BigBasket,Entertainment,Streaming,USA,Hyderabad,TRUE,MONTHLY SUBSCRIPTION,,89254.9054,Negative
2024-04-28,CREDIT,33.37,USD ,80.158,-164045.53,Zomato,Travel,Taxi,Canada,Bengaluru,TRUE,MANUAL ADJUSTMENT,,508225.7674,Negative
2024-10-18,DEBIT,104.19,INR,1.0,-258906.89,BigBasket,Electronics,Laptop,UK,Pune,TRUE,MANUAL ADJUSTMENT,,19796.1,Negative
2025-07-18,CREDIT,19.7,AED,20.0523,-2236950.15,Reliance,Education,Books,USA,Gurugram,TRUE,PROMO APPLIED,,75055.7589,Negative
2023-11-13,DEBIT,33.37,INR,1.0,-1641954.78,ElectroWorld,Health,Pharmacy,USA,Pune,TRUE,MONTHLY SUBSCRIPTION,,6340.299999999999,Negative
2025-05-02,DEBIT,21.91,USD,72.7472,-1641954.78,AutoZone,Education,Books,UK,Mumbai,TRUE,MANUAL ADJUSTMENT,2023.0,302839.31888000004,Negative
2025-01-22,DEBIT,22.15,GBP,98.9626,-2626467.41,Starbucks,Groceries,Supermarket,Australia,Noida,TRUE,REPEAT PURCHASE,2023.0,416484.10209999996,Negative
2025-03-30,DEBIT,15.84,USD,78.9344,-2118878.68,Flipkart,Automotive,Fuel,Australia,Gurugram,TRUE,SUSPECTED FRAUD,,237560.97024,Negative
2024-11-06,REFUND,29.75,INR,1.0,-1676456.08,Walmart,Education,Course,UK,Delhi,TRUE,PROMO APPLIED,,5652.5,Negative
2024-09-07,DEBIT,37.76,USD,81.3708,-1705851.72,Starbucks,Groceries,Supermarket,UAE,Kolkata,TRUE,SUSPECTED FRAUD,2021.0,583786.66752,Negative
2025-03-04,DEBIT,33.37,USD,75.7888,-2538279.24,Amazon,Electronics,Accessory,UK,Kolkata,TRUE,CHARGEBACK REQUESTED,,480523.72863999987,Negative
2025-06-29,REFUND,76.04,AED,18.9244,-2473281.6,AutoZone,Dining,Cafe,USA,Pune,TRUE,REPEAT PURCHASE,,273412.16144,Negative
2025-06-02,DEBIT,12.52,INR,1.0,-1214752.53,ElectroWorld,Clothing,Men,India,Pune,TRUE,MANUAL ADJUSTMENT,,2378.7999999999997,Negative
2024-10-21,REFUND,27.01,USD ,80.5063,-2825479.51,Swiggy,Clothing,Men,Canada,Chennai,TRUE,MANUAL ADJUSTMENT,,413150.28097,Negative
2024-09-21,CREDIT,17.07,GBP,98.1481,-489608.49,Swiggy,Health,Pharmacy,Canada,Gurugram,TRUE,,2020.0,318323.73273,Negative
2024-10-10,DEBIT,140.78,INR,1.0,-1641036.21,AutoZone,Groceries,Supermarket,UAE,Pune,TRUE,MANUAL ADJUSTMENT,,26748.2,Negative
2025-02-14,CREDIT,36.68,GBP,97.51,-1640949.79,Zomato,Entertainment,Streaming,Canada,Pune,TRUE,,,679566.692,Negative
2024-06-17,CREDIT,34.48,INR,1.0,-2904109.28,Paytm Mall,Entertainment,Concert,Australia,Kolkata,TRUE,MONTHLY SUBSCRIPTION,,6551.2,Negative
2024-08-18,CREDIT,97.47,USD,73.1373,-174889.01,Zomato,Utilities,Electricity,UAE,Gurugram,TRUE,,,1354451.59989,Negative
2024-05-30,DEBIT,33.37,GBP,96.2605,-1653222.2,Zomato,Education,Course,UAE,Kolkata,TRUE,CHARGEBACK REQUESTED,,610320.44815,Negative
2025-02-28,DEBIT,554.96,INR,1.0,-1641954.78,Flipkart,Clothing,Men,USA,Delhi,TRUE,SUSPECTED FRAUD,,105442.40000000001,Negative
2025-08-08,CREDIT,33.37,USD,76.4618,-1641954.78,Reliance,Clothing,Men,Canada,Kolkata,TRUE,MANUAL ADJUSTMENT,,484790.75054,Negative
2024-10-30,CREDIT,33.37,INR,1.0,-2231277.83,Amazon,Utilities,Water,UAE,Noida,TRUE,SUSPECTED FRAUD,,6340.299999999999,Negative
2023-12-03,DEBIT,25.01,AED,21.4884,-1214768.69,ShopEasy,Groceries,Supermarket,Canada,Kolkata,TRUE,,,102110.72796,Negative
2025-07-07,DEBIT,177.55,USD,82.6638,-540610.06,Myntra,Education,Course,Canada,Noida,TRUE,CHARGEBACK REQUESTED,,2788621.9611,Negative
2024-11-18,REFUND,33.37,INR,1.0,-1626200.63,AutoZone,Education,Books,UK,Gurugram,TRUE,CHARGEBACK REQUESTED,,6340.299999999999,Negative
2024-03-15,DEBIT,33.37,INR,1.0,-1984272.9,AutoZone,Utilities,Water,UK,Jaipur,TRUE,,,6340.299999999999,Negative
2025-05-01,DEBIT,1.46,USD,80.3238,-1865702.88,ShopEasy,Groceries,Supermarket,USA,Hyderabad,TRUE,SUSPECTED FRAUD,2025.0,22281.82212,Negative
2025-06-08,DEBIT,16.29,INR,1.0,-2913238.32,BigBasket,Groceries,Specialty,Australia,Bengaluru,TRUE,MANUAL ADJUSTMENT,2019.0,3095.1,Negative
2025-04-20,CREDIT,37.24,INR,1.0,-1641954.78,Zomato,Education,Course,UK,Hyderabad,TRUE,CASHBACK CREDITED,2023.0,7075.6,Negative
2025-03-02,REFUND,33.37,USD,76.1464,-2236365.23,Flipkart,Entertainment,Concert,UK,Noida,TRUE,CASHBACK CREDITED,,482791.01991999993,Negative
2025-08-05,DEBIT,22.87,INR,1.0,-1557065.38,Myntra,Health,Pharmacy,USA,Mumbai,TRUE,CHARGEBACK REQUESTED,2015.0,4345.3,Negative
2024-05-12,CREDIT,33.37,USD ,76.7272,-1641954.78,Flipkart,Health,Clinic,India,Chennai,TRUE,CHARGEBACK REQUESTED,,486473.46615999995,Negative
2024-05-17,CREDIT,49.01,USD,82.4844,-1199840.54,Starbucks,Dining,Cafe,UAE,Hyderabad,TRUE,PROMO APPLIED,2024.0,768086.48436,Negative
2023-12-25,REFUND,18.55,INR,1.0,-1008897.78,Reliance,Utilities,Electricity,USA,Noida,TRUE,,2019.0,3524.5,Negative
2024-02-18,REFUND,185.32,GBP,101.186,-2238526.13,ElectroWorld,Dining,Cafe,USA,Pune,TRUE,MONTHLY SUBSCRIPTION,2017.0,3562840.0088000004,Negative
2025-07-06,CREDIT,7.76,GBP,108.6427,-595246.23,Swiggy,Automotive,Fuel,UAE,Hyderabad,TRUE,CHARGEBACK REQUESTED,2021.0,160182.79688,Negative
2025-08-27,DEBIT,7.3,USD,73.5206,-1214590.75,ShopEasy,Health,Clinic,USA,Gurugram,TRUE,MONTHLY SUBSCRIPTION,,101973.0722,Negative
2024-08-08,CREDIT,9.34,INR,1.0,-2308430.73,Flipkart,Entertainment,Streaming,Canada,Pune,TRUE,CASHBACK CREDITED,,1774.6,Negative
2024-12-03,CREDIT,33.37,USD,81.6217,-2118876.99,ShopEasy,Utilities,Electricity,UAE,Gurugram,TRUE,CHARGEBACK REQUESTED,,517506.06451,Negative
2025-07-24,DEBIT,56.11,INR,1.0,-1641954.78,Amazon,Education,Books,UK,Mumbai,TRUE,MANUAL ADJUSTMENT,,10660.9,Negative
2023-11-21,DEBIT,33.37,INR,1.0,-1889043.81,Walmart,Clothing,Men,India,Bengaluru,TRUE,,2017.0,6340.299999999999,Negative
2025-07-20,REFUND,85.78,GBP,90.4102,-2085629.77,Flipkart,Health,Pharmacy,UAE,Bengaluru,TRUE,MANUAL ADJUSTMENT,,1473523.5216400002,Negative
2024-06-19,DEBIT,5.49,INR,1.0,-2774319.41,LocalMart,Electronics,Accessory,UK,Mumbai,TRUE,MANUAL ADJUSTMENT,,1043.1000000000001,Negative
2024-03-10,CREDIT,5.03,INR,1.0,-2238370.14,Paytm Mall,Dining,Restaurant,Canada,Jaipur,TRUE,MONTHLY SUBSCRIPTION,,955.7,Negative
2025-05-24,REFUND,4.55,AED,19.7686,-1641954.78,Myntra,Clothing,Men,UK,Jaipur,TRUE,,,17089.9547,Negative
2024-08-25,DEBIT,33.37,USD,81.2863,-1641954.78,LocalMart,Health,Clinic,Australia,Delhi,TRUE,,,515379.5278899999,Negative
2024-02-23,DEBIT,229.22,USD,75.8526,-1131364.03,Walmart,Groceries,Supermarket,Australia,Gurugram,TRUE,REPEAT PURCHASE,,3303517.2646799996,Negative
2025-04-22,REFUND,33.37,GBP,92.0073,-2236381.87,Swiggy,Education,Books,Australia,Chennai,TRUE,PROMO APPLIED,2021.0,583353.8841899999,Negative
2024-08-26,REFUND,33.37,USD,78.3698,-2868899.96,LocalMart,Clothing,Men,UAE,Bengaluru,TRUE,CHARGEBACK REQUESTED,,496888.04294,Negative
2025-08-13,CREDIT,14.01,USD,77.6367,-1641954.78,Starbucks,Travel,Taxi,UK,Kolkata,TRUE,,,206661.13173,Negative
2025-01-30,DEBIT,78.42,USD,75.1593,-2467772.12,LocalMart,Electronics,Accessory,UAE,Noida,TRUE,CASHBACK CREDITED,,1119858.53814,Negative
2023-09-17,REFUND,76.15,INR,1.0,-1641954.78,ElectroWorld,Education,Books,Australia,Chennai,TRUE,SUSPECTED FRAUD,,14468.500000000002,Negative
2024-06-06,REFUND,8.27,USD,75.5391,-2462439.77,Swiggy,Education,Books,UK,Jaipur,TRUE,CHARGEBACK REQUESTED,2016.0,118694.58782999999,Negative
2025-03-20,DEBIT,3.74,USD,80.1785,-1675764.71,Walmart,Dining,FastFood,UAE,Bengaluru,TRUE,CHARGEBACK REQUESTED,,56974.8421,Negative
2024-07-16,DEBIT,33.37,GBP,105.6479,-1651980.37,AutoZone,Travel,Taxi,Canada,Delhi,TRUE,CHARGEBACK REQUESTED,,669839.3803699999,Negative
2023-11-28,DEBIT,212.85,USD,77.7218,-481143.98,ShopEasy,Utilities,Water,USA,Pune,TRUE,MONTHLY SUBSCRIPTION,,3143186.1747,Negative
2024-03-01,DEBIT,34.89,GBP,90.3809,-1130394.93,Walmart,Groceries,Specialty,Canada,Hyderabad,TRUE,MANUAL ADJUSTMENT,,599144.02419,Negative
2025-08-10,CREDIT,33.37,USD,75.0185,-974880.27,AutoZone,Groceries,Specialty,Canada,Pune,TRUE,,2020.0,475639.79555000004,Negative
2023-10-03,CREDIT,12.73,INR,1.0,-277495.12,Zomato,Groceries,Specialty,USA,Noida,TRUE,PROMO APPLIED,,2418.7000000000003,Negative
2024-05-19,DEBIT,81.98,AED,20.065,-276155.64,Reliance,Travel,Flight,UK,Hyderabad,TRUE,CHARGEBACK REQUESTED,2020.0,312536.45300000004,Negative
2024-01-30,REFUND,33.37,USD,80.479,-1641954.78,ShopEasy,Utilities,Water,Canada,Hyderabad,TRUE,CASHBACK CREDITED,,510261.0037,Negative
2025-02-07,DEBIT,64.35,USD,79.4677,-2773185.71,LocalMart,Automotive,Fuel,Canada,Mumbai,TRUE,CHARGEBACK REQUESTED,,971611.83405,Negative
2024-07-26,DEBIT,34.93,USD,75.2411,-2308556.99,ElectroWorld,Education,Books,UK,Noida,TRUE,MONTHLY SUBSCRIPTION,2023.0,499352.60837000003,Negative
2025-05-11,DEBIT,7.34,AED,19.8912,-1641954.78,Reliance,Health,Pharmacy,Canada,Pune,TRUE,REPEAT PURCHASE,2024.0,27740.26752,Negative
2024-02-01,CREDIT,5.67,USD,77.8169,-2727788.56,Flipkart,Entertainment,Streaming,Canada,Noida,TRUE,SUSPECTED FRAUD,2019.0,83832.14637,Negative
2024-07-21,REFUND,6.7,AED ,18.6135,-634972.96,Paytm Mall,Electronics,Mobile,UAE,Kolkata,TRUE,CASHBACK CREDITED,,23694.9855,Negative
2025-07-01,DEBIT,9.38,GBP,103.484,-2826502.16,Paytm Mall,Utilities,Water,Canada,Bengaluru,TRUE,SUSPECTED FRAUD,2015.0,184429.18480000002,Negative
2024-08-08,DEBIT,33.37,USD,72.8761,-1197648.62,ShopEasy,Utilities,Internet,India,Jaipur,TRUE,CHARGEBACK REQUESTED,,462056.3368299999,Negative
2024-12-24,CREDIT,2.94,INR,1.0,-2065881.88,Paytm Mall,Electronics,Laptop,UK,Hyderabad,TRUE,SUSPECTED FRAUD,2018.0,558.6,Negative
2024-02-19,DEBIT,1.89,GBP,104.9101,-2237519.97,Reliance,Health,Pharmacy,UK,Gurugram,TRUE,PROMO APPLIED,,37673.216909999996,Negative
2024-09-12,REFUND,19.53,GBP,103.0453,-1641954.78,Reliance,Automotive,Repair,USA,Chennai,TRUE,CHARGEBACK REQUESTED,,382370.19471,Negative
2025-05-13,DEBIT,33.37,USD,81.0964,-2465194.45,ElectroWorld,Dining,FastFood,UK,Delhi,TRUE,SUSPECTED FRAUD,2017.0,514175.50492,Negative
2023-12-18,DEBIT,48.28,INR,1.0,-1641954.78,Swiggy,Dining,FastFood,Canada,Hyderabad,TRUE,MONTHLY SUBSCRIPTION,2015.0,9173.2,Negative
2023-11-08,DEBIT,85.36,INR,1.0,-1641954.78,LocalMart,Dining,Restaurant,UAE,Kolkata,TRUE,PROMO APPLIED,,16218.4,Negative
2025-04-16,CREDIT,33.37,AED,21.7261,-556807.21,AutoZone,Travel,Taxi,India,Hyderabad,TRUE,CHARGEBACK REQUESTED,,137749.99182999998,Negative
2024-04-20,DEBIT,30.29,GBP,108.4214,-446790.49,Walmart,Dining,FastFood,UK,Chennai,TRUE,MONTHLY SUBSCRIPTION,,623975.99914,Negative
2025-05-26,DEBIT,12.96,USD,80.578,-2117827.48,Walmart,Health,Clinic,USA,Kolkata,TRUE,SUSPECTED FRAUD,,198415.2672,Negative
2024-07-28,DEBIT,6.21,INR,1.0,-1641954.78,Myntra,Dining,Restaurant,India,Chennai,TRUE,REPEAT PURCHASE,,1179.9,Negative
2025-01-03,DEBIT,422.67,USD,81.6712,-1641954.78,Flipkart,Automotive,Repair,UAE,Hyderabad,TRUE,MANUAL ADJUSTMENT,,6558793.55976,Negative
2023-11-08,DEBIT,5.45,GBP,99.613,-281928.76,Paytm Mall,Health,Pharmacy,USA,Gurugram,TRUE,,2025.0,103149.2615,Negative
2024-05-14,DEBIT,27.0,AED,18.8141,-1641954.78,Swiggy,Education,Course,Australia,Noida,TRUE,MONTHLY SUBSCRIPTION,2024.0,96516.333,Negative
2025-05-24,CREDIT,197.74,GBP,92.9758,-1825251.14,AutoZone,Dining,FastFood,UK,Chennai,TRUE,SUSPECTED FRAUD,2017.0,3493156.5914800004,Negative
2025-04-06,REFUND,2.59,INR,1.0,-2913271.77,Zomato,Electronics,Laptop,Canada,Kolkata,TRUE,"CASHBACK CREDITED -- VERIFY
CONTACT SUPPORT",,492.09999999999997,Negative
2025-09-10,DEBIT,59.91,INR,1.0,-2237720.29,Amazon,Dining,Cafe,UAE,Mumbai,TRUE,CASHBACK CREDITED,,11382.9,Negative
2025-04-02,DEBIT,50.26,INR,1.0,-1271001.06,AutoZone,Entertainment,Concert,Australia,Kolkata,TRUE,,2020.0,9549.4,Negative
2024-07-16,DEBIT,38.35,AED,18.8273,-593507.72,Starbucks,Entertainment,Movies,UK,Mumbai,TRUE,PROMO APPLIED,,137185.12145,Negative
2024-04-02,CREDIT,33.37,INR,1.0,-1214734.3,AutoZone,Electronics,Mobile,India,Kolkata,TRUE,MONTHLY SUBSCRIPTION,,6340.299999999999,Negative
2024-05-12,DEBIT,33.37,INR,1.0,-2625273.95,ElectroWorld,Dining,Restaurant,UAE,Gurugram,TRUE,CHARGEBACK REQUESTED,,6340.299999999999,Negative
2024-12-08,DEBIT,9.08,INR,1.0,-2680738.76,AutoZone,Groceries,Specialty,Australia,Hyderabad,TRUE,PROMO APPLIED,,1725.2,Negative
2023-10-01,CREDIT,26.25,GBP,98.2419,-987515.58,AutoZone,Dining,Cafe,India,Hyderabad,TRUE,MANUAL ADJUSTMENT,,489981.47624999995,Negative
2024-09-07,REFUND,153.64,INR,1.0,-1713301.49,BigBasket,Education,Books,Australia,Chennai,TRUE,CASHBACK CREDITED,2022.0,29191.6,Negative
2024-02-17,CREDIT,54.88,INR,1.0,-1284141.45,AutoZone,Travel,Hotel,USA,Kolkata,TRUE,CHARGEBACK REQUESTED,,10427.2,Negative
2025-08-22,DEBIT,222.9,INR,1.0,-2774536.58,Walmart,Entertainment,Concert,UAE,Hyderabad,TRUE,CHARGEBACK REQUESTED,,42351.0,Negative
2024-10-25,REFUND,222.82,INR,1.0,-1850229.74,Flipkart,Electronics,Mobile,USA,Pune,TRUE,MANUAL ADJUSTMENT,,42335.799999999996,Negative
2025-05-18,CREDIT,71.94,INR,1.0,-1774532.24,Myntra,Education,Books,Australia,Pune,TRUE,PROMO APPLIED,,13668.6,Negative
2025-08-14,DEBIT,82.09,USD,78.5552,-2579423.32,Zomato,Dining,Cafe,UK,Kolkata,TRUE,MANUAL ADJUSTMENT,2022.0,1225233.3099200001,Negative
2024-07-20,DEBIT,34.28,USD,78.0645,-529076.78,Flipkart,Automotive,Fuel,UK,Delhi,TRUE,REPEAT PURCHASE,,508449.70139999996,Negative
2024-02-12,DEBIT,54.48,GBP,103.7979,-1604999.76,Reliance,Groceries,Specialty,USA,Gurugram,TRUE,SUSPECTED FRAUD,,1074432.82248,Negative
2025-01-11,DEBIT,8.04,INR,1.0,-2238433.47,ElectroWorld,Groceries,Specialty,UAE,Pune,TRUE,PROMO APPLIED,2015.0,1527.6,Negative
2023-12-03,DEBIT,1.59,GBP,94.0893,-1641954.78,Walmart,Education,Books,UK,Pune,TRUE,MANUAL ADJUSTMENT,2024.0,28424.37753,Negative
2024-01-27,DEBIT,24.74,INR,1.0,-2236099.17,Reliance,Dining,Cafe,Canada,Kolkata,TRUE,CHARGEBACK REQUESTED,,4700.599999999999,Negative
2024-01-06,REFUND,13.41,INR,1.0,-974989.17,LocalMart,Entertainment,Concert,UAE,Chennai,TRUE,PROMO APPLIED,2025.0,2547.9,Negative
2023-09-19,DEBIT,91.86,USD,81.1304,-554115.43,Swiggy,Automotive,Repair,India,Bengaluru,TRUE,SUSPECTED FRAUD,2017.0,1416001.3233599998,Negative
2024-11-02,DEBIT,630.4,GBP,97.5559,-481687.8,LocalMart,Health,Clinic,Canada,Delhi,TRUE,PROMO APPLIED,2015.0,11684855.4784,Negative
2024-04-03,DEBIT,3.56,AED,20.7032,-1714910.76,Paytm Mall,Utilities,Water,USA,Bengaluru,TRUE,,2023.0,14003.644479999999,Negative
2024-08-13,CREDIT,4.47,INR,1.0,-1714821.56,Swiggy,Electronics,Laptop,India,Kolkata,TRUE,CHARGEBACK REQUESTED,,849.3,Negative
2025-07-10,CREDIT,31.66,INR,1.0,-1641954.78,LocalMart,Utilities,Electricity,Canada,Kolkata,TRUE,CASHBACK CREDITED,,6015.4,Negative
2024-09-06,CREDIT,33.37,INR,1.0,-2772672.03,Reliance,Health,Pharmacy,Australia,Noida,TRUE,CHARGEBACK REQUESTED,,6340.299999999999,Negative
2024-10-11,DEBIT,10.55,AED,19.6152,-1008903.06,Amazon,Dining,FastFood,India,Hyderabad,TRUE,REPEAT PURCHASE,,39318.6684,Negative
2025-03-28,CREDIT,12.44,USD,73.1027,-1641954.78,Walmart,Education,Books,UAE,Delhi,TRUE,CASHBACK CREDITED,,172785.54171999998,Negative
2024-07-10,CREDIT,33.37,USD,78.5932,-2679724.84,BigBasket,Clothing,Women,Canada,Chennai,TRUE,REPEAT PURCHASE,,498304.4659599999,Negative
2024-10-01,DEBIT,20.55,INR,1.0,-2118777.76,Amazon,Dining,FastFood,UK,Jaipur,TRUE,PROMO APPLIED,,3904.5,Negative
2025-03-17,REFUND,2.77,USD,76.5206,-258739.46,Flipkart,Automotive,Repair,UAE,Bengaluru,TRUE,MONTHLY SUBSCRIPTION,,40272.79178,Negative
2024-07-08,CREDIT,4.96,USD,81.6247,-2677906.55,Walmart,Education,Books,USA,Bengaluru,TRUE,CASHBACK CREDITED,,76923.11728,Negative
2024-02-01,DEBIT,66.58,INR,1.0,-1561243.0,Swiggy,Utilities,Water,UAE,Chennai,TRUE,PROMO APPLIED,2021.0,12650.199999999999,Negative
2025-03-03,DEBIT,1098.62,GBP,103.9128,-1641954.78,ShopEasy,Education,Books,USA,Jaipur,TRUE,,2019.0,21690529.263839997,Negative
2024-12-18,DEBIT,341.8,GBP,94.1665,-2464332.15,Amazon,Groceries,Supermarket,Canada,Mumbai,TRUE,,2017.0,6115360.843,Negative
2025-06-07,DEBIT,340.6,USD,72.1947,-1641954.78,BigBasket,Entertainment,Movies,India,Bengaluru,TRUE,,2016.0,4672007.8158,Negative
2024-08-09,REFUND,81.09,INR,1.0,-529235.68,Amazon,Entertainment,Streaming,Canada,Noida,TRUE,MANUAL ADJUSTMENT,2021.0,15407.1,Negative
2024-08-08,REFUND,289.78,USD,78.16,-1641954.78,Swiggy,Clothing,Women,India,Mumbai,TRUE,MANUAL ADJUSTMENT,2024.0,4303348.912,Negative
2024-07-01,DEBIT,433.86,AED,18.4118,-1641954.78,Reliance,Entertainment,Concert,UAE,Gurugram,TRUE,REPEAT PURCHASE,,1517747.27412,Negative
2025-03-01,CREDIT,33.37,USD,74.8289,-2653553.58,Zomato,Dining,FastFood,UAE,Jaipur,TRUE,CHARGEBACK REQUESTED,2015.0,474437.67467,Negative
2024-12-11,DEBIT,3.53,INR,1.0,-1269871.57,Zomato,Groceries,Supermarket,USA,Pune,TRUE,CHARGEBACK REQUESTED,,670.6999999999999,Negative
2024-08-23,CREDIT,42.52,AED,20.1741,-2921937.05,Starbucks,Education,Books,USA,Jaipur,TRUE,REPEAT PURCHASE,,162982.51908,Negative
2025-01-03,CREDIT,8.93,GBP,99.5268,-1273008.58,Starbucks,Health,Clinic,USA,Jaipur,TRUE,PROMO APPLIED,2023.0,168867.12155999997,Negative
2024-08-12,DEBIT,33.37,USD,78.5901,-1823800.98,Zomato,Dining,Cafe,UAE,Chennai,TRUE,CASHBACK CREDITED,2020.0,498284.81103,Negative
2023-12-22,CREDIT,6.31,INR,1.0,-1483472.71,LocalMart,Clothing,Men,India,Bengaluru,TRUE,PROMO APPLIED,,1198.8999999999999,Negative
2024-05-31,CREDIT,39.97,INR,1.0,-1850503.16,Flipkart,Groceries,Specialty,Australia,Delhi,TRUE,REPEAT PURCHASE,,7594.3,Negative
2024-06-25,REFUND,10.72,AED,18.6795,-2873006.36,Flipkart,Groceries,Specialty,UAE,Jaipur,TRUE,SUSPECTED FRAUD,2026.0,38046.405600000006,Negative
2024-05-07,CREDIT,33.37,USD,76.6594,-1641954.78,ElectroWorld,Health,Clinic,Canada,Mumbai,TRUE,SUSPECTED FRAUD,2023.0,486043.59382,Negative
2024-07-26,DEBIT,33.37,USD,72.5502,-1641954.78,Flipkart,Automotive,Fuel,UK,Delhi,TRUE,REPEAT PURCHASE,2019.0,459990.03306,Negative
2025-07-06,DEBIT,269.57,INR,1.0,-1641954.78,Zomato,Clothing,Men,Canada,Pune,TRUE,MONTHLY SUBSCRIPTION,,51218.299999999996,Negative
2024-03-06,DEBIT,33.37,USD,78.6799,-1984463.49,BigBasket,Dining,Restaurant,UK,Gurugram,TRUE,PROMO APPLIED,,498854.16997000005,Negative
2023-09-25,REFUND,20.4,AED,18.4154,-1076161.62,Reliance,Automotive,Repair,USA,Chennai,TRUE,SUSPECTED FRAUD,2017.0,71378.0904,Negative
2025-07-31,CREDIT,33.37,USD,76.6811,-1641954.78,ElectroWorld,Health,Pharmacy,USA,Hyderabad,TRUE,CHARGEBACK REQUESTED,2019.0,486181.17832999997,Negative
2025-02-28,REFUND,36.58,USD,75.9687,-2592643.84,ElectroWorld,Groceries,Supermarket,India,Chennai,TRUE,CASHBACK CREDITED,2022.0,527997.6587399999,Negative
2024-11-19,CREDIT,22.85,INR,1.0,-1641954.78,LocalMart,Automotive,Fuel,Australia,Kolkata,TRUE,MONTHLY SUBSCRIPTION,,4341.5,Negative
2024-04-02,DEBIT,33.37,USD,75.5848,-1641954.78,LocalMart,Entertainment,Movies,Canada,Chennai,TRUE,,,479230.30744,Negative
2023-09-29,DEBIT,28.2,USD,80.8988,-985788.88,Paytm Mall,Education,Books,UAE,Jaipur,TRUE,MONTHLY SUBSCRIPTION,2022.0,433455.7703999999,Negative
2025-09-09,CREDIT,5.86,AED,19.4566,-2481801.96,Myntra,Entertainment,Streaming,UK,Kolkata,TRUE,MONTHLY SUBSCRIPTION,,21662.978440000003,Negative
2023-11-04,CREDIT,7.67,GBP,91.7162,-2582544.99,ShopEasy,Health,Pharmacy,Australia,Bengaluru,TRUE,PROMO APPLIED,,133658.01826,Negative
2025-01-14,REFUND,33.37,INR,1.0,-2428478.66,Reliance,Groceries,Specialty,UK,Hyderabad,TRUE,SUSPECTED FRAUD,,6340.299999999999,Negative
2025-01-04,DEBIT,28.53,GBP,105.9754,-2678308.92,Reliance,Travel,Hotel,India,Delhi,TRUE,CHARGEBACK REQUESTED,2023.0,574460.85078,Negative
2025-04-22,DEBIT,33.37,USD,82.2192,-1624088.93,AutoZone,Education,Books,USA,Bengaluru,TRUE,REPEAT PURCHASE,,521294.39376,Negative
2025-06-16,DEBIT,12.91,INR,1.0,-985812.18,Walmart,Dining,Cafe,India,Pune,TRUE,SUSPECTED FRAUD,2018.0,2452.9,Negative
2025-06-22,DEBIT,5.08,AED,21.3135,-1001180.0,LocalMart,Electronics,Laptop,USA,Gurugram,TRUE,MANUAL ADJUSTMENT,,20571.7902,Negative
2023-10-23,DEBIT,25.4,USD,75.9527,-1641954.78,Swiggy,Clothing,Women,UAE,Chennai,TRUE,CASHBACK CREDITED,,366547.73019999993,Negative
2024-12-15,DEBIT,36.72,USD,81.7803,-1641954.78,Walmart,Electronics,Accessory,UAE,Gurugram,TRUE,MANUAL ADJUSTMENT,2021.0,570564.79704,Negative
2025-02-16,DEBIT,116.68,INR,1.0,-540892.8,Reliance,Groceries,Supermarket,Canada,Hyderabad,TRUE,REPEAT PURCHASE,2025.0,22169.2,Negative
2023-11-14,CREDIT,91.37,USD,80.5445,-2462815.71,AutoZone,Clothing,Women,Australia,Hyderabad,TRUE,REPEAT PURCHASE,2025.0,1398276.68335,Negative
2025-09-09,CREDIT,12.52,USD,77.5354,-1641954.78,Myntra,Groceries,Specialty,USA,Gurugram,TRUE,SUSPECTED FRAUD,2025.0,184441.20951999997,Negative
2025-06-11,DEBIT,33.37,INR,1.0,-965130.84,Starbucks,Electronics,Laptop,USA,Gurugram,TRUE,,2017.0,6340.299999999999,Negative
2024-02-17,CREDIT,10.07,INR,1.0,-2231560.78,ElectroWorld,Entertainment,Concert,India,Hyderabad,TRUE,MONTHLY SUBSCRIPTION,2023.0,1913.3,Negative
2023-10-15,REFUND,247.11,INR,1.0,-2773995.12,Myntra,Automotive,Fuel,USA,Delhi,TRUE,REPEAT PURCHASE,,46950.9,Negative
2024-09-13,CREDIT,5.83,INRR,1.0,-176117.05,Myntra,Utilities,Internet,India,Kolkata,TRUE,,,1107.7,Negative
2024-01-18,DEBIT,6.18,USD,75.0239,-260440.11,AutoZone,Dining,FastFood,USA,Kolkata,TRUE,PROMO APPLIED,,88093.06337999999,Negative
2024-06-22,DEBIT,29.79,INR,1.0,-594318.96,Starbucks,Utilities,Water,Australia,Pune,TRUE,MANUAL ADJUSTMENT,,5660.099999999999,Negative
2023-11-09,CREDIT,33.37,USD,82.5362,-1076546.5,AutoZone,Education,Books,Australia,Noida,TRUE,CASHBACK CREDITED,2022.0,523304.2688599999,Negative
2024-11-22,CREDIT,13.18,INR,1.0,-480999.74,Starbucks,Dining,FastFood,India,Bengaluru,TRUE,REPEAT PURCHASE,,2504.2,Negative
2024-09-03,DEBIT,119.55,USD,73.1279,-1641954.78,Starbucks,Dining,Restaurant,UAE,Chennai,TRUE,MONTHLY SUBSCRIPTION,2020.0,1661063.6845500001,Negative
2025-03-05,CREDIT,40.35,USD,80.3961,-1641954.78,Starbucks,Education,Books,Australia,Mumbai,TRUE,REPEAT PURCHASE,,616356.70065,Negative
2025-08-28,CREDIT,189.26,AED,20.8833,-1937179.91,BigBasket,Education,Books,India,Mumbai,TRUE,SUSPECTED FRAUD,2022.0,750950.9380199999,Negative
2025-02-01,REFUND,38.23,AED,21.0881,-974275.92,Reliance,Travel,Flight,UAE,Pune,TRUE,CHARGEBACK REQUESTED,2016.0,153177.63197,Negative
2024-09-19,DEBIT,112.97,USD,82.7871,-1641954.78,Myntra,Groceries,Supermarket,Canada,Hyderabad,TRUE,PROMO APPLIED,,1776967.1505299998,Negative
2024-02-16,DEBIT,24.65,INR,1.0,-1641954.78,Walmart,Education,Books,Australia,Gurugram,TRUE,CHARGEBACK REQUESTED,2024.0,4683.5,Negative
2024-12-01,REFUND,93.19,USD,81.0269,-2230490.27,Amazon,Entertainment,Streaming,UAE,Kolkata,TRUE,REPEAT PURCHASE,2021.0,1434670.3940899998,Negative
2024-09-21,DEBIT,3.13,USD ,81.4736,-975889.82,Paytm Mall,Groceries,Specialty,India,Hyderabad,TRUE,,,48452.34992,Negative
2023-09-20,DEBIT,62.54,GBP,105.8438,-276540.37,LocalMart,Automotive,Fuel,Australia,Delhi,TRUE,CHARGEBACK REQUESTED,,1257699.53788,Negative
2024-06-20,REFUND,713.26,GBP,98.8024,-1641954.78,Paytm Mall,Education,Books,India,Gurugram,TRUE,,2017.0,13389641.96656,Negative
2023-11-25,DEBIT,29.0,AED,20.7455,-1705749.17,LocalMart,Entertainment,Concert,India,Pune,TRUE,CASHBACK CREDITED,,114307.705,Negative
2024-02-20,DEBIT,33.37,GBP,108.9547,-1077428.5,Flipkart,Dining,FastFood,UAE,Jaipur,TRUE,MANUAL ADJUSTMENT,2020.0,690805.48441,Negative
2024-03-08,DEBIT,21.25,USD,81.065,-1169092.22,Paytm Mall,Groceries,Specialty,Canada,Hyderabad,TRUE,PROMO APPLIED,,327299.9375,Negative
2025-03-10,CREDIT,33.37,AED,19.773,-1871320.57,Amazon,Clothing,Men,Canada,Mumbai,TRUE,,,125366.75189999999,Negative
2024-09-27,CREDIT,33.37,INR,1.0,-1641954.78,Amazon,Automotive,Fuel,Australia,Noida,TRUE,REPEAT PURCHASE,2026.0,6340.299999999999,Negative
2023-12-26,DEBIT,20.29,USD,74.831,-278113.94,Swiggy,Travel,Hotel,UAE,Noida,TRUE,MANUAL ADJUSTMENT,,288480.9881,Negative
2024-06-24,CREDIT,9.69,INR,1.0,-174068.03,Starbucks,Education,Books,Canada,Chennai,TRUE,,,1841.1,Negative
2024-10-28,DEBIT,22.55,INR ,1.0,-1641954.78,Paytm Mall,Entertainment,Concert,Canada,Pune,TRUE,REPEAT PURCHASE,,4284.5,Negative
2023-11-01,CREDIT,35.78,INR,1.0,-965476.91,Amazon,Health,Clinic,USA,Bengaluru,TRUE," -- VERIFY
CONTACT SUPPORT",2020.0,6798.2,Negative
2024-03-24,CREDIT,16.13,INR,1.0,-189420.92,ElectroWorld,Clothing,Men,Australia,Hyderabad,TRUE,REPEAT PURCHASE,,3064.7,Negative
2025-05-17,CREDIT,104.52,GBP,105.9057,-2514462.41,BigBasket,Entertainment,Concert,USA,Gurugram,TRUE,MANUAL ADJUSTMENT,2018.0,2103160.11516,Negative
2024-11-25,DEBIT,33.37,AED,19.0855,-280665.03,Amazon,Education,Course,Canada,Kolkata,TRUE,,,121007.79564999999,Negative
2024-08-27,DEBIT,38.98,INR,1.0,-2652926.87,AutoZone,Travel,Flight,UK,Mumbai,TRUE,,,7406.2,Negative
2024-04-04,DEBIT,33.37,GBP,104.9675,-1641954.78,ShopEasy,Automotive,Repair,India,Pune,TRUE,REPEAT PURCHASE,,665525.44025,Negative
2025-05-01,CREDIT,103.24,USD,78.5612,-1170657.07,AutoZone,Electronics,Mobile,UK,Jaipur,TRUE,,,1541025.07472,Negative
2024-09-20,CREDIT,405.88,USD,80.3997,-554955.53,Starbucks,Education,Books,Canada,Gurugram,TRUE,SUSPECTED FRAUD,,6200199.74484,Negative
2025-02-15,DEBIT,13.1,AED,19.0999,-1170663.62,Starbucks,Dining,Restaurant,UK,Mumbai,TRUE,MANUAL ADJUSTMENT,,47539.6511,Negative
2024-12-21,DEBIT,26.36,AED,20.2181,-2774322.16,Zomato,Dining,Cafe,UK,Noida,TRUE,,,101260.33204,Negative
2024-06-30,DEBIT,22.89,USD,73.1761,-1626761.11,Swiggy,Utilities,Electricity,Australia,Hyderabad,TRUE,,2016.0,318250.1765100001,Negative
2025-05-23,CREDIT,94.07,USD,76.8074,-1641954.78,ElectroWorld,Electronics,Mobile,UK,Noida,TRUE,CHARGEBACK REQUESTED,,1372801.70242,Negative
2024-04-20,DEBIT,5.4,USD ,80.9586,-1641954.78,LocalMart,Electronics,Mobile,UAE,Mumbai,TRUE,CHARGEBACK REQUESTED,2018.0,83063.52360000001,Negative
2024-06-29,DEBIT,27.89,GBP,95.6908,-1641954.78,LocalMart,Utilities,Internet,UAE,Hyderabad,TRUE,CHARGEBACK REQUESTED,,507075.11828000005,Negative
2024-04-13,DEBIT,1.42,INR,1.0,-2580290.37,Zomato,Automotive,Repair,USA,Jaipur,TRUE,SUSPECTED FRAUD,2016.0,269.8,Negative
2025-01-28,DEBIT,33.37,GBP,96.3343,-1935695.97,Flipkart,Travel,Hotel,Canada,Mumbai,TRUE,,2020.0,610788.36229,Negative
2024-07-15,,6.59,USD,,-1078118.8,AutoZone,Clothing,,USA,Pune,TRUE,CASHBACK CREDITED,,,Negative
2025-07-10,DEBIT,13.43,USD,76.2445,-1641954.78,Amazon,Dining,Cafe,USA,Jaipur,TRUE,SUSPECTED FRAUD,,194553.09065,Negative
2024-01-31,CREDIT,169.19,AED,18.5336,-2873591.26,Walmart,Education,Books,Australia,Mumbai,TRUE,,,595782.95896,Negative
2023-10-18,REFUND,81.91,INR,1.0,-2419221.69,Paytm Mall,Travel,Flight,UAE,Kolkata,TRUE,CHARGEBACK REQUESTED,2024.0,15562.9,Negative
2024-08-26,DEBIT,32.58,USD,75.5814,-143545.1,Swiggy,Dining,Cafe,UAE,Delhi,TRUE,REPEAT PURCHASE,,467863.98228,Negative
2025-07-17,REFUND,15.18,AED,20.0129,-1641954.78,Zomato,Automotive,Fuel,UAE,Jaipur,TRUE,,,57721.20618,Negative
2024-04-21,DEBIT,26.29,AED,20.7125,-145707.83,ElectroWorld,Groceries,Supermarket,UK,Kolkata,TRUE,REPEAT PURCHASE,2025.0,103461.00875,Negative
2025-04-11,CREDIT,64.72,INR,1.0,-1641954.78,Walmart,Clothing,Women,Australia,Noida,TRUE,,,12296.8,Negative
2024-06-15,CREDIT,33.37,INRR,1.0,-1641954.78,Paytm Mall,Travel,Flight,Canada,Kolkata,TRUE,,,6340.299999999999,Negative
2025-02-07,DEBIT,33.37,INR,1.0,-1271325.9,Flipkart,Electronics,Accessory,UAE,Chennai,TRUE,,,6340.299999999999,Negative
2024-05-03,DEBIT,17.8,AED,18.944,-480372.29,Myntra,Travel,Hotel,UK,Noida,TRUE,MONTHLY SUBSCRIPTION,2021.0,64068.60799999999,Negative
2023-11-13,DEBIT,100.08,USD,78.6545,-1270545.49,ElectroWorld,Automotive,Repair,UAE,Gurugram,TRUE,REPEAT PURCHASE,,1495631.0484,Negative
2024-08-26,DEBIT,230.34,USD,76.8738,-2467203.2,ShopEasy,Entertainment,Streaming,Australia,Delhi,TRUE,PROMO APPLIED,2018.0,3364351.10748,Negative
2024-11-16,DEBIT,19.08,INR,1.0,-1641954.78,Walmart,Education,Course,India,Hyderabad,TRUE,MANUAL ADJUSTMENT,2020.0,3625.2,Negative
2025-07-25,CREDIT,101.61,USD,76.1102,-974045.1,AutoZone,Groceries,Supermarket,Canada,Delhi,TRUE,,,1469375.9101800001,Negative
2024-05-27,CREDIT,33.37,AED,18.9336,-554672.15,ElectroWorld,Groceries,Specialty,India,Delhi,TRUE,,,120044.70408,Negative
2025-02-15,CREDIT,10.3,INR,1.0,-974281.07,Zomato,Clothing,Women,USA,Bengaluru,TRUE,CASHBACK CREDITED,2023.0,1957.0000000000002,Negative
2025-09-01,DEBIT,298.2,USD,78.0458,-1641954.78,Reliance,Education,Course,UAE,Noida,TRUE,MONTHLY SUBSCRIPTION,,4421918.9364,Negative
2024-03-06,CREDIT,28.61,AED,20.2354,-987553.65,AutoZone,Dining,Cafe,UK,Delhi,TRUE,MANUAL ADJUSTMENT,2023.0,109997.61085999999,Negative
2025-08-12,DEBIT,154.61,GBP,100.9073,-2237518.13,LocalMart,Entertainment,Streaming,UK,Bengaluru,TRUE,,,2964242.7540700007,Negative
2025-04-05,DEBIT,981.61,GBP,108.3505,-2875002.62,AutoZone,Clothing,Women,UK,Chennai,TRUE,REPEAT PURCHASE,,20208007.517950002,Negative
2025-09-06,DEBIT,33.37,AED,20.8249,-1652584.42,BigBasket,Health,Pharmacy,Australia,Gurugram,TRUE,CASHBACK CREDITED,,132036.11346999998,Negative
2025-05-02,DEBIT,33.37,GBP,96.7233,-1435730.18,ElectroWorld,Electronics,Laptop,Canada,Jaipur,TRUE,CASHBACK CREDITED,2019.0,613254.7389899999,Negative
2024-01-04,CREDIT,278.77,GBP,91.9933,-1641954.78,BigBasket,Clothing,Women,Australia,Mumbai,TRUE,,,4872544.72579,Negative
2024-04-12,CREDIT,33.37,GBP,92.7187,-1000191.75,ElectroWorld,Education,Books,Canada,Delhi,TRUE,MANUAL ADJUSTMENT,,587864.37361,Negative
2024-05-02,DEBIT,76.3,INR,1.0,-1641954.78,Paytm Mall,Dining,Cafe,UAE,Pune,TRUE,CHARGEBACK REQUESTED,,14497.0,Negative
2023-12-27,DEBIT,33.37,AED,19.0481,-166050.21,ShopEasy,Automotive,Repair,Canada,Mumbai,TRUE,PROMO APPLIED,2020.0,120770.66842999999,Negative
2025-05-23,DEBIT,33.37,AED,21.8186,-2579779.82,Reliance,Education,Course,Canada,Mumbai,TRUE,SUSPECTED FRAUD,,138336.46958,Negative
2025-05-23,CREDIT,10.28,INR,1.0,-1105427.64,ShopEasy,Clothing,Men,India,Pune,TRUE,REPEAT PURCHASE,,1953.1999999999998,Negative
2025-06-12,REFUND,33.37,GBP,98.4489,-540077.79,Reliance,Clothing,Women,Australia,Jaipur,TRUE,CHARGEBACK REQUESTED,2019.0,624195.5606699999,Negative
2024-07-06,DEBIT,33.37,AED,18.8346,-163653.65,Reliance,Health,Pharmacy,Australia,Delhi,TRUE,CASHBACK CREDITED,,119417.01438,Negative
2024-04-16,REFUND,33.37,GBP,109.1809,-2520113.79,AutoZone,Travel,Taxi,UAE,Pune,TRUE,CHARGEBACK REQUESTED,2023.0,692239.6602699999,Negative
2023-11-06,CREDIT,227.94,AED,21.7501,-2626655.25,ShopEasy,Travel,Taxi,Australia,Bengaluru,TRUE,MONTHLY SUBSCRIPTION,,941966.38086,Negative
2024-09-16,DEBIT,33.37,GBP,91.7965,-1025099.15,Walmart,Clothing,Men,India,Gurugram,TRUE,PROMO APPLIED,2019.0,582017.3489499999,Negative
2024-07-27,REFUND,33.37,AED,21.6338,-277670.92,BigBasket,Utilities,Water,UAE,Gurugram,TRUE,CASHBACK CREDITED,2016.0,137164.78214,Negative
2024-12-14,DEBIT,15.45,USD,73.0019,-2680010.03,Swiggy,Electronics,Laptop,UAE,Hyderabad,TRUE,SUSPECTED FRAUD,2022.0,214297.07745,Negative
2024-09-19,REFUND,19.62,USD,79.3746,-2677875.39,Myntra,Utilities,Water,USA,Hyderabad,TRUE,CASHBACK CREDITED,,295892.63388000004,Negative
2025-03-24,DEBIT,11.42,USD,76.8339,-1641954.78,Reliance,Electronics,Laptop,India,Gurugram,TRUE,,,166714.19621999998,Negative
2024-11-04,CREDIT,74.7,INR,1.0,-974917.62,Myntra,Health,Clinic,UAE,Chennai,TRUE,MANUAL ADJUSTMENT,,14193.0,Negative
2024-10-21,REFUND,33.37,GBP,106.7385,-2869082.33,Paytm Mall,Utilities,Electricity,India,Hyderabad,TRUE,MANUAL ADJUSTMENT,,676754.1115499999,Negative
2025-06-02,DEBIT,33.37,GBP,108.5558,-595170.11,LocalMart,Automotive,Fuel,USA,Hyderabad,TRUE,MANUAL ADJUSTMENT,,688276.3387399999,Negative
2025-03-24,CREDIT,7.26,AED,18.5597,-1641954.78,Swiggy,Health,Pharmacy,Australia,Delhi,TRUE,PROMO APPLIED,,25601.250179999995,Negative
2023-12-15,CREDIT,171.51,GBP,100.8472,-1714092.41,Reliance,Groceries,Supermarket,UK,Pune,TRUE,MONTHLY SUBSCRIPTION,,3286297.6216800003,Negative
2024-05-09,CREDIT,241.64,INR,1.0,-1641954.78,Flipkart,Clothing,Women,Australia,Jaipur,TRUE,SUSPECTED FRAUD,,45911.6,Negative
2025-04-14,CREDIT,52.33,GBP,107.6026,-2236561.09,Paytm Mall,Health,Clinic,Australia,Kolkata,TRUE,"CASHBACK CREDITED -- VERIFY
CONTACT SUPPORT",2018.0,1069860.37102,Negative
2023-12-04,DEBIT,6.99,USD,76.1577,-1624092.42,LocalMart,Groceries,Specialty,UK,Kolkata,TRUE,PROMO APPLIED,2016.0,101145.04137000002,Negative
2025-01-05,REFUND,8.02,AED,18.4616,-1641954.78,Myntra,Dining,Restaurant,Canada,Pune,TRUE,CASHBACK CREDITED,,28131.786079999998,Negative
2024-11-21,CREDIT,33.37,AED,18.9493,-1641954.78,Reliance,Clothing,Women,Canada,Jaipur,TRUE,CHARGEBACK REQUESTED,,120144.24678999999,Negative
2025-05-14,DEBIT,19.3,INR,1.0,-189879.24,Zomato,Dining,Restaurant,USA,Bengaluru,TRUE,,2022.0,3667.0,Negative
2024-11-22,DEBIT,33.37,INR,1.0,-1130663.34,ElectroWorld,Groceries,Supermarket,USA,Hyderabad,TRUE,REPEAT PURCHASE,,6340.299999999999,Negative
2025-08-16,DEBIT,24.39,INRR,1.0,-434888.59,Swiggy,Entertainment,Concert,UK,Chennai,TRUE,REPEAT PURCHASE,2015.0,4634.1,Negative
2025-03-25,DEBIT,30.05,USD,77.6258,-1641954.78,Amazon,Groceries,Specialty,India,Gurugram,TRUE,,,443204.5051,Negative
2024-07-07,REFUND,24.14,USD,74.5281,-1561320.6,AutoZone,Dining,Restaurant,UK,Delhi,TRUE,SUSPECTED FRAUD,,341830.58346,Negative
2024-04-14,CREDIT,444.97,INR,1.0,-975588.19,Walmart,Electronics,Mobile,India,Noida,TRUE,MANUAL ADJUSTMENT,,84544.3,Negative
2024-08-31,CREDIT,54.92,INR,1.0,-1935651.81,BigBasket,Utilities,Electricity,UK,Bengaluru,TRUE,CASHBACK CREDITED,,10434.800000000001,Negative
2025-06-28,CREDIT,45.23,INR,1.0,-1641954.78,Starbucks,Utilities,Water,Canada,Noida,TRUE,REPEAT PURCHASE,,8593.699999999999,Negative
2025-03-31,REFUND,157.92,INR,1.0,-974857.42,Swiggy,Automotive,Repair,USA,Bengaluru,TRUE,REPEAT PURCHASE,,30004.8,Negative
2024-01-25,CREDIT,33.37,GBP,104.4487,-2537067.7,Swiggy,Entertainment,Streaming,USA,Delhi,TRUE,PROMO APPLIED,,662236.0926099999,Negative
2025-07-02,CREDIT,206.0,GBP,97.3049,-1713740.72,Myntra,Electronics,Laptop,Australia,Kolkata,TRUE,CHARGEBACK REQUESTED,,3808513.7860000003,Negative
2025-02-22,CREDIT,91.93,INR,1.0,-1199111.03,Starbucks,Utilities,Electricity,Canada,Kolkata,TRUE,MONTHLY SUBSCRIPTION,,17466.7,Negative
2023-11-11,CREDIT,6.01,USD,72.6285,-260075.02,Flipkart,Health,Clinic,India,Gurugram,TRUE,MONTHLY SUBSCRIPTION,2018.0,82934.48414999999,Negative
2025-08-02,CREDIT,3.85,INR,1.0,-2914141.68,Walmart,Travel,Taxi,Canada,Chennai,TRUE,MANUAL ADJUSTMENT,,731.5,Negative
2025-04-29,DEBIT,33.37,USD,82.8988,-2462360.54,ElectroWorld,Entertainment,Concert,Canada,Chennai,TRUE,MANUAL ADJUSTMENT,,525603.2616399999,Negative
2024-01-15,DEBIT,7.58,USD,81.806,-1641954.78,AutoZone,Electronics,Accessory,Canada,Pune,TRUE,CASHBACK CREDITED,2024.0,117817.0012,Negative
2025-03-13,DEBIT,105.78,INR ,1.0,-2582158.01,BigBasket,Automotive,Fuel,Australia,Pune,TRUE,PROMO APPLIED,,20098.2,Negative
2024-06-30,DEBIT,2.93,GBP,107.5007,-2466224.03,Swiggy,Automotive,Fuel,Canada,Delhi,TRUE,PROMO APPLIED,,59845.63969,Negative
2025-09-03,CREDIT,12.17,INR,1.0,-1935478.07,ElectroWorld,Entertainment,Streaming,UK,Hyderabad,TRUE,CHARGEBACK REQUESTED,,2312.3,Negative
2024-11-23,CREDIT,15.18,INR,1.0,-1617490.19,ShopEasy,Automotive,Repair,Australia,Kolkata,TRUE,CASHBACK CREDITED,,2884.2,Negative
2025-03-19,DEBIT,33.37,GBP,104.3692,-1676334.35,Flipkart,Electronics,Mobile,UAE,Pune,TRUE,REPEAT PURCHASE,,661732.03876,Negative
2024-09-28,DEBIT,73.88,USD,82.3817,-1640149.29,BigBasket,Clothing,Women,UAE,Jaipur,TRUE,MANUAL ADJUSTMENT,2020.0,1156408.39924,Negative
2023-10-22,CREDIT,14.07,AED,21.3969,-2653343.35,ShopEasy,Clothing,Men,Canada,Noida,TRUE,PROMO APPLIED,,57200.33276999999,Negative
2023-10-15,DEBIT,5.25,INR,1.0,-1641954.78,BigBasket,Entertainment,Movies,USA,Jaipur,TRUE,CASHBACK CREDITED,2018.0,997.5,Negative
2024-02-01,DEBIT,33.37,USD,74.2962,-2774105.41,Flipkart,Clothing,Women,UK,Chennai,TRUE,CHARGEBACK REQUESTED,2015.0,471060.19685999997,Negative
2024-01-15,REFUND,107.69,INR,1.0,-2592576.03,Reliance,Utilities,Water,Canada,Pune,TRUE,MANUAL ADJUSTMENT,,20461.1,Negative
2024-06-26,CREDIT,391.11,GBP,96.265,-1008751.15,Swiggy,Electronics,Accessory,Canada,Delhi,TRUE,MONTHLY SUBSCRIPTION,,7153538.788500001,Negative
2023-11-18,DEBIT,18.64,GBP,107.3665,-2237056.11,BigBasket,Education,Books,UK,Kolkata,TRUE,SUSPECTED FRAUD,,380249.1964,Negative
2025-06-07,CREDIT,19.43,GBP,106.5243,-280096.35,Flipkart,Education,Books,India,Pune,TRUE,MONTHLY SUBSCRIPTION,,393255.75830999995,Negative
2024-06-06,CREDIT,7.93,AED,18.0214,-159746.71,Paytm Mall,Electronics,Laptop,UK,Chennai,TRUE,CHARGEBACK REQUESTED,2015.0,27152.843379999995,Negative
2023-10-11,CREDIT,43.08,INR,1.0,-2464903.7,ShopEasy,Electronics,Accessory,Canada,Jaipur,TRUE,CHARGEBACK REQUESTED,,8185.2,Negative
2023-09-13,REFUND,53.18,INR,1.0,-985665.04,Myntra,Dining,Restaurant,USA,Gurugram,TRUE,SUSPECTED FRAUD,,10104.2,Negative
2023-12-07,DEBIT,24.19,GBP,98.4238,-2901429.85,LocalMart,Dining,Cafe,Australia,Kolkata,TRUE,,,452365.62718000007,Negative
2024-11-15,DEBIT,33.37,USD,76.2111,-1937013.16,Myntra,Utilities,Internet,UK,Kolkata,TRUE,CHARGEBACK REQUESTED,2016.0,483201.23733,Negative
2024-11-27,REFUND,2.57,INR,1.0,-1823758.92,Reliance,Entertainment,Concert,Australia,Jaipur,TRUE,CASHBACK CREDITED,,488.29999999999995,Negative
2025-06-10,DEBIT,33.37,INR ,1.0,-1984110.31,Amazon,Clothing,Women,USA,Gurugram,TRUE,,,6340.299999999999,Negative
2023-10-28,CREDIT,16.41,AED,21.9024,-1641954.78,LocalMart,Utilities,Electricity,UAE,Hyderabad,TRUE,SUSPECTED FRAUD,,68289.49296,Negative
2024-11-19,DEBIT,138.19,USD,79.8875,-1824663.53,AutoZone,Utilities,Water,UK,Noida,TRUE,MANUAL ADJUSTMENT,2026.0,2097534.18875,Negative
2024-09-27,CREDIT,65.79,USD,74.197,-2231700.54,ElectroWorld,Entertainment,Streaming,UAE,Hyderabad,TRUE,PROMO APPLIED,,927469.9197000001,Negative
2024-12-11,CREDIT,8.4,USD,73.8775,-1641954.78,Zomato,Health,Pharmacy,India,Noida,TRUE,REPEAT PURCHASE,2016.0,117908.49,Negative
2024-12-28,DEBIT,21.89,INR,1.0,-2775735.84,Zomato,Dining,Cafe,UK,Delhi,TRUE,CASHBACK CREDITED,,4159.1,Negative
2025-06-26,REFUND,35.77,GBP,103.1885,-166474.3,Swiggy,Groceries,Supermarket,UK,Chennai,TRUE,CASHBACK CREDITED,,701300.0025500001,Negative
2024-02-16,DEBIT,33.37,USD,79.8433,-2419691.27,Paytm Mall,Travel,Hotel,UK,Jaipur,TRUE,SUSPECTED FRAUD,2018.0,506230.47498999996,Negative
2024-11-17,DEBIT,69.15,INR,1.0,-541875.92,Starbucks,Groceries,Specialty,USA,Bengaluru,TRUE,,2017.0,13138.500000000002,Negative
2024-07-16,CREDIT,12.2,INR,1.0,-1985195.27,BigBasket,Electronics,Accessory,USA,Hyderabad,TRUE,MANUAL ADJUSTMENT,,2318.0,Negative
2025-03-20,CREDIT,20.2,GBP,92.0896,-277705.85,Starbucks,Groceries,Supermarket,Canada,Gurugram,TRUE,CASHBACK CREDITED,,353439.8848,Negative
2024-02-17,DEBIT,45.09,USD,74.5497,-2118088.66,Amazon,Utilities,Electricity,UK,Pune,TRUE,"MONTHLY SUBSCRIPTION -- VERIFY
CONTACT SUPPORT",,638674.73487,Negative
2024-02-15,DEBIT,33.37,AED,19.4602,-2902014.64,Reliance,Utilities,Internet,India,Kolkata,TRUE,CHARGEBACK REQUESTED,,123383.50605999999,Negative
2025-06-28,DEBIT,33.37,USD,73.1896,-2582499.46,BigBasket,Automotive,Repair,India,Chennai,TRUE,CASHBACK CREDITED,2017.0,464044.0208799999,Negative
2023-12-12,DEBIT,22.04,AED ,19.6394,-1935685.64,Swiggy,Dining,Restaurant,UK,Pune,TRUE,CASHBACK CREDITED,,82241.95143999999,Negative
2025-08-08,REFUND,13.98,GBP,93.6131,-1640253.31,Walmart,Automotive,Repair,UAE,Gurugram,TRUE,,,248655.11622000003,Negative
2023-11-15,CREDIT,103.03,INR,1.0,-2452483.21,Zomato,Travel,Flight,UK,Bengaluru,TRUE,SUSPECTED FRAUD,,19575.7,Negative
2025-01-08,CREDIT,23.84,INR,1.0,-2677860.29,ShopEasy,Clothing,Men,India,Bengaluru,TRUE,REPEAT PURCHASE,2024.0,4529.6,Negative
2024-08-31,CREDIT,123.54,INRR,1.0,-1284243.16,AutoZone,Groceries,Specialty,UAE,Gurugram,TRUE,"SUSPECTED FRAUD -- VERIFY
CONTACT SUPPORT",2017.0,23472.600000000002,Negative
2024-04-21,DEBIT,7.16,USD,81.8538,-2826254.06,Starbucks,Utilities,Internet,Canada,Gurugram,TRUE,CASHBACK CREDITED,,111353.90952,Negative
2024-03-15,CREDIT,5.23,INR,1.0,-2231705.04,Flipkart,Groceries,Specialty,India,Kolkata,TRUE,CHARGEBACK REQUESTED,,993.7,Negative
2024-02-03,CREDIT,27.66,USD,82.2221,-1641954.78,Walmart,Travel,Hotel,Australia,Hyderabad,TRUE,,,432110.02434,Negative
2025-07-29,CREDIT,271.99,INR,1.0,-1641954.78,ElectroWorld,Electronics,Laptop,India,Pune,TRUE,,,51678.1,Negative
2024-07-03,DEBIT,44.61,USD,78.5037,-2653680.99,ElectroWorld,Education,Course,India,Kolkata,TRUE,MONTHLY SUBSCRIPTION,,665389.51083,Negative
2024-06-08,DEBIT,5.62,INR,1.0,-2874020.73,ShopEasy,Automotive,Repair,UAE,Bengaluru,TRUE,PROMO APPLIED,,1067.8,Negative
2025-02-10,DEBIT,697.33,USD,77.6396,-2654096.12,Swiggy,Automotive,Fuel,India,Jaipur,TRUE,CASHBACK CREDITED,2026.0,10286680.23092,Negative
2025-08-19,DEBIT,33.37,INR,1.0,-2680145.9,Myntra,Automotive,Fuel,India,Chennai,TRUE,CHARGEBACK REQUESTED,,6340.299999999999,Negative
2024-04-27,DEBIT,4.37,INR,1.0,-1641954.78,ShopEasy,Health,Clinic,UAE,Delhi,TRUE,REPEAT PURCHASE,,830.3000000000001,Negative
2025-05-03,DEBIT,46.41,GBP,105.2141,-558146.36,Flipkart,Electronics,Laptop,India,Pune,TRUE,CASHBACK CREDITED,,927767.41239,Negative
2023-10-14,DEBIT,4.0,USD,78.6494,-1641954.78,ElectroWorld,Automotive,Fuel,Australia,Delhi,TRUE,MONTHLY SUBSCRIPTION,,59773.544,Negative
2025-06-01,DEBIT,24.35,USD,77.107,-1617378.11,Amazon,Entertainment,Movies,India,Gurugram,TRUE,REPEAT PURCHASE,,356735.5355,Negative
2023-09-25,REFUND,9.3,INR,1.0,-1641954.78,Starbucks,Electronics,Mobile,India,Kolkata,TRUE,MONTHLY SUBSCRIPTION,,1767.0000000000002,Negative
2025-07-27,DEBIT,34.31,INR,1.0,-2902236.91,Walmart,Clothing,Women,Canada,Mumbai,TRUE,REPEAT PURCHASE,2022.0,6518.900000000001,Negative
2024-03-17,REFUND,50.38,AED,19.1854,-1561306.0,BigBasket,Education,Course,UAE,Hyderabad,TRUE,CHARGEBACK REQUESTED,2021.0,183646.48588000002,Negative
2025-06-10,DEBIT,2.93,INR,1.0,-2254571.61,BigBasket,Dining,Cafe,Canada,Bengaluru,TRUE,SUSPECTED FRAUD,,556.7,Negative
2025-05-23,DEBIT,132.92,GBP,102.114,-1641954.78,Flipkart,Dining,FastFood,India,Pune,TRUE,REPEAT PURCHASE,2017.0,2578868.6472,Negative
2024-08-16,CREDIT,33.37,USD,74.2187,-2579664.6,Flipkart,Groceries,Specialty,USA,Delhi,TRUE,PROMO APPLIED,,470568.82360999996,Negative
2024-01-19,REFUND,66.15,USD,78.8744,-259310.94,ShopEasy,Groceries,Supermarket,UAE,Hyderabad,TRUE,MANUAL ADJUSTMENT,,991332.8964,Negative
2024-09-20,DEBIT,33.37,AED,19.1209,-2117949.92,Flipkart,Education,Books,India,Bengaluru,TRUE,MONTHLY SUBSCRIPTION,,121232.24226999997,Negative
2024-08-26,REFUND,100.88,USD,75.3452,-2582745.86,Starbucks,Clothing,Men,UK,Hyderabad,TRUE,SUSPECTED FRAUD,,1444156.51744,Negative
2023-09-23,DEBIT,29.2,INR,1.0,-2900981.64,ShopEasy,Clothing,Women,UK,Delhi,TRUE,PROMO APPLIED,,5548.0,Negative
2025-09-07,DEBIT,63.99,INR,1.0,-1500841.61,LocalMart,Dining,Restaurant,UAE,Bengaluru,TRUE,PROMO APPLIED,,12158.1,Negative
2023-11-14,DEBIT,22.4,USD,81.1731,-2118128.98,Paytm Mall,Utilities,Water,UK,Chennai,TRUE,PROMO APPLIED,,345472.7136,Negative
2024-11-29,DEBIT,33.37,INR,1.0,-1641954.78,Walmart,Groceries,Supermarket,USA,Hyderabad,TRUE,,,6340.299999999999,Negative
2024-11-14,CREDIT,52.36,USD,76.6846,-2825446.34,Walmart,Entertainment,Movies,Canada,Jaipur,TRUE,CHARGEBACK REQUESTED,,762889.07464,Negative
2025-08-03,REFUND,60.91,USD,75.8255,-1641954.78,Swiggy,Travel,Flight,USA,Hyderabad,TRUE,MONTHLY SUBSCRIPTION,2016.0,877520.9289500001,Negative
2025-03-16,REFUND,44.84,AED,19.1113,-1849545.2,BigBasket,Dining,Restaurant,Australia,Mumbai,TRUE,REPEAT PURCHASE,,162820.63148,Negative
2025-07-21,CREDIT,34.27,AED,19.6381,-1641954.78,Zomato,Health,Pharmacy,India,Jaipur,TRUE,CASHBACK CREDITED,,127869.56053000003,Negative
2025-01-08,CREDIT,47.18,USD,75.3105,-2514863.31,ShopEasy,Dining,Cafe,Canada,Delhi,TRUE,MONTHLY SUBSCRIPTION,,675098.3841,Negative
2025-07-22,DEBIT,65.68,INR,1.0,-1641954.78,Paytm Mall,Groceries,Supermarket,USA,Pune,TRUE,PROMO APPLIED,2023.0,12479.2,Negative
2025-06-15,DEBIT,33.37,GBP,101.7559,-1641954.78,BigBasket,Dining,FastFood,UK,Pune,TRUE,CASHBACK CREDITED,,645162.93277,Negative
2024-04-16,DEBIT,33.37,USD,78.671,-2775383.73,Amazon,Automotive,Repair,USA,Hyderabad,TRUE,,,498797.74130000005,Negative
2025-08-10,REFUND,33.37,GBP,101.7024,-1131722.24,LocalMart,Utilities,Internet,USA,Noida,TRUE,,,644823.7267199999,Negative
2025-02-24,DEBIT,33.37,INR,1.0,-1641954.78,AutoZone,Education,Course,Canada,Hyderabad,TRUE,CASHBACK CREDITED,,6340.299999999999,Negative
2025-03-20,CREDIT,33.37,INR,1.0,-1559346.32,Reliance,Automotive,Repair,USA,Delhi,TRUE,REPEAT PURCHASE,,6340.299999999999,Negative
2024-12-05,CREDIT,41.89,AED,19.1219,-1641954.78,AutoZone,Electronics,Accessory,UAE,Chennai,TRUE,PROMO APPLIED,2017.0,152193.11429,Negative
2024-08-06,DEBIT,30.37,USD,79.3632,-1641954.78,ElectroWorld,Electronics,Laptop,UAE,Chennai,TRUE,CHARGEBACK REQUESTED,2018.0,457949.47296000004,Negative
2025-07-19,DEBIT,33.1,INR,1.0,-1807928.12,BigBasket,Clothing,Women,UK,Bengaluru,TRUE,PROMO APPLIED,,6289.0,Negative
2024-10-16,CREDIT,8.86,USD,79.8327,-2232027.34,Zomato,Electronics,Mobile,USA,Chennai,TRUE,,,134390.36718,Negative
2025-03-18,DEBIT,11.62,AED,19.412,-1774550.83,Flipkart,Clothing,Men,Australia,Noida,TRUE,REPEAT PURCHASE,2019.0,42857.813599999994,Negative
2024-12-09,DEBIT,33.37,USD,81.2252,-2249617.21,LocalMart,Automotive,Fuel,USA,Noida,TRUE,SUSPECTED FRAUD,2022.0,514992.13555999997,Negative
2025-08-11,DEBIT,33.37,INR,1.0,-2934392.1,BigBasket,Dining,Cafe,UK,Hyderabad,TRUE,CASHBACK CREDITED,,6340.299999999999,Negative
2025-07-25,DEBIT,37.25,GBP,108.6162,-1168978.53,ElectroWorld,Travel,Hotel,Canada,Delhi,TRUE,CHARGEBACK REQUESTED,,768731.1555000001,Negative
2025-01-03,CREDIT,91.63,USD,76.7564,-1561139.11,Paytm Mall,Health,Pharmacy,UAE,Kolkata,TRUE,CHARGEBACK REQUESTED,2016.0,1336305.89708,Negative
2025-03-29,CREDIT,33.37,INR,1.0,-974893.93,Walmart,Education,Course,India,Delhi,TRUE,SUSPECTED FRAUD,,6340.299999999999,Negative
2024-10-01,DEBIT,62.91,AED,20.3473,-1626804.34,BigBasket,Automotive,Repair,UK,Noida,TRUE,SUSPECTED FRAUD,,243209.24216999998,Negative
2024-12-23,DEBIT,6.54,USD ,82.2698,-445326.05,LocalMart,Travel,Flight,India,Jaipur,TRUE,CASHBACK CREDITED,2015.0,102228.45348,Negative
2024-06-13,CREDIT,303.7,GBP,100.131,-528500.06,Paytm Mall,Clothing,Men,India,Gurugram,TRUE,,,5777859.093,Negative
2023-12-02,REFUND,250.78,USD,77.8279,-260212.55,Paytm Mall,Automotive,Fuel,India,Mumbai,TRUE,PROMO APPLIED,2018.0,3708359.34478,Negative
2024-02-23,DEBIT,15.96,GBP,105.8718,-2582061.78,Reliance,Health,Clinic,USA,Delhi,TRUE,"CASHBACK CREDITED -- VERIFY
CONTACT SUPPORT",2023.0,321045.64632,Negative
2025-03-07,DEBIT,15.15,GBP,95.1807,-541356.34,Walmart,Groceries,Specialty,India,Kolkata,TRUE,REPEAT PURCHASE,2017.0,273977.64495,Negative
2024-07-28,REFUND,11.24,USD,74.5119,-1200294.34,ShopEasy,Dining,FastFood,India,Noida,TRUE,REPEAT PURCHASE,,159127.61364,Negative
2023-10-27,REFUND,15.96,INR,1.0,-2495396.47,AutoZone,Education,Course,India,Jaipur,TRUE,MANUAL ADJUSTMENT,,3032.4,Negative
2024-02-07,CREDIT,349.01,GBP,104.7129,-1604206.37,Starbucks,Utilities,Water,UAE,Kolkata,TRUE,MANUAL ADJUSTMENT,2022.0,6943711.35351,Negative
2024-09-13,CREDIT,9.55,GBP,103.7597,-2901304.01,Zomato,Groceries,Supermarket,Australia,Gurugram,TRUE,CASHBACK CREDITED,,188271.97565,Negative
2023-12-25,CREDIT,33.37,INR,1.0,-1935876.44,Reliance,Electronics,Laptop,UAE,Noida,TRUE,CHARGEBACK REQUESTED,2020.0,6340.299999999999,Negative
2025-06-29,CREDIT,8.84,AED,20.7142,-1272761.23,ShopEasy,Automotive,Fuel,Australia,Kolkata,TRUE,CASHBACK CREDITED,2017.0,34791.57032,Negative
2023-12-23,CREDIT,22.88,AED,18.8149,-1198058.1,LocalMart,Automotive,Repair,USA,Hyderabad,TRUE,PROMO APPLIED,,81792.13328,Negative
2024-10-16,CREDIT,98.74,INR,1.0,-2772721.4,BigBasket,Automotive,Repair,USA,Gurugram,TRUE,,,18760.6,Negative
2023-11-16,DEBIT,17.62,GBP,104.4133,-1823985.61,Swiggy,Dining,FastFood,Canada,Chennai,TRUE,REPEAT PURCHASE,2018.0,349554.84574,Negative
2024-11-10,DEBIT,14.22,USD,76.8483,-1641954.78,Flipkart,Travel,Hotel,Australia,Gurugram,TRUE,CASHBACK CREDITED,,207628.73693999997,Negative
2024-12-22,CREDIT,79.12,GBP,96.9294,-281054.41,Paytm Mall,Dining,Cafe,UAE,Gurugram,TRUE,,,1457120.28432,Negative
2025-06-10,DEBIT,33.37,GBP,101.7236,-1126516.94,Swiggy,Groceries,Specialty,Australia,Noida,TRUE,CHARGEBACK REQUESTED,2023.0,644958.14108,Negative
2024-06-16,DEBIT,18.99,GBP,98.9682,9589.52,Walmart,Automotive,Fuel,Canada,Pune,TRUE,CHARGEBACK REQUESTED,2019.0,357087.16241999995,Positive
2025-01-08,CREDIT,47.05,INR,1.0,-1850071.08,Swiggy,Travel,Hotel,India,Gurugram,TRUE,CHARGEBACK REQUESTED,2016.0,8939.5,Negative
2024-07-23,CREDIT,33.37,USD,77.1463,-1229835.31,Zomato,Groceries,Specialty,Canada,Jaipur,TRUE,PROMO APPLIED,,489130.68588999996,Negative
2025-07-07,DEBIT,9.15,USD,75.4651,-1200017.77,Starbucks,Entertainment,Concert,UK,Gurugram,TRUE,PROMO APPLIED,,131196.07635000002,Negative
2024-04-25,CREDIT,4.95,INR,1.0,-539945.62,AutoZone,Health,Pharmacy,Australia,Noida,TRUE,REPEAT PURCHASE,,940.5,Negative
2024-04-30,REFUND,14.72,USD,81.4095,-1271017.65,ElectroWorld,Clothing,Women,India,Noida,TRUE,MONTHLY SUBSCRIPTION,,227686.08959999998,Negative
2023-11-10,REFUND,5.5,INR,1.0,-2772862.22,AutoZone,Dining,FastFood,UAE,Mumbai,TRUE,REPEAT PURCHASE,2020.0,1045.0,Negative
2024-09-18,DEBIT,69.84,AED,19.4958,-446753.61,LocalMart,Automotive,Repair,Australia,Gurugram,TRUE,PROMO APPLIED,,258701.46767999997,Negative
2024-01-18,CREDIT,76.74,USD,79.4961,-445879.82,Amazon,Electronics,Accessory,USA,Pune,TRUE,MONTHLY SUBSCRIPTION,,1159100.8356599999,Negative
2024-07-25,DEBIT,24.58,USD,76.2141,-1675525.66,Paytm Mall,Health,Pharmacy,Australia,Pune,TRUE,CHARGEBACK REQUESTED,2016.0,355935.08982,Negative
2025-07-02,CREDIT,5.07,INR,1.0,-1009066.08,Amazon,Dining,Restaurant,UAE,Pune,TRUE,MONTHLY SUBSCRIPTION,2018.0,963.3000000000001,Negative
2024-11-06,REFUND,9.72,AED,21.6528,-530000.52,Starbucks,Utilities,Electricity,Australia,Delhi,TRUE,MONTHLY SUBSCRIPTION,,39988.39104,Negative
2025-04-17,DEBIT,21.54,AED,19.2916,-1641954.78,Myntra,Travel,Flight,USA,Chennai,TRUE,MANUAL ADJUSTMENT,,78952.80215999999,Negative
2024-06-29,DEBIT,51.64,INR,1.0,-1641954.78,Zomato,Dining,FastFood,USA,Mumbai,TRUE,CASHBACK CREDITED,2024.0,9811.6,Negative
2025-02-05,CREDIT,22.66,GBP,106.9224,-1199493.43,Myntra,Utilities,Internet,UK,Pune,TRUE,PROMO APPLIED,2016.0,460343.70095999993,Negative
2025-04-18,DEBIT,34.56,INR,1.0,-2467911.44,Reliance,Electronics,Laptop,India,Delhi,TRUE,,,6566.400000000001,Negative
2024-01-04,CREDIT,3.31,INR,1.0,-145342.62,BigBasket,Health,Pharmacy,USA,Hyderabad,TRUE,REPEAT PURCHASE,2020.0,628.9,Negative
2024-02-20,CREDIT,31.13,INR,1.0,-2593178.64,Paytm Mall,Travel,Flight,India,Delhi,TRUE,PROMO APPLIED,,5914.7,Negative
2025-07-24,DEBIT,85.93,USD,76.2506,-2679361.38,Myntra,Education,Books,UAE,Mumbai,TRUE,MONTHLY SUBSCRIPTION,2020.0,1244920.6710200002,Negative
2023-10-30,DEBIT,44.68,INR,1.0,-1641954.78,Starbucks,Clothing,Men,USA,Delhi,TRUE,PROMO APPLIED,,8489.2,Negative
2024-05-19,CREDIT,33.37,GBP,96.6059,-1641954.78,Paytm Mall,Dining,FastFood,UAE,Pune,TRUE,PROMO APPLIED,,612510.38777,Negative
2024-09-03,DEBIT,32.8,USD,81.1473,-1641954.78,Myntra,Clothing,Women,Australia,Gurugram,TRUE,PROMO APPLIED,2021.0,505709.9735999999,Negative
2025-03-30,DEBIT,37.58,GBP,91.2809,-565184.26,Flipkart,Travel,Hotel,UAE,Jaipur,TRUE,,2020.0,651763.88218,Negative
2025-06-23,CREDIT,26.16,AED,19.1277,-1641954.78,Paytm Mall,Education,Course,Canada,Bengaluru,TRUE,MONTHLY SUBSCRIPTION,,95072.32008,Negative
2024-12-23,CREDIT,52.45,AED,21.4118,-2625979.87,Swiggy,Automotive,Repair,USA,Jaipur,TRUE,REPEAT PURCHASE,,213379.2929,Negative
2023-10-30,REFUND,19.59,USD,78.6716,-985905.45,Amazon,Groceries,Specialty,UK,Gurugram,TRUE,REPEAT PURCHASE,,292823.56236,Negative
2024-01-24,DEBIT,111.63,AED,19.0448,-1937285.93,ElectroWorld,Education,Books,USA,Bengaluru,TRUE,CASHBACK CREDITED,2022.0,403934.49455999996,Negative
2023-10-25,DEBIT,11.85,GBP,99.1526,-2118366.91,LocalMart,Groceries,Supermarket,USA,Mumbai,TRUE,MONTHLY SUBSCRIPTION,,223242.0789,Negative
2024-11-23,CREDIT,5.03,USD,81.1085,-1163199.12,Starbucks,Utilities,Electricity,USA,Bengaluru,TRUE,,,77515.39345,Negative
2025-05-07,DEBIT,45.03,GBP,98.3132,-2773664.54,ElectroWorld,Dining,Restaurant,Australia,Pune,TRUE,SUSPECTED FRAUD,2016.0,841138.24524,Negative
2025-05-26,DEBIT,22.12,INR,1.0,-1641954.78,AutoZone,Travel,Flight,Australia,Chennai,TRUE,CASHBACK CREDITED,,4202.8,Negative
2025-06-06,DEBIT,45.64,USD,74.7742,-965006.4,Flipkart,Health,Pharmacy,UAE,Delhi,TRUE,REPEAT PURCHASE,,648411.95272,Negative
2023-10-15,DEBIT,36.83,USD,79.9151,-1641954.78,Paytm Mall,Travel,Hotel,USA,Jaipur,TRUE,MONTHLY SUBSCRIPTION,,559221.89527,Negative
2023-12-28,DEBIT,64.7,INR,1.0,-1605078.42,AutoZone,Utilities,Electricity,USA,Pune,TRUE,SUSPECTED FRAUD,2020.0,12293.0,Negative
2024-08-13,REFUND,59.83,INR,1.0,-2934424.61,BigBasket,Travel,Hotel,Canada,Gurugram,TRUE,CASHBACK CREDITED,,11367.699999999999,Negative
2024-07-22,DEBIT,33.37,USD,78.8361,-144486.93,Amazon,Automotive,Fuel,UAE,Jaipur,TRUE,SUSPECTED FRAUD,,499844.52482999995,Negative
2024-12-28,CREDIT,33.37,GBP,99.2428,-1641954.78,ShopEasy,Entertainment,Movies,USA,Gurugram,TRUE,PROMO APPLIED,2018.0,629229.12484,Negative
2025-08-10,DEBIT,54.86,INR,1.0,-1641954.78,Paytm Mall,Clothing,Men,USA,Mumbai,TRUE,REPEAT PURCHASE,,10423.4,Negative
2024-04-29,DEBIT,1.0,AED,21.531,-2466854.91,ElectroWorld,Dining,Restaurant,UK,Delhi,TRUE,,,4090.89,Negative
2025-03-31,CREDIT,7.91,GBP,95.4493,-1150514.79,Flipkart,Education,Books,USA,Mumbai,TRUE,MONTHLY SUBSCRIPTION,2024.0,143450.75297,Negative
2024-06-03,DEBIT,33.37,USD,80.945,-1604361.55,Zomato,Utilities,Electricity,UK,Pune,TRUE,REPEAT PURCHASE,,513215.5834999999,Negative
2023-10-03,DEBIT,45.74,AED,20.3078,-1169035.71,Swiggy,Dining,FastFood,Australia,Mumbai,TRUE,MONTHLY SUBSCRIPTION,,176486.96668,Negative
2023-09-29,DEBIT,144.49,INR,1.0,-595242.35,Flipkart,Education,Books,UAE,Mumbai,TRUE,CASHBACK CREDITED,2015.0,27453.100000000002,Negative
2025-05-03,DEBIT,16.88,INR,1.0,-2452487.78,Walmart,Clothing,Women,Canada,Gurugram,TRUE,CASHBACK CREDITED,2025.0,3207.2,Negative
2025-04-27,REFUND,142.99,USD,76.696,-1641954.78,Flipkart,Travel,Flight,Australia,Hyderabad,TRUE,CHARGEBACK REQUESTED,,2083684.5976000002,Negative
2024-10-08,CREDIT,25.33,USD,80.9115,-160874.26,Paytm Mall,Health,Pharmacy,USA,Kolkata,TRUE,CASHBACK CREDITED,2022.0,389402.77605000004,Negative
2025-03-14,CREDIT,1329.07,GBP,100.0194,-1641954.78,ElectroWorld,Clothing,Men,Canada,Chennai,TRUE,PROMO APPLIED,,25257228.952019997,Negative
2025-07-25,DEBIT,19.4,USD,73.0425,-480743.82,AutoZone,Travel,Flight,UK,Pune,TRUE,REPEAT PURCHASE,2022.0,269234.65499999997,Negative
2024-05-27,DEBIT,49.9,AED,19.5482,-189482.47,Flipkart,Travel,Hotel,UK,Mumbai,TRUE,MONTHLY SUBSCRIPTION,,185336.4842,Negative
2024-10-17,DEBIT,33.37,INR,1.0,-1126428.6,Flipkart,Clothing,Women,Canada,Jaipur,TRUE," -- VERIFY
CONTACT SUPPORT",2019.0,6340.299999999999,Negative
2024-12-01,CREDIT,33.37,INR,1.0,-176120.11,Flipkart,Groceries,Supermarket,Canada,Noida,TRUE,SUSPECTED FRAUD,,6340.299999999999,Negative
2024-02-21,DEBIT,11.6,INR,1.0,-2579590.62,Walmart,Travel,Taxi,UAE,Bengaluru,TRUE,,,2204.0,Negative
2025-03-27,DEBIT,33.37,USD,74.6984,-2866477.11,ShopEasy,Travel,Hotel,UK,Jaipur,TRUE,,2020.0,473610.26552,Negative
2023-11-20,CREDIT,26.16,AED,19.4533,-1617336.11,Swiggy,Dining,Cafe,UAE,Pune,TRUE,MANUAL ADJUSTMENT,,96690.68231999999,Negative
2025-08-07,CREDIT,48.66,AED,18.0563,-1985141.3,Swiggy,Clothing,Men,USA,Jaipur,TRUE,,,166937.71602,Negative
2024-05-15,DEBIT,17.52,USD,79.0511,-259273.98,Swiggy,Clothing,Men,UK,Mumbai,TRUE,PROMO APPLIED,,263145.30168000003,Negative
2023-09-21,CREDIT,207.3,GBP,100.5929,-975744.78,ShopEasy,Utilities,Internet,UK,Jaipur,TRUE,MANUAL ADJUSTMENT,,3962052.5523000006,Negative
2024-04-17,DEBIT,34.97,USD,78.4965,-2237814.29,Swiggy,Entertainment,Movies,India,Gurugram,TRUE,MONTHLY SUBSCRIPTION,,521554.29494999995,Negative
2024-04-17,CREDIT,11.79,AED,18.8789,-276402.15,Zomato,Entertainment,Streaming,UAE,Delhi,TRUE,,,42290.62389,Negative
2023-12-11,CREDIT,42.26,USD,76.0735,-2308150.28,ShopEasy,Entertainment,Streaming,UK,Chennai,TRUE,SUSPECTED FRAUD,,610824.5608999999,Negative
2023-11-30,DEBIT,44.36,INR,1.0,-176057.46,Walmart,Groceries,Specialty,USA,Kolkata,TRUE,CASHBACK CREDITED,2024.0,8428.4,Negative
2024-08-30,DEBIT,387.52,GBP,96.8957,-1931785.18,ElectroWorld,Health,Pharmacy,UAE,Gurugram,TRUE,CHARGEBACK REQUESTED,,7134314.11616,Negative
2024-05-21,REFUND,48.72,GBP,109.1184,-965030.76,BigBasket,Dining,Restaurant,USA,Bengaluru,TRUE,CASHBACK CREDITED,,1010087.2051199998,Negative
2023-10-24,CREDIT,30.9,GBP,93.4152,-555666.09,Reliance,Electronics,Accessory,UK,Jaipur,TRUE,MANUAL ADJUSTMENT,2019.0,548440.6392,Negative
2024-04-22,CREDIT,119.6,INR,1.0,-1197976.8,Paytm Mall,Education,Books,India,Mumbai,TRUE,REPEAT PURCHASE,2016.0,22724.0,Negative
2024-06-02,CREDIT,150.07,GBP ,107.8559,-1931427.08,Zomato,Automotive,Fuel,USA,Gurugram,TRUE,MANUAL ADJUSTMENT,2015.0,3075327.6334700002,Negative
2025-07-05,REFUND,131.39,AED,19.5644,-1025077.23,Myntra,Electronics,Laptop,Australia,Bengaluru,TRUE,SUSPECTED FRAUD,,488407.6380399999,Negative
2024-03-21,CREDIT,17.05,GBP,108.9418,-2868854.85,AutoZone,Entertainment,Streaming,India,Pune,TRUE,,2021.0,352916.9611,Negative
2024-04-21,CREDIT,3.79,INR,1.0,-1641954.78,Paytm Mall,Travel,Hotel,UK,Jaipur,TRUE,CHARGEBACK REQUESTED,,720.1,Negative
2024-09-27,DEBIT,32.57,INR,1.0,-1499740.62,Walmart,Entertainment,Concert,UK,Mumbai,TRUE,CASHBACK CREDITED,,6188.3,Negative
2024-02-08,CREDIT,12.17,GBP,102.554,-2922345.52,ShopEasy,Electronics,Laptop,USA,Gurugram,TRUE,"MONTHLY SUBSCRIPTION -- VERIFY
CONTACT SUPPORT",,237135.6142,Negative
2024-05-06,REFUND,61.33,AED,19.6738,-1641954.78,BigBasket,Travel,Flight,India,Jaipur,TRUE,CASHBACK CREDITED,,229252.88925999997,Negative
2024-04-03,CREDIT,33.37,AED,18.7936,-1807022.68,BigBasket,Entertainment,Movies,UK,Bengaluru,TRUE,MONTHLY SUBSCRIPTION,,119157.06208,Negative
2025-05-06,DEBIT,156.1,USD ,72.0906,-1641954.78,Walmart,Automotive,Fuel,UAE,Gurugram,TRUE,MONTHLY SUBSCRIPTION,,2138135.1054,Negative
2025-08-02,CREDIT,33.37,INR,1.0,-1168324.75,ShopEasy,Health,Clinic,USA,Pune,TRUE,MONTHLY SUBSCRIPTION,,6340.299999999999,Negative
2024-08-04,DEBIT,30.64,USD,82.7634,-1641954.78,Zomato,Electronics,Accessory,Australia,Hyderabad,TRUE,SUSPECTED FRAUD,,481815.4094400001,Negative
2024-04-19,DEBIT,30.93,AED,19.9793,-441313.98,ShopEasy,Groceries,Specialty,USA,Delhi,TRUE,CHARGEBACK REQUESTED,2020.0,117412.35231,Negative
2023-09-22,DEBIT,33.37,AED ,21.8063,-2868241.24,BigBasket,Travel,Taxi,UK,Jaipur,TRUE,MANUAL ADJUSTMENT,2024.0,138258.48388999997,Negative
2023-09-12,CREDIT,400.25,AED,20.1936,-554337.7,Amazon,Entertainment,Streaming,Australia,Hyderabad,TRUE,CHARGEBACK REQUESTED,2025.0,1535672.796,Negative
2025-03-31,DEBIT,25.47,AED,19.3235,-1850594.43,Reliance,Dining,Restaurant,UAE,Mumbai,TRUE,MONTHLY SUBSCRIPTION,,93512.21355,Negative
2024-09-10,REFUND,88.62,USD,72.0619,-1641954.78,Reliance,Groceries,Specialty,USA,Delhi,TRUE,MANUAL ADJUSTMENT,2015.0,1213363.8598200001,Negative
2024-08-09,DEBIT,107.14,INR,1.0,-1712925.45,Paytm Mall,Entertainment,Concert,Australia,Kolkata,TRUE,PROMO APPLIED,2022.0,20356.6,Negative
2023-12-28,DEBIT,59.45,AED ,20.7173,-1641954.78,BigBasket,Electronics,Accessory,UK,Kolkata,TRUE,"CASHBACK CREDITED -- VERIFY
CONTACT SUPPORT",,234012.26215000002,Negative
2024-09-06,DEBIT,3.5,USD,81.9688,-2933482.94,Walmart,Groceries,Specialty,UAE,Kolkata,TRUE,MANUAL ADJUSTMENT,,54509.252,Negative
2024-10-14,DEBIT,6.12,AED,18.001,-1641954.78,Amazon,Clothing,Women,Australia,Gurugram,TRUE,SUSPECTED FRAUD,2026.0,20931.5628,Negative
2024-06-13,CREDIT,77.72,USD,81.7267,-436832.84,Reliance,Education,Books,Canada,Pune,TRUE,CHARGEBACK REQUESTED,2017.0,1206841.83356,Negative
2024-09-15,DEBIT,7.18,AED,20.6185,-1641954.78,LocalMart,Groceries,Supermarket,UK,Pune,TRUE,SUSPECTED FRAUD,,28127.7577,Negative
2025-03-13,CREDIT,40.19,USD,79.7896,-1641954.78,Zomato,Clothing,Men,Canada,Gurugram,TRUE,MONTHLY SUBSCRIPTION,,609281.3645599999,Negative
2024-04-28,DEBIT,41.42,USD,79.3599,-2121642.09,ShopEasy,Dining,FastFood,India,Noida,TRUE,MONTHLY SUBSCRIPTION,,624546.54102,Negative
2024-03-31,CREDIT,33.37,GBP,96.4332,-1642368.17,BigBasket,Utilities,Internet,India,Kolkata,TRUE,SUSPECTED FRAUD,2022.0,611415.41796,Negative
2024-12-17,CREDIT,115.59,INR,1.0,-1675906.23,ShopEasy,Health,Clinic,Australia,Mumbai,TRUE,REPEAT PURCHASE,,21962.100000000002,Negative
2024-05-18,DEBIT,33.37,INR,1.0,-1001056.58,Myntra,Education,Books,UAE,Chennai,TRUE,MONTHLY SUBSCRIPTION,,6340.299999999999,Negative
2024-03-12,DEBIT,33.37,GBP,90.9855,-1641954.78,ElectroWorld,Clothing,Women,USA,Jaipur,TRUE,,,576875.3656499999,Negative
2025-06-01,CREDIT,120.1,INR,1.0,-529842.48,Myntra,Automotive,Fuel,UAE,Delhi,TRUE,CASHBACK CREDITED,,22819.0,Negative
2024-06-07,REFUND,33.37,GBP,106.9536,-2465116.14,Starbucks,Groceries,Supermarket,Australia,Chennai,TRUE,MANUAL ADJUSTMENT,2022.0,678117.91008,Negative
2024-03-05,DEBIT,99.78,INRR,1.0,-1641954.78,Swiggy,Groceries,Specialty,USA,Bengaluru,TRUE,MONTHLY SUBSCRIPTION,,18958.2,Negative
2025-04-19,CREDIT,33.37,INR,1.0,-2680692.71,BigBasket,Electronics,Mobile,USA,Gurugram,TRUE,MANUAL ADJUSTMENT,,6340.299999999999,Negative
2024-04-20,CREDIT,61.56,INR,1.0,-2902267.69,Paytm Mall,Travel,Hotel,Canada,Mumbai,TRUE,REPEAT PURCHASE,,11696.4,Negative
2025-01-01,DEBIT,7.82,USD,74.3621,-1617494.1,Amazon,Electronics,Accessory,USA,Chennai,TRUE,CASHBACK CREDITED,,110487.20818,Negative
2025-08-12,REFUND,15.41,AED,19.2667,-481695.5,ElectroWorld,Groceries,Supermarket,India,Hyderabad,TRUE,PROMO APPLIED,2023.0,56410.97093,Negative
2024-12-28,REFUND,33.37,INR,1.0,-1008888.51,Walmart,Automotive,Repair,Australia,Noida,TRUE,REPEAT PURCHASE,2016.0,6340.299999999999,Negative
2024-05-24,DEBIT,33.37,INRR,1.0,-2579834.66,Amazon,Clothing,Women,UK,Kolkata,TRUE,CHARGEBACK REQUESTED,,6340.299999999999,Negative
2023-11-04,CREDIT,33.37,USD,74.805,-1652316.09,Zomato,Entertainment,Concert,India,Noida,TRUE,CASHBACK CREDITED,,474286.1415,Negative
2025-05-24,DEBIT,14.58,GBP,109.0603,-2677872.21,Walmart,Utilities,Electricity,USA,Jaipur,TRUE,,,302118.84306,Negative
2024-07-12,CREDIT,36.43,INR,1.0,-1641954.78,BigBasket,Health,Pharmacy,India,Chennai,TRUE,SUSPECTED FRAUD,,6921.7,Negative
2025-07-05,DEBIT,455.28,AED,21.4935,-1641954.78,Flipkart,Education,Books,Australia,Bengaluru,TRUE,PROMO APPLIED,2024.0,1859256.5292,Negative
2024-09-22,DEBIT,4.07,USD,78.7046,-2773621.16,ShopEasy,Entertainment,Movies,UAE,Mumbai,TRUE,,,60862.267179999995,Negative
2023-11-09,REFUND,50.04,INR,1.0,-2463659.8,Starbucks,Clothing,Women,USA,Jaipur,TRUE,,,9507.6,Negative
2023-10-11,CREDIT,37.66,INR,1.0,-2775724.89,Paytm Mall,Dining,Restaurant,USA,Pune,TRUE,,2015.0,7155.4,Negative
2024-01-30,CREDIT,3.83,USD,76.5727,-2913953.44,Walmart,Education,Course,India,Jaipur,TRUE,CHARGEBACK REQUESTED,,55721.95379,Negative
2025-06-27,CREDIT,73.08,AED,21.5048,-2825156.11,Myntra,Education,Books,Canada,Mumbai,TRUE,,,298598.44896,Negative
2023-10-03,DEBIT,64.32,AED,20.332,-1561022.92,Reliance,Automotive,Repair,Canada,Bengaluru,TRUE,SUSPECTED FRAUD,,248473.3056,Negative
2025-09-06,CREDIT,36.53,AED,20.8504,-964907.3,Swiggy,Travel,Flight,UK,Jaipur,TRUE,MANUAL ADJUSTMENT,,144716.37128,Negative
2025-04-01,REFUND,67.11,GBP,100.8006,-1221696.02,Paytm Mall,Groceries,Supermarket,India,Mumbai,TRUE,MANUAL ADJUSTMENT,,1285298.37054,Negative
2024-05-23,CREDIT,3.97,USD,75.5805,-1000568.28,BigBasket,Entertainment,Streaming,USA,Kolkata,TRUE,CHARGEBACK REQUESTED,2021.0,57010.371150000006,Negative
2023-12-09,DEBIT,33.37,GBP,98.8431,-1936053.01,AutoZone,Clothing,Men,USA,Chennai,TRUE,PROMO APPLIED,,626694.90693,Negative
2024-07-17,DEBIT,33.37,USD,78.0173,-2913982.78,ElectroWorld,Entertainment,Movies,Australia,Mumbai,TRUE,MANUAL ADJUSTMENT,,494653.08719,Negative
2024-07-15,DEBIT,215.68,USD,72.7685,-1641954.78,Reliance,Automotive,Repair,Canada,Kolkata,TRUE,,,2981994.9152,Negative
2024-04-14,DEBIT,117.78,GBP,97.4399,-1936870.91,ElectroWorld,Clothing,Men,India,Pune,TRUE,SUSPECTED FRAUD,,2180529.57018,Negative
2025-03-18,DEBIT,33.37,USD,79.5207,-1603929.23,Starbucks,Clothing,Men,USA,Chennai,TRUE,,,504185.09421,Negative
2023-11-26,DEBIT,11.76,INR,1.0,-1284258.36,ShopEasy,Travel,Taxi,USA,Gurugram,TRUE,MONTHLY SUBSCRIPTION,,2234.4,Negative
2025-02-20,REFUND,90.04,GBP,90.0604,-595142.65,Myntra,Travel,Flight,USA,Pune,TRUE,CASHBACK CREDITED,,1540717.29904,Negative
2024-09-12,DEBIT,19.62,USD,81.5971,-1162837.32,Flipkart,Education,Books,Canada,Delhi,TRUE,PROMO APPLIED,,304177.66938000004,Negative
2024-05-27,CREDIT,33.37,INR,1.0,-278122.07,Flipkart,Clothing,Women,India,Hyderabad,TRUE,REPEAT PURCHASE,2018.0,6340.299999999999,Negative
2024-02-18,DEBIT,4.09,INR,1.0,-1641954.78,Swiggy,Utilities,Electricity,UAE,Chennai,TRUE,SUSPECTED FRAUD,2025.0,777.1,Negative
2025-01-10,DEBIT,17.42,INR,1.0,-1639862.41,ElectroWorld,Health,Pharmacy,UAE,Gurugram,TRUE,MONTHLY SUBSCRIPTION,,3309.8,Negative
2025-04-18,DEBIT,33.37,AED,18.1403,-1641954.78,Starbucks,Clothing,Women,USA,Jaipur,TRUE,MANUAL ADJUSTMENT,,115014.94408999998,Negative
2024-08-15,CREDIT,233.77,INR,1.0,-1641954.78,Paytm Mall,Utilities,Electricity,Australia,Gurugram,TRUE,PROMO APPLIED,2018.0,44416.3,Negative
2024-06-18,DEBIT,23.92,USD,77.7083,-1001068.54,Walmart,Groceries,Supermarket,UK,Noida,TRUE,REPEAT PURCHASE,,353168.68184,Negative
2024-09-11,CREDIT,33.37,INR,1.0,-2254257.28,Myntra,Groceries,Supermarket,Canada,Bengaluru,TRUE," -- VERIFY
CONTACT SUPPORT",2021.0,6340.299999999999,Negative
2024-12-16,DEBIT,35.55,USD,72.1634,-1641954.78,Walmart,Entertainment,Concert,Canada,Noida,TRUE,REPEAT PURCHASE,,487427.68529999995,Negative
2025-08-19,DEBIT,33.37,AED,20.4774,-1935260.93,Paytm Mall,Electronics,Mobile,USA,Delhi,TRUE,SUSPECTED FRAUD,,129832.85922,Negative
2025-07-16,DEBIT,40.99,USD,74.7748,-446845.86,Starbucks,Electronics,Accessory,Canada,Jaipur,TRUE,"SUSPECTED FRAUD -- VERIFY
CONTACT SUPPORT",,582353.61988,Negative
2025-04-11,CREDIT,331.77,INR,1.0,-1985664.29,ShopEasy,Electronics,Mobile,India,Kolkata,TRUE,CASHBACK CREDITED,,63036.299999999996,Negative
2024-02-07,CREDIT,13.01,INR,1.0,-2235047.79,BigBasket,Entertainment,Movies,UAE,Delhi,TRUE,MONTHLY SUBSCRIPTION,,2471.9,Negative
2025-06-26,DEBIT,33.37,AED,18.297,-1641954.78,Paytm Mall,Education,Course,UAE,Pune,TRUE,,,116008.46909999999,Negative
2023-11-02,DEBIT,64.5,GBP,109.5203,-1641954.78,Walmart,Electronics,Mobile,UAE,Chennai,TRUE,PROMO APPLIED,,1342171.2765000002,Negative
2024-11-11,REFUND,64.26,AED,20.5628,-593352.65,LocalMart,Education,Course,UAE,Delhi,TRUE,PROMO APPLIED,,251059.45032,Negative
2024-01-27,CREDIT,33.37,INR,1.0,-1937228.84,Walmart,Education,Course,UK,Gurugram,TRUE,,2017.0,6340.299999999999,Negative
2024-04-16,CREDIT,1.92,USD,80.4067,-1641954.78,LocalMart,Utilities,Water,Australia,Gurugram,TRUE," -- VERIFY
CONTACT SUPPORT",2023.0,29332.36416,Negative
2024-10-18,REFUND,8.72,USD,75.662,-1984411.25,Walmart,Utilities,Electricity,Australia,Gurugram,TRUE,,2018.0,125356.80160000002,Negative
2025-07-03,DEBIT,61.52,INRR,1.0,-1641954.78,Paytm Mall,Automotive,Fuel,UK,Bengaluru,TRUE,CASHBACK CREDITED,,11688.800000000001,Negative
2025-07-26,CREDIT,59.8,USD,74.2801,-481349.17,Starbucks,Utilities,Water,Australia,Bengaluru,TRUE,PROMO APPLIED,2018.0,843970.4962,Negative
2024-06-15,CREDIT,94.02,INR,1.0,-1641954.78,Starbucks,Dining,FastFood,Canada,Hyderabad,TRUE,CHARGEBACK REQUESTED,,17863.8,Negative
2025-05-31,DEBIT,33.37,INR,1.0,-1626956.99,Swiggy,Health,Clinic,UAE,Mumbai,TRUE,,,6340.299999999999,Negative
2024-01-20,DEBIT,30.98,INR,1.0,-280637.57,Walmart,Travel,Hotel,India,Jaipur,TRUE,CHARGEBACK REQUESTED,2019.0,5886.2,Negative
2025-02-18,CREDIT,33.37,USD,72.8027,-2085677.92,Swiggy,Education,Course,India,Mumbai,TRUE,,2025.0,461590.95881,Negative
2024-06-23,DEBIT,20.12,USD,73.097,-1641954.78,ElectroWorld,Groceries,Specialty,Australia,Bengaluru,TRUE,MONTHLY SUBSCRIPTION,2018.0,279435.2116,Negative
2024-09-11,CREDIT,45.11,USD,72.7959,-145325.82,Zomato,Entertainment,Streaming,UK,Hyderabad,TRUE,REPEAT PURCHASE,2022.0,623926.37931,Negative
2023-12-28,DEBIT,33.37,INR,1.0,-1713228.27,Paytm Mall,Automotive,Repair,Canada,Noida,TRUE,MONTHLY SUBSCRIPTION,,6340.299999999999,Negative
2024-08-17,REFUND,33.37,AED,20.8521,-2679286.71,Amazon,Travel,Taxi,USA,Pune,TRUE,SUSPECTED FRAUD,2017.0,132208.56962999998,Negative
2024-05-19,REFUND,1.11,INR,1.0,-1641954.78,LocalMart,Clothing,Men,UAE,Hyderabad,TRUE,PROMO APPLIED,,210.9,Negative
2025-04-19,DEBIT,564.9,INR,1.0,-1483463.11,Amazon,Automotive,Repair,USA,Gurugram,TRUE,CASHBACK CREDITED,,107331.0,Negative
2023-11-27,CREDIT,23.02,GBP,92.5436,-1143016.36,Walmart,Health,Clinic,UAE,Gurugram,TRUE,SUSPECTED FRAUD,,404767.1976799999,Negative
2024-05-12,CREDIT,58.87,AED,21.3245,-2678093.08,Flipkart,Automotive,Repair,India,Noida,TRUE,CHARGEBACK REQUESTED,,238520.92985000001,Negative
2025-06-13,REFUND,26.84,INR,1.0,-1641954.78,ElectroWorld,Clothing,Men,India,Delhi,TRUE,REPEAT PURCHASE,2021.0,5099.6,Negative
2023-09-21,DEBIT,20.0,AED,18.276,-480967.58,Reliance,Dining,Restaurant,UK,Chennai,TRUE,REPEAT PURCHASE,,69448.8,Negative
2025-06-17,DEBIT,50.19,AED,21.9421,-159512.43,Starbucks,Clothing,Women,UAE,Mumbai,TRUE,REPEAT PURCHASE,,209242.05981,Negative
2024-09-30,CREDIT,246.67,AED,21.841,-2669744.07,Starbucks,Health,Pharmacy,Australia,Jaipur,TRUE,PROMO APPLIED,,1023628.6993,Negative
2025-02-07,DEBIT,45.71,USD,77.9713,-975641.13,Reliance,Utilities,Electricity,USA,Gurugram,TRUE,CASHBACK CREDITED,2019.0,677172.94337,Negative
2024-04-27,DEBIT,19.34,INR,1.0,-2110563.14,Amazon,Utilities,Internet,Australia,Gurugram,TRUE,SUSPECTED FRAUD,2025.0,3674.6,Negative
2024-08-13,DEBIT,84.78,AED,21.7129,-2727785.73,Amazon,Automotive,Repair,UK,Gurugram,TRUE,CASHBACK CREDITED,,349755.73578000005,Negative
2025-05-11,DEBIT,33.37,USD,82.7368,-1199685.12,Amazon,Education,Course,Canada,Bengaluru,TRUE,PROMO APPLIED,,524576.13304,Negative
2024-04-13,CREDIT,41.96,INR,1.0,-1199474.21,Flipkart,Travel,Taxi,UK,Chennai,TRUE,,2021.0,7972.400000000001,Negative
2024-09-23,CREDIT,52.26,INR,1.0,-446823.06,Amazon,Automotive,Repair,UAE,Chennai,TRUE,MONTHLY SUBSCRIPTION,,9929.4,Negative
2024-06-18,DEBIT,33.37,USD,74.3105,-189753.47,LocalMart,Electronics,Accessory,India,Jaipur,TRUE,CASHBACK CREDITED,,471150.86315,Negative
2024-09-23,DEBIT,33.37,USD,79.6788,-1652609.66,Amazon,Electronics,Laptop,Canada,Mumbai,TRUE,REPEAT PURCHASE,2025.0,505187.49564,Negative
2025-08-13,REFUND,33.37,USD,73.0574,-159938.89,Swiggy,Travel,Flight,USA,Noida,TRUE,PROMO APPLIED,,463205.83322,Negative
2025-06-13,DEBIT,113.03,GBP,105.5922,-2868459.69,Reliance,Entertainment,Streaming,Canada,Pune,TRUE,REPEAT PURCHASE,,2267666.4095400004,Negative
2025-04-05,REFUND,14.1,USD,81.9192,-2825989.22,AutoZone,Dining,Restaurant,USA,Mumbai,TRUE,REPEAT PURCHASE,,219461.5368,Negative
2025-01-06,REFUND,28.34,AED,21.8273,-593973.44,Flipkart,Health,Pharmacy,Australia,Kolkata,TRUE,"CHARGEBACK REQUESTED -- VERIFY
CONTACT SUPPORT",2021.0,117531.27958,Negative
2025-07-05,DEBIT,33.37,USD,77.5632,-1130920.51,ElectroWorld,Entertainment,Concert,India,Noida,TRUE,MONTHLY SUBSCRIPTION,,491773.9569599999,Negative
2025-02-22,REFUND,61.8,AED,19.1547,-2238199.28,Paytm Mall,Clothing,Men,Canada,Delhi,TRUE,,,224914.48739999995,Negative
2023-10-04,DEBIT,30.1,USD,73.9093,-1076518.0,Reliance,Health,Pharmacy,Canada,Kolkata,TRUE,CASHBACK CREDITED,,422687.2867,Negative
2025-03-13,DEBIT,665.86,USD,74.197,-1641954.78,Zomato,Automotive,Repair,Australia,Bengaluru,TRUE,REPEAT PURCHASE,,9386914.7398,Negative
2023-12-17,CREDIT,4.81,INR,1.0,-155678.5,LocalMart,Entertainment,Movies,Canada,Delhi,TRUE,"SUSPECTED FRAUD -- VERIFY
CONTACT SUPPORT",2021.0,913.9,Negative
2023-11-02,REFUND,21.01,AED,19.1277,-595102.22,Myntra,Education,Course,UAE,Jaipur,TRUE,,2023.0,76355.86563000001,Negative
2024-02-08,DEBIT,79.05,USD,79.0815,-1197786.88,Reliance,Health,Pharmacy,USA,Noida,TRUE,"MANUAL ADJUSTMENT -- VERIFY
CONTACT SUPPORT",2020.0,1187764.58925,Negative
2025-03-10,CREDIT,4.76,AED,18.9427,-2230673.88,Starbucks,Dining,Cafe,USA,Delhi,TRUE,CASHBACK CREDITED,2025.0,17131.777879999998,Negative
2024-07-24,DEBIT,30.55,GBP,108.8583,-1435806.83,Paytm Mall,Entertainment,Movies,UAE,Noida,TRUE,CASHBACK CREDITED,2022.0,631868.0023500001,Negative
2024-06-18,CREDIT,14.9,INRR,1.0,-2514950.52,Amazon,Groceries,Supermarket,Australia,Bengaluru,TRUE,REPEAT PURCHASE,,2831.0,Negative
2024-11-03,DEBIT,33.37,INR,1.0,-2117867.11,LocalMart,Entertainment,Movies,UAE,Hyderabad,TRUE,MANUAL ADJUSTMENT,2021.0,6340.299999999999,Negative
2025-07-12,DEBIT,80.74,USD,78.7204,-1435979.92,Myntra,Health,Pharmacy,Canada,Chennai,TRUE,,,1207618.1682399998,Negative
2024-09-07,DEBIT,142.86,AED,18.6457,-1641954.78,Starbucks,Entertainment,Streaming,Australia,Bengaluru,TRUE,SUSPECTED FRAUD,2025.0,506107.69338000007,Negative
2025-08-10,DEBIT,26.64,GBP,99.6255,-1269682.36,LocalMart,Groceries,Specialty,UAE,Gurugram,TRUE,MONTHLY SUBSCRIPTION,,504264.43080000003,Negative
2024-04-10,REFUND,41.42,USD,79.7964,-182729.85,Amazon,Electronics,Accessory,UK,Pune,TRUE,MONTHLY SUBSCRIPTION,,627981.70872,Negative
2024-12-05,CREDIT,34.2,AED,21.4942,-540242.02,Myntra,Groceries,Specialty,Australia,Noida,TRUE,REPEAT PURCHASE,,139669.31160000002,Negative
2025-03-30,CREDIT,114.96,USD,75.2987,-2652780.05,Amazon,Utilities,Electricity,UK,Hyderabad,TRUE,CASHBACK CREDITED,,1644704.32488,Negative
2024-03-14,CREDIT,229.23,INR,1.0,-1129813.19,ShopEasy,Education,Books,UK,Chennai,TRUE,MANUAL ADJUSTMENT,,43553.7,Negative
2024-07-11,DEBIT,21.85,AED,21.3257,-2120734.28,Zomato,Dining,FastFood,UK,Mumbai,TRUE,PROMO APPLIED,2021.0,88533.64355000001,Negative
2024-05-28,DEBIT,16.64,INR,1.0,-1641954.78,BigBasket,Education,Course,India,Chennai,TRUE,SUSPECTED FRAUD,2024.0,3161.6,Negative
2025-07-15,DEBIT,15.34,INR,1.0,-2727824.6,ShopEasy,Travel,Flight,USA,Gurugram,TRUE,SUSPECTED FRAUD,,2914.6,Negative
2025-08-06,CREDIT,11.74,USD,80.5881,-1675771.56,Walmart,Education,Books,India,Hyderabad,TRUE,MONTHLY SUBSCRIPTION,,179759.81586,Negative
2024-05-09,CREDIT,46.67,INR,1.0,-489911.6,Walmart,Health,Pharmacy,Australia,Bengaluru,TRUE,,2015.0,8867.300000000001,Negative
2024-02-08,CREDIT,33.37,USD,79.3949,-1642480.37,LocalMart,Utilities,Internet,UAE,Pune,TRUE,REPEAT PURCHASE,2019.0,503387.48446999997,Negative
2024-10-26,REFUND,68.75,INR,1.0,-2774890.79,Paytm Mall,Education,Books,Australia,Mumbai,TRUE,REPEAT PURCHASE,2016.0,13062.5,Negative
2023-10-03,DEBIT,33.37,INR,1.0,-1641954.78,Amazon,Automotive,Fuel,India,Mumbai,TRUE,CASHBACK CREDITED,,6340.299999999999,Negative
2024-12-26,DEBIT,92.71,INR,1.0,-2773153.53,AutoZone,Education,Books,UAE,Jaipur,TRUE,MONTHLY SUBSCRIPTION,,17614.899999999998,Negative
2024-08-19,DEBIT,40.72,USD,75.4999,-2120843.33,Myntra,Groceries,Specialty,UK,Delhi,TRUE,,,584127.62632,Negative
2024-10-30,DEBIT,33.37,USD,73.5066,-1078320.02,Amazon,Utilities,Electricity,Canada,Delhi,TRUE,PROMO APPLIED,,466053.89598000003,Negative
2025-01-14,DEBIT,83.31,USD,81.054,-1641954.78,Flipkart,Electronics,Laptop,India,Bengaluru,TRUE,PROMO APPLIED,2019.0,1282995.6606,Negative
2024-11-29,DEBIT,33.37,AED,20.2089,-1269407.41,BigBasket,Clothing,Men,USA,Bengaluru,TRUE,SUSPECTED FRAUD,,128130.48867,Negative
2024-02-18,REFUND,8.42,INR,1.0,-1850272.09,AutoZone,Clothing,Men,Canada,Pune,TRUE,,2025.0,1599.8,Negative
2024-07-04,DEBIT,85.63,USD,79.6105,-175916.06,ElectroWorld,Utilities,Electricity,India,Gurugram,TRUE,,,1295238.9518499998,Negative
2024-04-08,DEBIT,2.88,INR,1.0,-2419593.25,LocalMart,Dining,Cafe,Australia,Mumbai,TRUE,REPEAT PURCHASE,2018.0,547.1999999999999,Negative
2024-12-11,DEBIT,33.37,USD,77.0372,-2650096.4,LocalMart,Entertainment,Streaming,Australia,Mumbai,TRUE,REPEAT PURCHASE,,488438.95915999997,Negative
2024-04-09,CREDIT,9.79,USD,80.8657,-1641954.78,AutoZone,Electronics,Accessory,Canada,Jaipur,TRUE,MONTHLY SUBSCRIPTION,,150418.28857,Negative
2023-12-27,DEBIT,19.02,GBP,99.6188,-447337.41,LocalMart,Dining,Cafe,India,Pune,TRUE,MONTHLY SUBSCRIPTION,,360002.41943999997,Negative
2024-10-17,REFUND,33.37,USD,80.0179,-2254578.2,Myntra,Education,Books,India,Bengaluru,TRUE,,2016.0,507337.49137,Negative
2025-07-14,DEBIT,33.37,AED,20.5856,-2237418.11,Swiggy,Automotive,Fuel,India,Hyderabad,TRUE,CASHBACK CREDITED,,130518.87968,Negative
2024-01-11,DEBIT,34.9,GBP,96.5995,-593990.89,ElectroWorld,Automotive,Fuel,UK,Jaipur,TRUE,REPEAT PURCHASE,,640551.2845,Negative
2024-02-07,CREDIT,63.56,AED,20.6161,-593539.5,LocalMart,Education,Course,UAE,Kolkata,TRUE,MONTHLY SUBSCRIPTION,,248968.27004,Negative
2024-08-20,DEBIT,24.88,GBP,96.143,-2903985.47,AutoZone,Health,Clinic,India,Noida,TRUE,,2022.0,454487.1896,Negative
2024-10-11,DEBIT,175.21,GBP,106.4945,-1627112.49,ShopEasy,Electronics,Mobile,India,Chennai,TRUE,CHARGEBACK REQUESTED,2020.0,3545191.2555500004,Negative
2023-12-08,REFUND,49.18,USD,80.171,-1639750.85,BigBasket,Education,Course,India,Chennai,TRUE,,2020.0,749133.8582000001,Negative
2023-10-20,DEBIT,18.54,AED,21.4678,-541967.17,ShopEasy,Groceries,Specialty,India,Gurugram,TRUE,MANUAL ADJUSTMENT,,75622.47228,Negative
2025-04-08,DEBIT,22.12,USD,78.0071,-2120737.69,Amazon,Automotive,Fuel,UK,Kolkata,TRUE,MANUAL ADJUSTMENT,,327848.23988,Negative
2024-02-25,DEBIT,52.51,GBP,94.0494,-2515093.79,Myntra,Health,Clinic,India,Bengaluru,TRUE,PROMO APPLIED,2024.0,938321.45886,Negative
2024-07-10,DEBIT,5.5,USD,82.0637,-1288589.85,Walmart,Automotive,Repair,India,Delhi,TRUE,PROMO APPLIED,,85756.5665,Negative
2025-08-13,CREDIT,149.33,INR,1.0,-2900714.31,AutoZone,Clothing,Men,USA,Pune,TRUE,SUSPECTED FRAUD,2023.0,28372.7,Negative
2024-10-10,DEBIT,32.24,USD,79.9663,-2230616.07,Zomato,Electronics,Accessory,UK,Noida,TRUE,,2020.0,489841.5672800001,Negative
2023-12-01,DEBIT,16.13,INR,1.0,-189835.41,ShopEasy,Education,Books,India,Chennai,TRUE,PROMO APPLIED,,3064.7,Negative
2025-08-21,DEBIT,18.43,AED,20.4764,-2208827.77,ElectroWorld,Groceries,Specialty,UAE,Hyderabad,TRUE,CHARGEBACK REQUESTED,2017.0,71702.20988000001,Negative
2024-02-25,REFUND,1.55,USD,80.8335,-973994.29,Swiggy,Automotive,Repair,Australia,Bengaluru,TRUE,MANUAL ADJUSTMENT,2021.0,23805.46575,Negative
2024-08-30,DEBIT,10.85,GBP,99.8504,-1288587.1,Starbucks,Groceries,Supermarket,UK,Hyderabad,TRUE,MANUAL ADJUSTMENT,2023.0,205841.5996,Negative
2024-08-02,REFUND,11.19,INR,1.0,-595539.22,AutoZone,Dining,Restaurant,USA,Pune,TRUE,PROMO APPLIED,2017.0,2126.1,Negative
2025-08-03,DEBIT,22.85,INR,1.0,-447358.67,Flipkart,Health,Clinic,Canada,Delhi,TRUE,SUSPECTED FRAUD,,4341.5,Negative
2025-05-12,REFUND,6.99,USD,82.5416,-976448.11,Myntra,Automotive,Repair,UAE,Delhi,TRUE,MANUAL ADJUSTMENT,,109623.49896,Negative
2024-02-26,DEBIT,56.67,USD,72.2419,-537859.71,BigBasket,Entertainment,Movies,UAE,Pune,TRUE,MANUAL ADJUSTMENT,,777850.20987,Negative
2025-04-04,DEBIT,396.18,INR,1.0,-1641954.78,LocalMart,Travel,Flight,Canada,Bengaluru,TRUE,,,75274.2,Negative
2025-01-12,DEBIT,78.01,INR,1.0,-1641954.78,Starbucks,Health,Pharmacy,Canada,Delhi,TRUE,MANUAL ADJUSTMENT,,14821.900000000001,Negative
2024-12-18,CREDIT,581.75,AED,21.471,-2514044.36,Walmart,Entertainment,Movies,Canada,Mumbai,TRUE,MANUAL ADJUSTMENT,,2373243.3075,Negative
2025-05-11,DEBIT,7.65,USD,74.8251,-1199688.94,BigBasket,Electronics,Accessory,Canada,Mumbai,TRUE,SUSPECTED FRAUD,2018.0,108758.28285000002,Negative
2024-06-22,REFUND,11.99,AED,18.8446,-1714152.89,Reliance,Electronics,Laptop,USA,Kolkata,TRUE,,,42929.88326,Negative
2024-01-14,DEBIT,47.24,USD,82.3131,-1641954.78,ShopEasy,Electronics,Mobile,UAE,Delhi,TRUE,CHARGEBACK REQUESTED,,738809.46036,Negative
2024-03-17,REFUND,6.42,AED,18.4325,-2208776.42,Zomato,Utilities,Water,UAE,Kolkata,TRUE,MANUAL ADJUSTMENT,2019.0,22483.9635,Negative
2025-03-20,CREDIT,2.34,GBP,97.9728,-2901622.33,Reliance,Automotive,Repair,UAE,Bengaluru,TRUE,SUSPECTED FRAUD,2024.0,43558.70688,Negative
2024-12-26,DEBIT,33.37,USD,77.1076,-1213652.47,Swiggy,Education,Books,USA,Gurugram,TRUE,MANUAL ADJUSTMENT,,488885.31627999997,Negative
2024-12-15,DEBIT,41.17,USD,72.9737,-1624122.59,Starbucks,Travel,Taxi,Australia,Noida,TRUE,PROMO APPLIED,,570822.17351,Negative
2025-05-12,DEBIT,42.85,INR,1.0,-1640339.49,Amazon,Clothing,Women,India,Jaipur,TRUE,MANUAL ADJUSTMENT,2021.0,8141.5,Negative
2024-10-19,CREDIT,49.26,USD,82.5184,-595187.67,Walmart,Travel,Taxi,Australia,Gurugram,TRUE,,,772322.7129599999,Negative
2024-11-16,CREDIT,39.17,USD,75.5361,-2119384.75,BigBasket,Dining,Restaurant,Canada,Delhi,TRUE,CASHBACK CREDITED,,562162.3170300002,Negative
2024-04-30,REFUND,122.71,GBP,94.9992,-435051.29,Myntra,Health,Pharmacy,UAE,Noida,TRUE,MANUAL ADJUSTMENT,,2214896.84808,Negative
2023-11-02,CREDIT,15.11,INR,1.0,-1143568.13,Amazon,Travel,Hotel,Australia,Chennai,TRUE,,,2870.9,Negative
2024-06-29,DEBIT,16.59,USD,81.9139,-259282.28,Flipkart,Travel,Taxi,Australia,Hyderabad,TRUE,PROMO APPLIED,,258200.80419,Negative
2023-09-14,DEBIT,40.15,USD,80.8811,-1935983.38,Paytm Mall,Electronics,Accessory,UK,Jaipur,TRUE,REPEAT PURCHASE,,617001.47135,Negative
2024-08-21,DEBIT,182.11,INR,1.0,-1641954.78,BigBasket,Electronics,Mobile,UAE,Pune,TRUE,PROMO APPLIED,,34600.9,Negative
2025-06-01,REFUND,130.04,USD,76.3842,-1077381.82,AutoZone,Clothing,Women,India,Chennai,TRUE,MANUAL ADJUSTMENT,,1887270.25992,Negative
2024-05-07,DEBIT,41.33,INR,1.0,-1714234.03,Swiggy,Health,Clinic,USA,Hyderabad,TRUE,,,7852.7,Negative
2025-06-19,CREDIT,28.64,INR ,1.0,-985862.55,Starbucks,Groceries,Supermarket,USA,Jaipur,TRUE,,,5441.6,Negative
2024-12-23,CREDIT,47.19,INR,1.0,-2903973.03,ShopEasy,Electronics,Laptop,UK,Noida,TRUE,PROMO APPLIED,,8966.1,Negative
2025-08-22,CREDIT,33.37,AED,19.0668,-1641954.78,Myntra,Groceries,Supermarket,UK,Mumbai,TRUE,CHARGEBACK REQUESTED,2024.0,120889.23203999999,Negative
2024-06-21,CREDIT,146.23,GBP,106.9826,-2118850.87,Starbucks,Clothing,Women,UK,Mumbai,TRUE,SUSPECTED FRAUD,2022.0,2972372.46362,Negative
2024-03-25,CREDIT,26.81,INR,1.0,-2933143.6,Myntra,Clothing,Men,UK,Chennai,TRUE,CASHBACK CREDITED,,5093.9,Negative
2023-12-28,REFUND,115.34,INR,1.0,-974724.14,Flipkart,Health,Clinic,India,Bengaluru,TRUE,,,21914.600000000002,Negative
2024-09-20,DEBIT,46.29,GBP,106.3867,-2538307.2,LocalMart,Dining,Cafe,USA,Mumbai,TRUE,,2020.0,935681.66517,Negative
2025-04-24,CREDIT,39.98,INR,1.0,-1652336.08,Swiggy,Automotive,Fuel,USA,Kolkata,TRUE,"SUSPECTED FRAUD -- VERIFY
CONTACT SUPPORT",2015.0,7596.2,Negative
2024-05-07,DEBIT,4.45,INR,1.0,-2419625.28,ShopEasy,Clothing,Men,Australia,Bengaluru,TRUE,CASHBACK CREDITED,,845.5,Negative
2024-11-17,DEBIT,18.6,USD,75.4826,-2229917.36,Swiggy,Electronics,Accessory,UAE,Gurugram,TRUE,SUSPECTED FRAUD,,266755.50840000005,Negative
2025-05-18,CREDIT,137.03,GBP,102.308,-1713511.26,Starbucks,Travel,Flight,Canada,Jaipur,TRUE,MANUAL ADJUSTMENT,2023.0,2663660.3956,Negative
2023-12-04,DEBIT,48.03,USD,82.3948,-593883.38,Walmart,Groceries,Specialty,Australia,Chennai,TRUE,MANUAL ADJUSTMENT,,751910.2263600001,Negative
2024-07-24,DEBIT,183.94,USD,82.9285,-1641954.78,Walmart,Travel,Taxi,UK,Jaipur,TRUE,CHARGEBACK REQUESTED,,2898234.9751,Negative
2025-02-05,DEBIT,8.03,USD,73.4499,-1641954.78,Flipkart,Automotive,Fuel,Canada,Bengaluru,TRUE,CASHBACK CREDITED,2022.0,112062.51242999999,Negative
2024-06-11,DEBIT,15.65,USD,72.2542,-2867969.35,ShopEasy,Automotive,Repair,Canada,Bengaluru,TRUE,PROMO APPLIED,2019.0,214847.8637,Negative
2024-09-20,DEBIT,33.37,AED,21.6066,-2775464.74,BigBasket,Travel,Hotel,Australia,Pune,TRUE,,,136992.32598,Negative
2023-12-31,DEBIT,25.15,AED,20.7496,-1412452.88,BigBasket,Health,Pharmacy,Canada,Bengaluru,TRUE,MANUAL ADJUSTMENT,2022.0,99151.9636,Negative
2023-11-19,DEBIT,103.49,USD,78.3868,-1641954.78,Myntra,Health,Clinic,Australia,Delhi,TRUE,REPEAT PURCHASE,2016.0,1541327.4870799999,Negative
2025-02-28,DEBIT,25.62,AED,18.4586,-2869029.28,ShopEasy,Dining,Cafe,Canada,Hyderabad,TRUE,REPEAT PURCHASE,,89852.77308,Negative
2025-07-30,CREDIT,17.55,INR,1.0,-2678686.49,Swiggy,Entertainment,Movies,USA,Delhi,TRUE,,2021.0,3334.5,Negative
2024-02-22,CREDIT,33.37,USD,72.1174,-530171.42,Swiggy,Electronics,Laptop,UK,Bengaluru,TRUE,CHARGEBACK REQUESTED,2022.0,457245.95121999993,Negative
2025-06-06,DEBIT,33.37,GBP,90.4962,-2775582.06,ShopEasy,Health,Pharmacy,UK,Hyderabad,TRUE,CHARGEBACK REQUESTED,,573773.05686,Negative
2025-02-22,CREDIT,33.37,USD,77.7778,-1641954.78,Zomato,Education,Course,UAE,Pune,TRUE,CHARGEBACK REQUESTED,2023.0,493134.58534,Negative
2024-03-18,CREDIT,28.86,AED,19.2978,-182804.21,Walmart,Clothing,Men,UAE,Chennai,TRUE,SUSPECTED FRAUD,,105817.55651999998,Negative
2025-06-09,CREDIT,165.43,INR,1.0,-1641954.78,BigBasket,Electronics,Mobile,Canada,Delhi,TRUE,PROMO APPLIED,,31431.7,Negative
2025-07-21,CREDIT,1.59,AED,21.5741,-1168313.0,Myntra,Travel,Taxi,India,Bengaluru,TRUE,PROMO APPLIED,,6517.535610000001,Negative
2025-02-19,REFUND,33.37,USD,75.1408,-1653588.37,Paytm Mall,Electronics,Mobile,UAE,Noida,TRUE,CHARGEBACK REQUESTED,,476415.21424,Negative
2024-02-13,DEBIT,7.94,AED,21.5064,-1559317.21,Zomato,Health,Pharmacy,UK,Delhi,TRUE,CHARGEBACK REQUESTED,2016.0,32444.55504,Negative
2025-03-10,DEBIT,4.7,INR,1.0,-276325.38,Zomato,Travel,Flight,USA,Jaipur,TRUE,PROMO APPLIED,2023.0,893.0,Negative
2023-09-18,DEBIT,13.67,INR,1.0,-1641954.78,ShopEasy,Travel,Flight,UK,Mumbai,TRUE,SUSPECTED FRAUD,,2597.3,Negative
2025-06-11,CREDIT,122.8,USD,79.0578,-1641954.78,LocalMart,Travel,Flight,Australia,Noida,TRUE,MONTHLY SUBSCRIPTION,,1844576.5895999998,Negative
2023-09-19,CREDIT,5.91,AED,19.351,-1937202.22,ShopEasy,Dining,Restaurant,Canada,Bengaluru,TRUE,MONTHLY SUBSCRIPTION,,21729.2379,Negative
2024-02-23,REFUND,7.68,INR,1.0,-2118173.2,LocalMart,Electronics,Mobile,Australia,Pune,TRUE,MANUAL ADJUSTMENT,,1459.2,Negative
2023-10-11,REFUND,33.37,USD,72.483,-1641954.78,ShopEasy,Automotive,Fuel,USA,Mumbai,TRUE,REPEAT PURCHASE,,459563.96489999996,Negative
2025-07-24,DEBIT,5.8,USD,76.4197,-1270562.6,Reliance,Automotive,Fuel,Canada,Noida,TRUE,MANUAL ADJUSTMENT,,84214.5094,Negative
2024-08-28,CREDIT,33.37,USD,78.7343,-2592850.16,Paytm Mall,Clothing,Men,Canada,Gurugram,TRUE,CHARGEBACK REQUESTED,,499199.08229,Negative
2023-10-18,DEBIT,45.95,USD,76.0521,-2679285.33,Myntra,Electronics,Accessory,India,Bengaluru,TRUE,MANUAL ADJUSTMENT,,663972.8590500001,Negative
2025-08-12,DEBIT,37.42,USD,80.1486,-1214370.56,Walmart,Dining,Cafe,Canada,Mumbai,TRUE,SUSPECTED FRAUD,,569840.51628,Negative
2024-04-05,REFUND,42.12,INR,1.0,-2429547.03,Flipkart,Clothing,Men,USA,Gurugram,TRUE,"REPEAT PURCHASE -- VERIFY
CONTACT SUPPORT",,8002.799999999999,Negative
2023-11-02,REFUND,4.01,INR,1.0,-1641954.78,BigBasket,Entertainment,Streaming,Australia,Mumbai,TRUE,PROMO APPLIED,2015.0,761.9,Negative
2025-04-20,DEBIT,5.19,GBP,103.5826,-2934394.69,Reliance,Education,Course,India,Jaipur,TRUE,PROMO APPLIED,,102142.80186,Negative
2024-10-29,CREDIT,33.37,INR,1.0,-1199181.57,Reliance,Clothing,Men,USA,Bengaluru,TRUE,CASHBACK CREDITED,,6340.299999999999,Negative
2023-09-28,DEBIT,73.88,AED,20.3972,-1273004.12,Zomato,Travel,Taxi,USA,Pune,TRUE,CHARGEBACK REQUESTED,,286319.57584,Negative
2025-05-06,DEBIT,124.11,USD,76.2819,-1168262.69,BigBasket,Utilities,Internet,Canada,Delhi,TRUE,PROMO APPLIED,,1798795.8557099998,Negative
2024-09-21,CREDIT,34.51,USD,73.7809,-1652144.17,Reliance,Utilities,Internet,UK,Jaipur,TRUE,PROMO APPLIED,,483773.98321000003,Negative
2025-04-28,DEBIT,33.37,INR,1.0,-1809005.75,LocalMart,Groceries,Specialty,UAE,Hyderabad,TRUE,,,6340.299999999999,Negative
2025-02-01,CREDIT,12.19,AED,19.582,-1624684.04,Reliance,Utilities,Electricity,Australia,Mumbai,TRUE,SUSPECTED FRAUD,,45353.8702,Negative
2025-03-26,CREDIT,33.37,INR,1.0,-1641954.78,Myntra,Utilities,Water,USA,Bengaluru,TRUE,MANUAL ADJUSTMENT,2022.0,6340.299999999999,Negative
2025-09-05,DEBIT,11.42,GBP,99.1405,-985895.65,LocalMart,Dining,FastFood,Australia,Chennai,TRUE,REPEAT PURCHASE,2023.0,215115.0569,Negative
2024-12-18,REFUND,54.35,GBP,102.2908,-176020.68,AutoZone,Groceries,Supermarket,USA,Noida,TRUE,CHARGEBACK REQUESTED,2022.0,1056305.9462000001,Negative
2024-11-11,DEBIT,15.78,GBP,92.1491,-1641954.78,Paytm Mall,Utilities,Electricity,Canada,Kolkata,TRUE,CHARGEBACK REQUESTED,,276281.43162000005,Negative
2024-04-10,REFUND,13.26,INR,1.0,-1198171.55,Flipkart,Education,Books,Canada,Pune,TRUE,CHARGEBACK REQUESTED,,2519.4,Negative
2024-11-11,DEBIT,9.87,INR,1.0,-1641954.78,ShopEasy,Entertainment,Concert,UK,Kolkata,TRUE,MANUAL ADJUSTMENT,,1875.3,Negative
2024-01-02,DEBIT,114.32,USD,72.1431,-173907.91,Reliance,Groceries,Specialty,Canada,Hyderabad,TRUE,MONTHLY SUBSCRIPTION,,1567005.84648,Negative
2025-04-11,DEBIT,33.37,INR,1.0,-1714006.66,Flipkart,Automotive,Fuel,UAE,Hyderabad,TRUE,CHARGEBACK REQUESTED,,6340.299999999999,Negative
2025-07-19,DEBIT,37.2,AED,19.6539,-1641954.78,Walmart,Health,Pharmacy,UK,Kolkata,TRUE,CASHBACK CREDITED,2023.0,138913.7652,Negative
2024-08-10,DEBIT,22.34,AED,20.6358,-1198878.38,ElectroWorld,Education,Books,UK,Hyderabad,TRUE,CHARGEBACK REQUESTED,,87590.71668,Negative
2023-12-21,REFUND,5.1,INR,1.0,-1641954.78,ShopEasy,Dining,Restaurant,USA,Hyderabad,TRUE,CHARGEBACK REQUESTED,2026.0,968.9999999999999,Negative
2023-09-27,CREDIT,5.31,AED,21.4394,-530330.5,ShopEasy,Entertainment,Movies,India,Noida,TRUE,,,21630.210659999997,Negative
2025-08-28,REFUND,88.62,USD,72.0619,-1641954.78,Reliance,Groceries,Specialty,USA,Delhi,TRUE,MANUAL ADJUSTMENT,2015.0,1213363.8598200001,Negative
2025-03-17,DEBIT,197.29,INR,1.0,-1435912.49,Swiggy,Groceries,Specialty,USA,Mumbai,TRUE,PROMO APPLIED,,37485.1,Negative
2025-06-15,DEBIT,33.37,USD,74.1705,-1641954.78,ElectroWorld,Automotive,Fuel,UK,Hyderabad,TRUE,CHARGEBACK REQUESTED,,470263.22114999994,Negative
2023-11-01,CREDIT,11.34,USD,73.3817,-2118198.92,AutoZone,Education,Books,Canada,Chennai,TRUE,REPEAT PURCHASE,,158108.21081999998,Negative
2024-03-03,REFUND,36.94,USD,77.3687,-2775279.67,BigBasket,Groceries,Specialty,Australia,Kolkata,TRUE,MONTHLY SUBSCRIPTION,,543019.95782,Negative
2025-09-03,CREDIT,6.68,INR,1.0,-565187.6,AutoZone,Health,Clinic,UAE,Jaipur,TRUE,PROMO APPLIED,,1269.2,Negative
2025-01-02,CREDIT,12.83,INR,1.0,-281111.98,Walmart,Education,Course,Canada,Hyderabad,TRUE,SUSPECTED FRAUD,2023.0,2437.7,Negative
2024-05-08,CREDIT,33.37,USD,78.331,-1200020.33,Paytm Mall,Entertainment,Concert,India,Pune,TRUE,REPEAT PURCHASE,,496642.03929999995,Negative
2025-08-20,CREDIT,10.94,USD,73.3963,-445322.78,ShopEasy,Electronics,Accessory,Australia,Jaipur,TRUE,REPEAT PURCHASE,2020.0,152561.54918,Negative
2024-04-27,DEBIT,25.67,GBP,101.9071,-1641908.76,Swiggy,Clothing,Men,USA,Mumbai,TRUE,CASHBACK CREDITED,,497031.49883,Negative
2025-09-07,DEBIT,33.37,GBP,99.2957,-2236897.03,Myntra,Dining,FastFood,Canada,Jaipur,TRUE,,2020.0,629564.52671,Negative
2024-10-17,DEBIT,9.93,USD,79.9236,-1624650.12,ShopEasy,Clothing,Men,UK,Jaipur,TRUE,MANUAL ADJUSTMENT,2016.0,150791.85611999998,Negative
2025-03-06,CREDIT,12.74,INR ,1.0,-1641954.78,Flipkart,Education,Books,UK,Bengaluru,TRUE,MONTHLY SUBSCRIPTION,,2420.6,Negative
2025-04-26,DEBIT,158.41,USD,75.5429,-1150848.53,Flipkart,Electronics,Mobile,UAE,Pune,TRUE,PROMO APPLIED,2022.0,2273682.64991,Negative
2024-06-01,DEBIT,19.92,GBP,100.4808,-1641954.78,BigBasket,Groceries,Supermarket,Australia,Gurugram,TRUE,,,380299.73184,Negative
2024-01-02,DEBIT,117.6,INR,1.0,-1170173.38,LocalMart,Electronics,Laptop,Australia,Bengaluru,TRUE,REPEAT PURCHASE,,22344.0,Negative
2024-10-07,CREDIT,33.37,USD,79.4376,-1641954.78,AutoZone,Groceries,Specialty,UK,Chennai,TRUE,CASHBACK CREDITED,,503658.21528,Negative
2024-04-20,CREDIT,106.32,AED,20.8008,-1641954.78,Walmart,Education,Books,Canada,Gurugram,TRUE,MONTHLY SUBSCRIPTION,,420192.8006399999,Negative
2023-12-14,CREDIT,31.68,AED,18.1795,-1130584.25,LocalMart,Travel,Taxi,India,Chennai,TRUE,CHARGEBACK REQUESTED,2019.0,109426.04639999999,Negative
2025-04-09,DEBIT,19.49,GBP,105.9195,-2825028.88,LocalMart,Travel,Flight,UK,Noida,TRUE,SUSPECTED FRAUD,,392230.50044999993,Negative
2024-04-26,REFUND,83.52,USD ,74.4336,-279540.48,Amazon,Clothing,Men,India,Bengaluru,TRUE,CHARGEBACK REQUESTED,2018.0,1181171.91168,Negative
2023-10-29,DEBIT,18.07,AED,18.5055,-1641954.78,Paytm Mall,Dining,Cafe,UAE,Kolkata,TRUE,REPEAT PURCHASE,,63534.93315000001,Negative
2025-06-14,DEBIT,33.37,AED,18.2462,-1641954.78,ShopEasy,Health,Clinic,Australia,Pune,TRUE,,,115686.38186000001,Negative
2023-09-26,REFUND,33.37,GBP,107.873,-1931844.08,BigBasket,Entertainment,Concert,UAE,Chennai,TRUE,PROMO APPLIED,,683947.1819,Negative
2025-05-10,DEBIT,171.99,USD,80.9235,-1221532.11,BigBasket,Dining,FastFood,UK,Delhi,TRUE,REPEAT PURCHASE,2020.0,2644426.2253500004,Negative
2024-11-22,CREDIT,30.3,USD,75.0793,-1617028.66,Myntra,Entertainment,Concert,Australia,Jaipur,TRUE,CHARGEBACK REQUESTED,,432231.53010000003,Negative
2024-11-14,DEBIT,4.95,USD,72.1403,-1131161.77,Zomato,Health,Pharmacy,Australia,Chennai,TRUE,PROMO APPLIED,2022.0,67847.95215,Negative
2023-10-30,CREDIT,142.82,INR,1.0,-1641954.78,Walmart,Health,Pharmacy,Australia,Bengaluru,TRUE,MONTHLY SUBSCRIPTION,,27135.8,Negative
2024-06-15,DEBIT,13.65,INR,1.0,-2726734.25,ShopEasy,Dining,Restaurant,UK,Chennai,TRUE,REPEAT PURCHASE,,2593.5,Negative
2025-08-19,DEBIT,186.7,GBP,104.5426,-174326.84,Starbucks,Education,Course,UK,Bengaluru,TRUE,REPEAT PURCHASE,2018.0,3708439.6497999993,Negative
2023-09-21,DEBIT,11.39,INR,1.0,-160124.88,ElectroWorld,Electronics,Laptop,UK,Bengaluru,TRUE,MANUAL ADJUSTMENT,2019.0,2164.1,Negative
2025-02-01,CREDIT,33.37,AED,19.0138,-1198768.58,Starbucks,Clothing,Women,UAE,Kolkata,TRUE,PROMO APPLIED,,120553.19614,Negative
2024-01-01,DEBIT,18.82,USD,72.15,-176098.09,Walmart,Health,Clinic,UAE,Noida,TRUE,CHARGEBACK REQUESTED,,257993.97,Negative
2023-11-11,DEBIT,33.37,AED,19.0107,-594684.91,BigBasket,Clothing,Men,India,Delhi,TRUE,CHARGEBACK REQUESTED,2018.0,120533.54120999998,Negative
2025-04-16,DEBIT,33.37,GBP,103.4302,-1131430.28,ElectroWorld,Automotive,Repair,Canada,Hyderabad,TRUE,CASHBACK CREDITED,2018.0,655778.49706,Negative
2024-02-27,CREDIT,56.89,AED,18.0715,-2922443.36,Myntra,Entertainment,Movies,USA,Gurugram,TRUE,REPEAT PURCHASE,,195336.65065000003,Negative
2024-01-17,CREDIT,36.76,GBP,105.2726,-2901299.23,Zomato,Health,Clinic,India,Jaipur,TRUE,SUSPECTED FRAUD,,735265.9474399999,Negative
2024-05-04,DEBIT,138.39,INR,1.0,-1936061.45,Starbucks,Entertainment,Concert,Canada,Kolkata,TRUE,SUSPECTED FRAUD,,26294.1,Negative
2025-03-15,DEBIT,21.02,GBP,109.049,-2826076.7,Walmart,Education,Books,USA,Mumbai,TRUE,MANUAL ADJUSTMENT,,435519.8962,Negative
2025-04-30,DEBIT,9.29,INR,1.0,-1603933.87,Swiggy,Electronics,Mobile,UK,Jaipur,TRUE,MANUAL ADJUSTMENT,,1765.1,Negative
2024-02-24,CREDIT,33.37,USD,81.4335,-2908477.14,LocalMart,Groceries,Specialty,Australia,Mumbai,TRUE,CHARGEBACK REQUESTED,,516312.8200499999,Negative
2025-03-25,CREDIT,35.06,INR,1.0,-2419610.78,LocalMart,Automotive,Fuel,UK,Bengaluru,TRUE,SUSPECTED FRAUD,,6661.400000000001,Negative
2024-09-03,DEBIT,9.06,INR,1.0,-2465600.0,AutoZone,Electronics,Mobile,India,Gurugram,TRUE,,,1721.4,Negative
2024-09-03,DEBIT,393.0,USD,74.1665,-987083.89,ElectroWorld,Education,Course,Australia,Hyderabad,TRUE,PROMO APPLIED,2023.0,5538012.555,Negative
2023-12-09,REFUND,145.72,USD,72.979,-1641954.78,Myntra,Automotive,Repair,UAE,Bengaluru,TRUE,,,2020554.9771999998,Negative
2024-12-25,CREDIT,33.37,USD,78.1118,-1641954.78,Reliance,Travel,Hotel,India,Jaipur,TRUE,MANUAL ADJUSTMENT,,495252.24554,Negative
2025-06-23,DEBIT,58.54,USD,76.6683,-965153.73,Reliance,Health,Clinic,Canada,Kolkata,TRUE,PROMO APPLIED,,852750.8335800001,Negative
2024-08-04,DEBIT,22.85,USD,77.3002,-1130695.93,LocalMart,Education,Books,Australia,Delhi,TRUE,CHARGEBACK REQUESTED,,335598.81830000004,Negative
2025-07-07,DEBIT,15.5,GBP,95.0649,-2231568.53,Swiggy,Dining,Cafe,India,Gurugram,TRUE,CASHBACK CREDITED,2016.0,279966.13049999997,Negative
2024-10-19,DEBIT,0.9,USD,77.529,-1641954.78,Amazon,Health,Pharmacy,USA,Delhi,TRUE,CHARGEBACK REQUESTED,,13257.459,Negative
2023-11-21,DEBIT,4.68,GBP,99.9551,-1640965.82,Paytm Mall,Clothing,Women,India,Chennai,TRUE,SUSPECTED FRAUD,,88880.07491999998,Negative
2025-06-24,CREDIT,10.22,USD,81.7171,-2922049.33,Paytm Mall,Education,Books,UAE,Chennai,TRUE,CHARGEBACK REQUESTED,,158678.26478,Negative
2024-03-26,CREDIT,33.37,INR,1.0,-1162810.83,ShopEasy,Dining,Restaurant,Canada,Delhi,TRUE,,,6340.299999999999,Negative
2024-11-29,DEBIT,271.16,USD,77.3466,-436671.24,Flipkart,Health,Clinic,UAE,Delhi,TRUE,"SUSPECTED FRAUD -- VERIFY
CONTACT SUPPORT",,3984927.7706400002,Negative
2025-01-08,DEBIT,23.01,GBP,103.0721,-2464198.03,Amazon,Education,Books,India,Hyderabad,TRUE,MANUAL ADJUSTMENT,,450620.91399000003,Negative
2024-10-14,CREDIT,108.29,GBP,91.725,-1641954.78,Walmart,Travel,Flight,USA,Kolkata,TRUE,MANUAL ADJUSTMENT,2025.0,1887251.0475,Negative
2025-05-20,DEBIT,13.89,INR,1.0,-2119144.57,Zomato,Groceries,Supermarket,Canada,Pune,TRUE,REPEAT PURCHASE,2020.0,2639.1,Negative
2024-04-20,REFUND,10.0,GBP,90.0011,-1271524.11,BigBasket,Travel,Hotel,USA,Delhi,TRUE,,2017.0,171002.09,Negative
2025-02-05,DEBIT,15.4,GBP,94.8025,-1985202.97,ElectroWorld,Travel,Taxi,UK,Jaipur,TRUE,PROMO APPLIED,,277392.115,Negative
2025-03-06,DEBIT,70.74,GBP,108.9907,-1641954.78,ElectroWorld,Entertainment,Streaming,Australia,Noida,TRUE,CHARGEBACK REQUESTED,,1464900.40242,Negative
2023-12-09,REFUND,11.52,USD,77.6339,-1604594.98,Walmart,Education,Books,Canada,Gurugram,TRUE,CHARGEBACK REQUESTED,2024.0,169925.08031999998,Negative
2025-01-28,REFUND,2.18,GBP,97.513,-2922346.61,Myntra,Health,Pharmacy,UK,Delhi,TRUE,MONTHLY SUBSCRIPTION,,40389.884600000005,Negative
2025-06-17,DEBIT,163.63,USD,73.1089,-1985498.4,ShopEasy,Clothing,Men,UAE,Mumbai,TRUE,SUSPECTED FRAUD,,2272933.7683300003,Negative
2024-11-27,REFUND,29.25,INR,1.0,-1889316.86,Starbucks,Electronics,Mobile,UK,Mumbai,TRUE,REPEAT PURCHASE,,5557.5,Negative
2024-10-02,REFUND,14.42,INR,1.0,-174937.75,AutoZone,Electronics,Laptop,UK,Pune,TRUE,MANUAL ADJUSTMENT,,2739.8,Negative
2024-01-14,DEBIT,31.3,INR,1.0,-553841.84,ShopEasy,Entertainment,Movies,UK,Jaipur,TRUE,CASHBACK CREDITED,2021.0,5947.0,Negative
2025-05-01,DEBIT,68.99,USD,74.2017,-143913.55,Swiggy,Travel,Hotel,India,Noida,TRUE,CHARGEBACK REQUESTED,,972643.3037699999,Negative
2024-03-09,CREDIT,47.38,USD,73.9504,-1641954.78,Flipkart,Health,Pharmacy,India,Gurugram,TRUE,MANUAL ADJUSTMENT,2025.0,665716.29088,Negative
2025-03-31,CREDIT,59.72,GBP,108.347,-1641954.78,ShopEasy,Clothing,Women,USA,Kolkata,TRUE,SUSPECTED FRAUD,2019.0,1229391.7396,Negative
2025-01-24,CREDIT,58.97,INR,1.0,-2118706.11,Myntra,Clothing,Men,UK,Noida,TRUE,REPEAT PURCHASE,,11204.3,Negative
2024-07-15,DEBIT,30.92,GBP,91.3126,-2783724.1,LocalMart,Utilities,Water,Australia,Gurugram,TRUE,CHARGEBACK REQUESTED,,536443.26248,Negative
2023-10-10,CREDIT,33.37,INR,1.0,-2237796.8,ElectroWorld,Utilities,Water,USA,Chennai,TRUE,CASHBACK CREDITED,,6340.299999999999,Negative
2024-06-18,DEBIT,51.03,AED,21.3621,-1641954.78,LocalMart,Automotive,Fuel,Canada,Pune,TRUE,MONTHLY SUBSCRIPTION,,207120.51297000004,Negative
2025-01-06,DEBIT,9.66,USD,80.8662,-1809251.87,Myntra,Dining,FastFood,Australia,Bengaluru,TRUE,,2016.0,148421.82348000002,Negative
2025-08-20,CREDIT,33.37,INR,1.0,-1641954.78,AutoZone,Education,Books,Australia,Pune,TRUE,,,6340.299999999999,Negative
2024-09-06,DEBIT,16.91,USD,74.7884,-175006.7,BigBasket,Entertainment,Movies,India,Pune,TRUE,MONTHLY SUBSCRIPTION,,240287.65036,Negative
2024-12-20,DEBIT,20.46,USD,78.8998,-189078.4,Walmart,Dining,Restaurant,USA,Kolkata,TRUE,MANUAL ADJUSTMENT,,306715.08252,Negative
2024-03-01,CREDIT,33.37,USD,78.3329,-2429525.97,Reliance,Health,Clinic,UK,Kolkata,TRUE,REPEAT PURCHASE,,496654.08586999995,Negative
2025-08-22,REFUND,21.95,INR,1.0,-145076.77,Amazon,Health,Clinic,UAE,Kolkata,TRUE,PROMO APPLIED,2017.0,4170.5,Negative
2025-01-15,DEBIT,13.24,INR,1.0,-2775471.36,Amazon,Clothing,Men,India,Mumbai,TRUE,SUSPECTED FRAUD,,2515.6,Negative
2024-08-26,DEBIT,20.17,INR,1.0,-1624174.97,Reliance,Education,Course,UK,Pune,TRUE,MONTHLY SUBSCRIPTION,,3832.3,Negative
2025-08-04,DEBIT,89.45,INR,1.0,-1641954.78,Reliance,Education,Course,USA,Bengaluru,TRUE,PROMO APPLIED,,16995.5,Negative
2024-09-05,DEBIT,11.96,USD,77.9898,-1624202.34,LocalMart,Entertainment,Movies,Canada,Gurugram,TRUE,REPEAT PURCHASE,,177224.02152000004,Negative
2024-03-17,DEBIT,13.0,INR,1.0,-1641954.78,Zomato,Education,Books,Australia,Hyderabad,TRUE,,,2470.0,Negative
2025-02-24,CREDIT,250.14,INR,1.0,-1604556.69,Flipkart,Travel,Taxi,UAE,Mumbai,TRUE,MONTHLY SUBSCRIPTION,,47526.6,Negative
2024-08-26,REFUND,33.37,USD,77.7078,-1641954.78,ElectroWorld,Clothing,Men,UAE,Hyderabad,TRUE,MANUAL ADJUSTMENT,2015.0,492690.76434,Negative
2024-03-22,DEBIT,188.06,AED,19.5368,-2122420.2,Zomato,Automotive,Fuel,Canada,Gurugram,TRUE,CASHBACK CREDITED,,698077.21552,Negative
2025-01-29,CREDIT,33.37,INR,1.0,-2901947.42,Flipkart,Utilities,Internet,India,Kolkata,TRUE,SUSPECTED FRAUD,,6340.299999999999,Negative
2025-06-14,CREDIT,33.37,USD,79.3129,-1642209.76,Starbucks,Entertainment,Movies,India,Noida,TRUE,,2016.0,502867.57986999996,Negative
2023-11-07,REFUND,26.83,INR,1.0,-2237122.24,Myntra,Travel,Flight,India,Delhi,TRUE,MONTHLY SUBSCRIPTION,,5097.7,Negative
2023-10-07,REFUND,33.37,GBP,95.3007,-986131.25,LocalMart,Entertainment,Concert,UAE,Mumbai,TRUE," -- VERIFY
CONTACT SUPPORT",,604235.02821,Negative
2024-01-01,CREDIT,72.71,GBP,107.8861,-2464741.65,ShopEasy,Dining,Cafe,Canada,Jaipur,TRUE,REPEAT PURCHASE,2024.0,1490435.6828899998,Negative
2025-04-08,DEBIT,47.98,GBP,102.1752,-2607529.01,Flipkart,Health,Clinic,Australia,Chennai,TRUE,MANUAL ADJUSTMENT,2020.0,931449.5582399999,Negative
2025-04-13,DEBIT,438.7,USD,72.093,-1641954.78,Amazon,Automotive,Fuel,Australia,Pune,TRUE,SUSPECTED FRAUD,,6009167.829,Negative
2024-02-14,CREDIT,96.92,INR,1.0,-593515.92,Flipkart,Utilities,Electricity,India,Noida,TRUE,REPEAT PURCHASE,2022.0,18414.8,Negative
2025-05-28,CREDIT,33.37,GBP,103.0955,-277488.75,Paytm Mall,Dining,FastFood,Canada,Chennai,TRUE,REPEAT PURCHASE,,653656.39865,Negative
2025-03-13,CREDIT,33.37,INR,1.0,-1641954.78,Paytm Mall,Electronics,Accessory,USA,Bengaluru,TRUE,MONTHLY SUBSCRIPTION,2025.0,6340.299999999999,Negative
2024-07-19,REFUND,18.33,USD,74.454,-1641954.78,ShopEasy,Dining,Cafe,UAE,Jaipur,TRUE,CHARGEBACK REQUESTED,,259300.94579999996,Negative
2024-04-02,DEBIT,23.88,INRR,1.0,-2452478.71,Amazon,Utilities,Water,USA,Bengaluru,TRUE,REPEAT PURCHASE,,4537.2,Negative
2025-06-05,REFUND,33.37,USD,72.4925,-189699.87,ShopEasy,Education,Course,UAE,Chennai,TRUE,REPEAT PURCHASE,,459624.19775,Negative
2024-05-18,CREDIT,33.37,INR,1.0,-1641954.78,BigBasket,Health,Clinic,USA,Gurugram,TRUE,CASHBACK CREDITED,,6340.299999999999,Negative
2023-12-18,CREDIT,33.37,INR,1.0,-1641954.78,AutoZone,Utilities,Internet,India,Chennai,TRUE,CHARGEBACK REQUESTED,,6340.299999999999,Negative
2023-10-01,DEBIT,47.89,INR,1.0,-2579491.77,Paytm Mall,Utilities,Internet,UK,Gurugram,TRUE,PROMO APPLIED,2022.0,9099.1,Negative
2024-06-22,DEBIT,33.37,AED,21.6503,-1150853.98,LocalMart,Electronics,Mobile,UK,Pune,TRUE,REPEAT PURCHASE,,137269.39708999998,Negative
2024-10-10,DEBIT,6.69,INRR,1.0,-1641954.78,ElectroWorld,Utilities,Internet,UK,Chennai,TRUE,CASHBACK CREDITED,,1271.1000000000001,Negative
2024-02-15,DEBIT,33.37,AED,21.5892,-1641954.78,Myntra,Travel,Flight,Australia,Delhi,TRUE,MANUAL ADJUSTMENT,2024.0,136882.00476,Negative
2025-02-14,DEBIT,34.03,GBP,92.8738,-2208880.19,Swiggy,Utilities,Internet,UAE,Kolkata,TRUE,SUSPECTED FRAUD,,600494.12866,Negative
2024-03-22,CREDIT,33.37,AED,20.0696,-1714296.53,Reliance,Education,Course,India,Noida,TRUE,SUSPECTED FRAUD,2023.0,127247.28487999999,Negative
2024-04-10,DEBIT,220.67,AED,19.9515,-1214741.37,Myntra,Travel,Hotel,UK,Noida,TRUE,CASHBACK CREDITED,,836512.5259499998,Negative
2025-08-03,CREDIT,18.94,INR,1.0,-1616999.69,BigBasket,Automotive,Fuel,USA,Bengaluru,TRUE,CHARGEBACK REQUESTED,,3598.6000000000004,Negative
2023-10-29,DEBIT,99.77,INR,1.0,-964971.89,Reliance,Education,Books,UK,Pune,TRUE,MONTHLY SUBSCRIPTION,2017.0,18956.3,Negative
2024-06-08,CREDIT,12.95,AED,21.4507,-2873378.6,ElectroWorld,Utilities,Internet,Canada,Gurugram,TRUE,PROMO APPLIED,,52779.44735,Negative
2025-08-23,CREDIT,5.38,INR,1.0,-1652853.85,Reliance,Clothing,Women,India,Delhi,TRUE,CASHBACK CREDITED,,1022.1999999999999,Negative
2025-03-12,DEBIT,33.37,GBP,99.4875,-2825610.83,Walmart,Dining,Cafe,UAE,Pune,TRUE,CASHBACK CREDITED,2017.0,630780.59625,Negative
2024-06-29,CREDIT,33.37,GBP,99.8091,-190021.47,Flipkart,Health,Clinic,UK,Jaipur,TRUE,,2022.0,632819.6367299999,Negative
2025-04-04,CREDIT,42.77,INR,1.0,-1641954.78,Paytm Mall,Automotive,Repair,UAE,Mumbai,TRUE,CHARGEBACK REQUESTED,,8126.3,Negative
2024-06-28,DEBIT,33.37,USD,75.0123,-1641954.78,LocalMart,Groceries,Specialty,Australia,Mumbai,TRUE,CHARGEBACK REQUESTED,,475600.48568999994,Negative
2024-04-13,DEBIT,29.78,INR,1.0,-1162866.73,Walmart,Automotive,Repair,UAE,Mumbai,TRUE,PROMO APPLIED,,5658.2,Negative
2023-12-02,REFUND,33.37,INRR,1.0,-565084.6,Starbucks,Health,Pharmacy,UAE,Gurugram,TRUE,CASHBACK CREDITED,,6340.299999999999,Negative
2025-07-29,CREDIT,33.37,INR,1.0,-2592650.75,Zomato,Automotive,Fuel,India,Pune,TRUE,PROMO APPLIED,,6340.299999999999,Negative
2024-03-22,DEBIT,64.58,USD,73.163,-1642206.43,AutoZone,Electronics,Laptop,Australia,Kolkata,TRUE,CASHBACK CREDITED,,897724.6426,Negative
2025-08-28,CREDIT,64.92,INR,1.0,-1163010.43,Paytm Mall,Entertainment,Streaming,USA,Noida,TRUE,CASHBACK CREDITED,,12334.800000000001,Negative
2024-08-14,DEBIT,9.92,AED,18.964,-480993.15,Reliance,Entertainment,Concert,UAE,Chennai,TRUE,SUSPECTED FRAUD,,35743.3472,Negative
2024-10-06,DEBIT,16.11,AED,21.8466,-1269869.8,Starbucks,Utilities,Internet,UK,Jaipur,TRUE,PROMO APPLIED,,66870.25794,Negative
2025-07-11,REFUND,33.37,INR,1.0,-1131157.39,BigBasket,Health,Clinic,UAE,Gurugram,TRUE,MONTHLY SUBSCRIPTION,,6340.299999999999,Negative
2023-09-22,DEBIT,33.37,INR,1.0,-436815.35,LocalMart,Entertainment,Streaming,UAE,Delhi,TRUE,SUSPECTED FRAUD,,6340.299999999999,Negative
2025-01-09,DEBIT,23.26,USD,74.53,-2607629.46,Swiggy,Electronics,Laptop,UAE,Jaipur,TRUE,MANUAL ADJUSTMENT,2017.0,329377.882,Negative
2024-03-16,CREDIT,25.13,AED,19.3508,-1500924.67,Walmart,Entertainment,Concert,UAE,Bengaluru,TRUE,CASHBACK CREDITED,,92394.26475999999,Negative
2024-08-07,CREDIT,18.94,INR,1.0,-1616999.69,BigBasket,Automotive,Fuel,USA,Bengaluru,TRUE,CHARGEBACK REQUESTED,,3598.6000000000004,Negative
2023-12-01,CREDIT,33.37,USD,72.5955,-2428076.16,Amazon,Entertainment,Movies,UAE,Jaipur,TRUE,MONTHLY SUBSCRIPTION,2019.0,460277.24864999996,Negative
2025-05-16,DEBIT,14.01,AED,18.1424,-987522.58,Myntra,Travel,Taxi,UAE,Gurugram,TRUE,SUSPECTED FRAUD,2019.0,48293.254559999994,Negative
2025-01-29,REFUND,11.92,USD,75.4092,-2773278.68,Flipkart,Utilities,Water,UK,Chennai,TRUE,MANUAL ADJUSTMENT,2021.0,170786.75616,Negative
2024-09-18,DEBIT,54.54,USD,78.9765,-1641954.78,Flipkart,Groceries,Specialty,UK,Pune,TRUE,CHARGEBACK REQUESTED,,818401.8789,Negative
2024-07-25,REFUND,92.9,INR,1.0,-2231929.29,LocalMart,Education,Course,Canada,Gurugram,TRUE,MONTHLY SUBSCRIPTION,,17651.0,Negative
2025-04-24,CREDIT,18.31,INR,1.0,-553956.78,Reliance,Entertainment,Concert,UAE,Noida,TRUE,,,3478.8999999999996,Negative
2023-10-21,DEBIT,16.78,USD,82.9927,-1641954.78,Swiggy,Utilities,Water,Canada,Pune,TRUE,SUSPECTED FRAUD,,264597.32614,Negative
2024-10-06,DEBIT,22.37,USD,77.3269,-1870822.59,ShopEasy,Health,Pharmacy,Australia,Hyderabad,TRUE,,,328662.52307,Negative
2024-08-10,DEBIT,19.39,INR,1.0,-2231728.65,Flipkart,Electronics,Accessory,USA,Jaipur,TRUE,CHARGEBACK REQUESTED,,3684.1,Negative
2024-02-14,DEBIT,39.33,AED,20.1285,-1284450.47,Myntra,Groceries,Specialty,India,Jaipur,TRUE,MONTHLY SUBSCRIPTION,,150414.24194999997,Negative
2024-08-20,DEBIT,4.82,INR,1.0,-1412742.7,Amazon,Automotive,Repair,Canada,Delhi,TRUE,CASHBACK CREDITED,2026.0,915.8000000000001,Negative
2023-10-07,CREDIT,27.24,GBP,108.45,-1200397.51,Zomato,Dining,FastFood,USA,Noida,TRUE,,,561293.82,Negative
2025-04-25,DEBIT,291.47,GBP,104.0706,-1641954.78,Amazon,Clothing,Men,UAE,Kolkata,TRUE,CHARGEBACK REQUESTED,,5763356.97858,Negative
2024-12-13,DEBIT,12.1,INR,1.0,-2466207.53,Reliance,Health,Pharmacy,USA,Mumbai,TRUE,CASHBACK CREDITED,,2299.0,Negative
2025-02-28,DEBIT,189.15,INR,1.0,-1641954.78,Flipkart,Utilities,Electricity,India,Gurugram,TRUE,REPEAT PURCHASE,,35938.5,Negative
2024-07-26,DEBIT,11.43,USD,79.668,-1626772.88,ShopEasy,Health,Clinic,Australia,Jaipur,TRUE,,,173014.99560000002,Negative
2024-11-14,REFUND,33.37,INR,1.0,-2900740.56,ElectroWorld,Electronics,Laptop,Canada,Hyderabad,TRUE,,2020.0,6340.299999999999,Negative
2025-05-22,DEBIT,50.55,AED,21.2553,-1641501.83,Zomato,Education,Books,Canada,Jaipur,TRUE,,2025.0,204146.52884999997,Negative
2025-07-06,CREDIT,15.45,USD,77.8836,-1641954.78,Amazon,Dining,Cafe,UK,Noida,TRUE,MANUAL ADJUSTMENT,,228627.30779999998,Negative
2025-07-20,DEBIT,52.07,USD,72.0586,-1169118.25,BigBasket,Travel,Taxi,UK,Bengaluru,TRUE,MONTHLY SUBSCRIPTION,2025.0,712897.3473799999,Negative
2025-02-19,DEBIT,49.66,INR,1.0,-277695.75,Reliance,Education,Course,USA,Delhi,TRUE,MONTHLY SUBSCRIPTION,,9435.4,Negative
2024-11-09,DEBIT,6.31,GBP,95.8735,-2913951.52,Flipkart,Clothing,Women,UK,Chennai,TRUE,,,114942.73915,Negative
2024-05-19,DEBIT,10.27,USD,81.5409,-445331.18,Amazon,Clothing,Women,Australia,Jaipur,TRUE,CASHBACK CREDITED,,159110.75816999996,Negative
2023-12-17,DEBIT,44.78,INR,1.0,-1676093.61,Flipkart,Health,Pharmacy,UK,Pune,TRUE,MANUAL ADJUSTMENT,2020.0,8508.2,Negative
2025-05-23,CREDIT,33.37,AED,20.3748,-974256.8,Starbucks,Groceries,Supermarket,USA,Delhi,TRUE,,,129182.34443999999,Negative
2025-08-18,DEBIT,528.21,USD,75.5158,-1641954.78,AutoZone,Dining,Restaurant,Canada,Gurugram,TRUE,MANUAL ADJUSTMENT,,7578758.13642,Negative
2024-11-01,CREDIT,22.3,INR,1.0,-1561380.68,Reliance,Groceries,Supermarket,UAE,Jaipur,TRUE,CASHBACK CREDITED,2025.0,4237.0,Negative
2025-09-08,REFUND,19.09,INR,1.0,-542297.6,BigBasket,Entertainment,Movies,India,Kolkata,TRUE,PROMO APPLIED,,3627.1,Negative
2023-11-29,CREDIT,5.08,INR,1.0,-1807096.92,Zomato,Electronics,Mobile,UK,Kolkata,TRUE,MANUAL ADJUSTMENT,,965.2,Negative
2025-02-23,REFUND,4.4,AED,18.2196,-1824312.76,Reliance,Entertainment,Concert,UAE,Pune,TRUE,MANUAL ADJUSTMENT,,15231.5856,Negative
2024-02-18,REFUND,2.71,GBP,102.2416,-2901083.11,Flipkart,Clothing,Men,USA,Kolkata,TRUE,MONTHLY SUBSCRIPTION,2016.0,52644.19984000001,Negative
2023-11-27,DEBIT,53.63,USD,74.1794,-189030.26,Amazon,Automotive,Fuel,Canada,Gurugram,TRUE,SUSPECTED FRAUD,,755865.83218,Negative
2025-08-16,CREDIT,10.71,INR,1.0,-2467589.37,Reliance,Groceries,Supermarket,Canada,Gurugram,TRUE,SUSPECTED FRAUD,2015.0,2034.9,Negative
2024-01-01,REFUND,44.87,USD,78.8613,-1617225.33,Reliance,Entertainment,Streaming,Australia,Kolkata,TRUE,MONTHLY SUBSCRIPTION,2023.0,672316.24089,Negative
2024-07-25,DEBIT,33.37,INR,1.0,-556368.95,Starbucks,Groceries,Specialty,USA,Kolkata,TRUE,MONTHLY SUBSCRIPTION,,6340.299999999999,Negative
2023-11-13,CREDIT,244.86,INR,1.0,-1713637.72,Swiggy,Entertainment,Concert,India,Noida,TRUE,REPEAT PURCHASE,2022.0,46523.4,Negative
2025-05-30,CREDIT,20.31,INR,1.0,-2678254.76,AutoZone,Automotive,Repair,UAE,Gurugram,TRUE,PROMO APPLIED,,3858.8999999999996,Negative
2024-02-21,DEBIT,20.42,AED,21.6328,-1825835.31,AutoZone,Electronics,Accessory,UK,Jaipur,TRUE,REPEAT PURCHASE,,83930.93744000001,Negative
2024-01-03,CREDIT,30.73,INR,1.0,-1641954.78,Paytm Mall,Education,Books,USA,Bengaluru,TRUE,,2022.0,5838.7,Negative
2025-04-06,DEBIT,19.73,USD,78.2309,-1077907.92,ShopEasy,Utilities,Water,USA,Noida,TRUE,PROMO APPLIED,,293264.17483000003,Negative
2024-07-14,DEBIT,36.74,AED,19.0926,-277567.48,Myntra,Electronics,Laptop,USA,Hyderabad,TRUE,REPEAT PURCHASE,,133277.80356,Negative
2025-08-26,CREDIT,20.58,AED,20.9443,-1641954.78,LocalMart,Electronics,Laptop,India,Pune,TRUE,MANUAL ADJUSTMENT,2019.0,81896.40185999998,Negative
2024-04-15,DEBIT,21.26,INR,1.0,-1284430.8,Reliance,Electronics,Laptop,Australia,Jaipur,TRUE,CASHBACK CREDITED,2023.0,4039.4,Negative
2023-12-15,DEBIT,3.88,INR,1.0,-1624237.21,Myntra,Electronics,Accessory,India,Pune,TRUE,CASHBACK CREDITED,,737.1999999999999,Negative
2024-04-24,CREDIT,44.33,INR,1.0,-2235217.05,Amazon,Groceries,Specialty,Canada,Delhi,TRUE,,,8422.699999999999,Negative
2025-01-18,REFUND,33.37,USD,78.4983,-1025149.04,Swiggy,Clothing,Men,Canada,Delhi,TRUE,CASHBACK CREDITED,,497702.77148999996,Negative
2025-06-07,REFUND,40.86,INR,1.0,-1500951.06,BigBasket,Automotive,Repair,UK,Hyderabad,TRUE,,2022.0,7763.4,Negative
2024-07-07,DEBIT,11.28,USD,75.831,-2463690.59,Walmart,Clothing,Women,Canada,Delhi,TRUE,PROMO APPLIED,,162520.99920000002,Negative
2025-09-05,REFUND,6.55,USD,78.4616,-2581196.38,Flipkart,Education,Books,Australia,Kolkata,TRUE,MANUAL ADJUSTMENT,2023.0,97645.4612,Negative
2024-07-18,DEBIT,22.82,AED,18.5449,-2118870.76,BigBasket,Health,Clinic,Canada,Noida,TRUE,MONTHLY SUBSCRIPTION,,80406.97742,Negative
2025-07-22,REFUND,42.64,USD,79.1119,-2514195.05,Reliance,Dining,Restaurant,Canada,Kolkata,TRUE,SUSPECTED FRAUD,2020.0,640932.9690400001,Negative
2025-01-09,DEBIT,33.37,AED,19.9344,-1641954.78,ShopEasy,Health,Pharmacy,Australia,Hyderabad,TRUE,MONTHLY SUBSCRIPTION,,126390.07632,Negative
2025-02-05,CREDIT,33.37,USD,79.7618,-1641954.78,Reliance,Electronics,Laptop,Canada,Bengaluru,TRUE,CHARGEBACK REQUESTED,,505713.7405399999,Negative
2024-01-02,CREDIT,18.54,USD,74.3659,-1676301.66,AutoZone,Automotive,Repair,India,Delhi,TRUE,"MONTHLY SUBSCRIPTION -- VERIFY
CONTACT SUPPORT",,261961.31933999996,Negative
2023-11-06,REFUND,8.61,INR,1.0,-481272.85,Zomato,Utilities,Internet,UAE,Jaipur,TRUE,REPEAT PURCHASE,,1635.8999999999999,Negative
2025-05-30,DEBIT,87.87,USD,75.8485,-1499890.9,ElectroWorld,Entertainment,Concert,UK,Pune,TRUE,CASHBACK CREDITED,,1266313.46205,Negative
2025-04-17,CREDIT,182.6,INR,1.0,-1199258.78,Starbucks,Electronics,Laptop,UK,Jaipur,TRUE,PROMO APPLIED,,34694.0,Negative
2023-11-24,REFUND,33.37,GBP,107.3726,-2581085.3,Paytm Mall,Travel,Hotel,India,Gurugram,TRUE,CASHBACK CREDITED,,680774.49578,Negative
2024-11-14,DEBIT,137.84,USD ,78.1359,-490398.79,Reliance,Education,Course,Canada,Gurugram,TRUE,MANUAL ADJUSTMENT,,2046347.9666400005,Negative
2025-03-17,CREDIT,62.29,AED,19.4601,-2236863.64,Starbucks,Electronics,Laptop,Canada,Kolkata,TRUE,MONTHLY SUBSCRIPTION,,230312.22951,Negative
2025-05-10,REFUND,28.55,USD,77.6446,-2118415.82,ShopEasy,Groceries,Specialty,Canada,Mumbai,TRUE,MONTHLY SUBSCRIPTION,,421183.1327,Negative
2024-09-13,CREDIT,23.74,GBP,93.7349,-2825085.98,Walmart,Groceries,Supermarket,Australia,Noida,TRUE,MANUAL ADJUSTMENT,2019.0,422800.63993999996,Negative
2024-02-24,DEBIT,51.05,INR,1.0,-2208705.27,Myntra,Entertainment,Streaming,India,Pune,TRUE,PROMO APPLIED,,9699.5,Negative
2024-09-20,CREDIT,285.73,INR,1.0,-489916.6,Starbucks,Groceries,Supermarket,India,Hyderabad,TRUE,CHARGEBACK REQUESTED,,54288.700000000004,Negative
2024-12-23,REFUND,11.82,USD,76.1097,-445841.45,Flipkart,Clothing,Women,UAE,Bengaluru,TRUE,MONTHLY SUBSCRIPTION,2023.0,170927.16426000002,Negative
2023-09-24,CREDIT,15.89,GBP,95.4372,-1641954.78,Zomato,Automotive,Repair,Australia,Kolkata,TRUE,CASHBACK CREDITED,,288134.45052,Negative
2024-11-28,REFUND,88.58,AED,19.3225,-2428184.58,Zomato,Groceries,Specialty,Canada,Chennai,TRUE,,2023.0,325201.5395,Negative
2025-07-03,DEBIT,17.18,INR,1.0,-1288701.02,LocalMart,Electronics,Mobile,Canada,Chennai,TRUE,SUSPECTED FRAUD,,3264.2,Negative
2024-11-26,CREDIT,16.04,INR,1.0,-1641954.78,Amazon,Clothing,Men,Australia,Pune,TRUE,MONTHLY SUBSCRIPTION,,3047.6,Negative
2025-03-04,CREDIT,41.78,USD,82.9669,-1199065.06,AutoZone,Automotive,Repair,India,Bengaluru,TRUE,SUSPECTED FRAUD,2018.0,658607.84558,Negative
2025-09-01,DEBIT,5.93,INR,1.0,-2428056.43,AutoZone,Travel,Hotel,Australia,Kolkata,TRUE,REPEAT PURCHASE,,1126.7,Negative
2024-04-08,DEBIT,2.98,USD,76.5547,-2231759.81,Starbucks,Electronics,Mobile,India,Kolkata,TRUE,MANUAL ADJUSTMENT,,43345.27114,Negative
2025-02-26,REFUND,10.15,INR,1.0,-1932080.15,Amazon,Travel,Flight,Canada,Chennai,TRUE,MONTHLY SUBSCRIPTION,,1928.5,Negative
2025-01-06,CREDIT,109.53,AED,20.1253,-1641954.78,AutoZone,Groceries,Supermarket,Australia,Kolkata,TRUE,MONTHLY SUBSCRIPTION,2023.0,418821.58071,Negative
2024-12-20,REFUND,481.81,USD,73.806,-1641954.78,AutoZone,Dining,FastFood,India,Pune,TRUE,SUSPECTED FRAUD,2024.0,6756489.0834,Negative
2024-02-12,CREDIT,33.37,INR,1.0,-1560701.77,Paytm Mall,Travel,Hotel,Australia,Pune,TRUE,REPEAT PURCHASE,2022.0,6340.299999999999,Negative
2023-11-16,DEBIT,33.37,GBP,97.2093,-2208488.82,Flipkart,Entertainment,Movies,Australia,Noida,TRUE,SUSPECTED FRAUD,,616336.1247899999,Negative
2024-12-19,DEBIT,60.56,USD,78.4764,-2593208.92,Swiggy,Education,Books,Canada,Jaipur,TRUE,"PROMO APPLIED -- VERIFY
CONTACT SUPPORT",2016.0,902980.8489600001,Negative
2025-07-19,CREDIT,7.1,INR,1.0,-553892.89,Paytm Mall,Dining,Cafe,UAE,Chennai,TRUE,MONTHLY SUBSCRIPTION,,1349.0,Negative
2024-06-23,CREDIT,3.68,USD,82.3792,-1143569.97,Starbucks,Groceries,Specialty,Canada,Delhi,TRUE,MONTHLY SUBSCRIPTION,2023.0,57599.536640000006,Negative
2024-04-03,DEBIT,22.43,USD,77.607,-1641954.78,ElectroWorld,Utilities,Electricity,UAE,Kolkata,TRUE,REPEAT PURCHASE,2021.0,330737.7519,Negative
2025-05-29,DEBIT,49.28,INR,1.0,-144040.49,AutoZone,Education,Course,USA,Mumbai,TRUE,CASHBACK CREDITED,,9363.2,Negative
2024-11-06,REFUND,10.73,AED ,21.6382,-1641954.78,Myntra,Automotive,Repair,USA,Mumbai,TRUE,PROMO APPLIED,,44113.79834000001,Negative
2025-02-14,CREDIT,60.65,USD,81.0108,-2680821.33,Walmart,Education,Course,India,Jaipur,TRUE,CHARGEBACK REQUESTED,,933527.9538,Negative
2024-10-23,DEBIT,12.22,USD,73.2534,-1641954.78,Swiggy,Travel,Taxi,India,Noida,TRUE,MANUAL ADJUSTMENT,,170079.74412000002,Negative
2024-04-22,DEBIT,291.81,INR,1.0,-1641954.78,ShopEasy,Education,Books,Canada,Kolkata,TRUE,CHARGEBACK REQUESTED,,55443.9,Negative
2024-11-29,DEBIT,34.13,USD,80.5904,-1641954.78,Myntra,Automotive,Fuel,UK,Jaipur,TRUE,MONTHLY SUBSCRIPTION,,522604.56688000006,Negative
2024-02-25,REFUND,65.55,AED,18.8805,-594974.86,Flipkart,Education,Books,UAE,Hyderabad,TRUE,,,235147.18725,Negative
2024-11-29,CREDIT,3.33,USD,79.088,-1641954.78,Reliance,Health,Pharmacy,UK,Kolkata,TRUE,MANUAL ADJUSTMENT,,50038.977600000006,Negative
2024-04-25,REFUND,37.66,USD,82.7736,-2902294.69,LocalMart,Health,Clinic,UK,Mumbai,TRUE,MONTHLY SUBSCRIPTION,,592278.2174399999,Negative
2024-12-09,CREDIT,42.47,GBP,93.9876,-1288647.0,ElectroWorld,Health,Pharmacy,UK,Noida,TRUE,MONTHLY SUBSCRIPTION,,758414.14068,Negative
2024-08-15,REFUND,35.21,USD,82.7369,-1871268.52,ElectroWorld,Electronics,Accessory,UAE,Jaipur,TRUE,CHARGEBACK REQUESTED,,553501.5873100001,Negative
2024-10-17,CREDIT,28.18,USD,72.4903,-1602642.84,Zomato,Health,Clinic,UK,Pune,TRUE,MANUAL ADJUSTMENT,2016.0,388127.56426,Negative
2023-09-13,CREDIT,33.37,GBP,96.7232,-2936296.31,AutoZone,Clothing,Women,UK,Mumbai,TRUE,CHARGEBACK REQUESTED,2025.0,613254.1049599999,Negative
2024-03-21,DEBIT,199.12,INR,1.0,-1676374.43,Zomato,Clothing,Women,Australia,Hyderabad,TRUE,SUSPECTED FRAUD,2024.0,37832.8,Negative
2023-10-06,DEBIT,33.37,INR,1.0,-1937238.25,Reliance,Health,Clinic,USA,Bengaluru,TRUE,CHARGEBACK REQUESTED,,6340.299999999999,Negative
2025-03-24,CREDIT,8.52,AED,18.8451,-1527610.96,AutoZone,Utilities,Electricity,Australia,Chennai,TRUE,REPEAT PURCHASE,2025.0,30506.44788,Negative
2023-11-14,DEBIT,10.23,AED,20.7527,-1641954.78,LocalMart,Entertainment,Concert,UAE,Kolkata,TRUE,PROMO APPLIED,2018.0,40337.022990000005,Negative
2025-02-23,CREDIT,33.37,GBP,106.0073,-985889.94,Reliance,Travel,Taxi,Australia,Noida,TRUE,CHARGEBACK REQUESTED,,672118.08419,Negative
2025-05-28,CREDIT,3.53,GBP,99.9595,-987524.35,Zomato,Health,Clinic,Canada,Jaipur,TRUE,PROMO APPLIED,2026.0,67042.83665,Negative
2024-05-18,DEBIT,55.21,INR,1.0,-1221974.3,AutoZone,Electronics,Accessory,UAE,Jaipur,TRUE,REPEAT PURCHASE,2017.0,10489.9,Negative
2024-03-18,DEBIT,37.97,USD,79.6281,-2774285.7,Flipkart,Dining,Restaurant,Canada,Mumbai,TRUE,REPEAT PURCHASE,2023.0,574461.0018300001,Negative
2025-04-06,DEBIT,201.16,GBP,100.7325,-1807197.5,Reliance,Travel,Taxi,USA,Mumbai,TRUE,MANUAL ADJUSTMENT,,3850036.443,Negative
2024-01-31,CREDIT,9.94,GBP,98.2105,-189003.79,Amazon,Education,Course,Australia,Hyderabad,TRUE,CHARGEBACK REQUESTED,2023.0,185480.3503,Negative
2023-11-23,DEBIT,43.39,AED,20.0332,-1641954.78,Zomato,Dining,Cafe,Australia,Pune,TRUE,"REPEAT PURCHASE -- VERIFY
CONTACT SUPPORT",,165155.70412,Negative
2024-04-22,DEBIT,8.62,GBP,93.8924,-2626340.89,LocalMart,Clothing,Men,USA,Chennai,TRUE,PROMO APPLIED,2017.0,153776.97272,Negative
2025-07-04,DEBIT,18.89,USD,82.6488,-1641954.78,Swiggy,Education,Books,Canada,Kolkata,TRUE,,2019.0,296634.80808,Negative
2024-12-06,DEBIT,12.2,INR,1.0,-1825660.73,Zomato,Groceries,Supermarket,Australia,Mumbai,TRUE,MANUAL ADJUSTMENT,,2318.0,Negative
2024-03-24,DEBIT,14.96,AED,21.944,-1221946.7,Paytm Mall,Automotive,Fuel,UK,Pune,TRUE,"MANUAL ADJUSTMENT -- VERIFY
CONTACT SUPPORT",2018.0,62373.6256,Negative
2023-12-11,CREDIT,55.37,GBP ,107.9408,-2825996.27,Zomato,Dining,Restaurant,UK,Hyderabad,TRUE,MANUAL ADJUSTMENT,2025.0,1135569.59824,Negative
2024-09-04,DEBIT,36.76,USD,75.0517,-144674.53,Zomato,Entertainment,Streaming,India,Kolkata,TRUE,PROMO APPLIED,,524191.09348,Negative
2025-01-19,CREDIT,60.41,INR,1.0,-276185.85,Paytm Mall,Education,Course,USA,Mumbai,TRUE,SUSPECTED FRAUD,,11477.9,Negative
2023-12-24,DEBIT,26.19,INR,1.0,-2119157.67,ElectroWorld,Entertainment,Concert,UK,Kolkata,TRUE,REPEAT PURCHASE,2021.0,4976.1,Negative
2024-12-04,REFUND,23.44,INR,1.0,-1641954.78,LocalMart,Dining,FastFood,India,Hyderabad,TRUE,PROMO APPLIED,,4453.6,Negative
2024-07-10,CREDIT,33.97,INR,1.0,-1130970.12,Starbucks,Utilities,Electricity,UK,Kolkata,TRUE,MANUAL ADJUSTMENT,2023.0,6454.3,Negative
2024-10-13,DEBIT,12.58,USD,77.7668,-1641954.78,Paytm Mall,Groceries,Specialty,Canada,Delhi,TRUE,REPEAT PURCHASE,,185878.20536000002,Negative
2024-10-23,DEBIT,47.62,INR,1.0,-1641954.78,Starbucks,Utilities,Electricity,UAE,Jaipur,TRUE,REPEAT PURCHASE,2017.0,9047.8,Negative
2024-12-30,DEBIT,19.22,INRR,1.0,-2624406.32,Amazon,Electronics,Accessory,USA,Jaipur,TRUE,CHARGEBACK REQUESTED,2017.0,3651.7999999999997,Negative
2024-08-03,DEBIT,65.68,USD,73.0993,-1500015.06,Flipkart,Clothing,Women,Canada,Pune,TRUE,PROMO APPLIED,2026.0,912220.7845600001,Negative
2024-04-21,DEBIT,48.53,INR,1.0,-2231555.75,AutoZone,Automotive,Repair,Canada,Kolkata,TRUE,PROMO APPLIED,2024.0,9220.7,Negative
2024-06-13,CREDIT,33.37,INR,1.0,-2679830.99,Reliance,Groceries,Specialty,USA,Hyderabad,TRUE,CHARGEBACK REQUESTED,,6340.299999999999,Negative
2023-11-15,CREDIT,2.3,AED,21.1478,-2913954.59,Swiggy,Automotive,Fuel,India,Hyderabad,TRUE,SUSPECTED FRAUD,,9241.5886,Negative
2024-02-07,DEBIT,33.37,USD,75.6875,-2922079.32,BigBasket,Automotive,Fuel,UAE,Chennai,TRUE,,2022.0,479881.45625,Negative
2025-03-07,CREDIT,42.82,INR,1.0,-163731.02,AutoZone,Education,Books,India,Hyderabad,TRUE,PROMO APPLIED,,8135.8,Negative
2024-02-06,DEBIT,74.91,USD,75.5968,-2419795.36,Zomato,Education,Course,Canada,Pune,TRUE,CHARGEBACK REQUESTED,,1075961.69472,Negative
2025-05-23,CREDIT,76.77,INR,1.0,-2230695.36,AutoZone,Education,Books,Australia,Chennai,TRUE,,,14586.3,Negative
2025-07-16,REFUND,40.87,USD,79.2747,-1850539.27,Paytm Mall,Groceries,Supermarket,UAE,Chennai,TRUE,CASHBACK CREDITED,2017.0,615591.82791,Negative
2023-11-09,REFUND,43.35,GBP,92.6186,-542104.98,LocalMart,Clothing,Men,UK,Hyderabad,TRUE,CASHBACK CREDITED,,762853.0989,Negative
2025-06-06,DEBIT,33.37,AED,20.8647,-1221392.13,Walmart,Travel,Flight,India,Delhi,TRUE,CASHBACK CREDITED,2022.0,132288.45740999997,Negative
2025-02-19,DEBIT,43.29,USD,77.7145,-1170195.02,Starbucks,Entertainment,Concert,UK,Hyderabad,TRUE,MANUAL ADJUSTMENT,2019.0,639209.5339500001,Negative
2024-04-18,CREDIT,36.34,AED,18.1903,-1641932.22,ShopEasy,Electronics,Accessory,UAE,Pune,TRUE,SUSPECTED FRAUD,,125596.74538000001,Negative
2025-05-07,DEBIT,159.72,INR,1.0,-1641954.78,Walmart,Entertainment,Concert,USA,Pune,TRUE,,,30346.8,Negative
2024-07-15,DEBIT,33.37,GBP,96.0524,-2826459.78,Myntra,Automotive,Fuel,Australia,Noida,TRUE,PROMO APPLIED,,609001.03172,Negative
2024-07-07,CREDIT,23.05,GBP,104.3047,-1561369.53,LocalMart,Education,Books,Canada,Kolkata,TRUE,MONTHLY SUBSCRIPTION,2023.0,456802.43365,Negative
2024-01-18,REFUND,235.79,GBP,101.8983,-2623151.38,Paytm Mall,Clothing,Women,USA,Mumbai,TRUE,,2016.0,4565054.02983,Negative
2024-02-06,CREDIT,33.37,USD,74.3063,-1641954.78,Amazon,Electronics,Laptop,UK,Mumbai,TRUE,SUSPECTED FRAUD,2015.0,471124.2338899999,Negative
2023-11-19,REFUND,13.37,AED,19.8293,-965099.32,ShopEasy,Travel,Hotel,UK,Jaipur,TRUE,SUSPECTED FRAUD,,50372.37078999999,Negative
2025-08-13,REFUND,10.1,GBP,104.1505,-281508.8,ShopEasy,Groceries,Specialty,India,Bengaluru,TRUE,PROMO APPLIED,2025.0,199864.8095,Negative
2024-12-10,CREDIT,30.72,USD,73.6485,-558180.48,Zomato,Entertainment,Streaming,Australia,Jaipur,TRUE,PROMO APPLIED,2018.0,429871.56479999993,Negative
2025-05-08,DEBIT,93.0,USD,74.7485,-976204.81,Flipkart,Groceries,Specialty,USA,Jaipur,TRUE,SUSPECTED FRAUD,,1320805.995,Negative
2025-05-28,DEBIT,50.19,USD,76.9871,-1641954.78,BigBasket,Utilities,Electricity,Australia,Jaipur,TRUE,MANUAL ADJUSTMENT,,734156.6843099999,Negative
2025-04-28,DEBIT,18.17,USD,74.0589,-2825466.0,LocalMart,Entertainment,Streaming,Australia,Noida,TRUE,CHARGEBACK REQUESTED,,255673.54047000004,Negative
2024-11-21,DEBIT,33.37,USD,78.5376,-1163207.36,Walmart,Travel,Flight,Canada,Delhi,TRUE,,2015.0,497951.9452799999,Negative
2024-08-15,DEBIT,33.76,INR,1.0,-2679318.42,Paytm Mall,Health,Clinic,USA,Delhi,TRUE,,,6414.4,Negative
2024-11-06,REFUND,18.22,INR,1.0,-2773749.54,Flipkart,Electronics,Laptop,Australia,Chennai,TRUE,,,3461.7999999999997,Negative
2024-06-05,DEBIT,54.54,USD,76.3123,-2681636.74,Amazon,Travel,Hotel,Australia,Jaipur,TRUE,REPEAT PURCHASE,2022.0,790793.8399799999,Negative
2025-07-13,CREDIT,34.78,INR,1.0,-2936091.59,Starbucks,Dining,Restaurant,Canada,Kolkata,TRUE,MANUAL ADJUSTMENT,2021.0,6608.2,Negative
2025-06-17,DEBIT,39.32,GBP,105.6812,-2119644.05,Zomato,Groceries,Supermarket,Australia,Delhi,TRUE,CASHBACK CREDITED,,789523.10896,Negative
2024-06-19,DEBIT,13.35,USD,81.6093,-975167.04,Walmart,Dining,Cafe,Australia,Hyderabad,TRUE,SUSPECTED FRAUD,,207001.98945000002,Negative
2024-10-15,DEBIT,264.81,GBP ,101.8722,-1163359.42,BigBasket,Utilities,Electricity,Canada,Pune,TRUE,PROMO APPLIED,,5125587.683580001,Negative
2025-08-08,REFUND,33.37,USD,81.4837,-1229661.25,Swiggy,Electronics,Laptop,UAE,Noida,TRUE,SUSPECTED FRAUD,2015.0,516631.1031099999,Negative
2024-04-16,DEBIT,8.89,INR,1.0,-1641954.78,ShopEasy,Utilities,Water,USA,Mumbai,TRUE,CHARGEBACK REQUESTED,,1689.1000000000001,Negative
2024-04-10,DEBIT,43.86,INR,1.0,-481037.55,Paytm Mall,Dining,Restaurant,Australia,Mumbai,TRUE,MONTHLY SUBSCRIPTION,,8333.4,Negative
2024-11-09,CREDIT,33.37,INR,1.0,-1641954.78,Flipkart,Education,Course,UAE,Jaipur,TRUE,REPEAT PURCHASE,,6340.299999999999,Negative
2024-10-13,DEBIT,22.52,USD,72.8222,-1624909.07,Amazon,Automotive,Repair,Canada,Chennai,TRUE,MANUAL ADJUSTMENT,,311591.62935999996,Negative
2023-10-10,DEBIT,25.98,USD,76.1926,-175188.43,Myntra,Utilities,Internet,USA,Chennai,TRUE,REPEAT PURCHASE,2018.0,376101.91212,Negative
2024-02-10,DEBIT,33.37,USD,76.4318,-975365.71,Amazon,Health,Pharmacy,UK,Mumbai,TRUE,CHARGEBACK REQUESTED,,484600.54153999995,Negative
2025-08-23,CREDIT,5.03,GBP,109.0188,-446756.12,LocalMart,Clothing,Women,UAE,Pune,TRUE,PROMO APPLIED,,104189.26715999999,Negative
2024-09-04,CREDIT,13.36,USD,78.6332,-1641954.78,ElectroWorld,Travel,Taxi,USA,Kolkata,TRUE,MANUAL ADJUSTMENT,,199602.51488,Negative
2024-08-18,CREDIT,323.86,GBP,108.8967,-2868403.17,Walmart,Automotive,Repair,Canada,Pune,TRUE,PROMO APPLIED,2015.0,6700784.199779999,Negative
2025-03-25,CREDIT,33.62,AED,21.8926,-189116.87,Walmart,Clothing,Women,UK,Hyderabad,TRUE,SUSPECTED FRAUD,,139845.55028,Negative
2024-05-03,DEBIT,33.86,INR,1.0,-1641954.78,Starbucks,Groceries,Specialty,UK,Mumbai,TRUE,PROMO APPLIED,,6433.4,Negative
2025-08-18,REFUND,3.63,INR,1.0,-2249348.24,Walmart,Dining,Restaurant,Canada,Mumbai,TRUE,PROMO APPLIED,,689.6999999999999,Negative
2024-06-04,CREDIT,76.36,USD,82.4352,-282019.92,ShopEasy,Utilities,Water,UAE,Mumbai,TRUE,CASHBACK CREDITED,,1196002.85568,Negative
2024-05-13,DEBIT,33.37,INR,1.0,-143685.36,Swiggy,Electronics,Laptop,UK,Bengaluru,TRUE,SUSPECTED FRAUD,2020.0,6340.299999999999,Negative
2025-08-09,DEBIT,58.59,USD,78.6366,-1880346.6,Flipkart,Utilities,Internet,UK,Mumbai,TRUE,PROMO APPLIED,,875390.49486,Negative
2024-01-06,DEBIT,31.84,USD,73.2514,-258738.08,Paytm Mall,Entertainment,Streaming,UAE,Jaipur,TRUE,MANUAL ADJUSTMENT,,443141.66943999997,Negative
2025-02-13,REFUND,97.98,INR,1.0,-1008514.89,ShopEasy,Utilities,Electricity,UK,Noida,TRUE,CASHBACK CREDITED,,18616.2,Negative
2024-08-13,REFUND,9.16,AED,21.4158,-1270818.9,LocalMart,Groceries,Specialty,Australia,Kolkata,TRUE,CASHBACK CREDITED,,37272.058320000004,Negative
2025-07-18,REFUND,27.1,GBP,107.9559,-528978.69,BigBasket,Clothing,Women,India,Hyderabad,TRUE,CHARGEBACK REQUESTED,,555864.9291000001,Negative
2024-09-19,CREDIT,58.7,AED,21.0119,-553871.19,Flipkart,Utilities,Internet,UK,Gurugram,TRUE,MONTHLY SUBSCRIPTION,2016.0,234345.72070000003,Negative
2025-04-22,CREDIT,277.74,USD,73.9381,-1000768.54,Reliance,Automotive,Fuel,UAE,Mumbai,TRUE,,,3901757.8998600007,Negative
2024-10-04,CREDIT,109.43,INR,1.0,-975160.37,AutoZone,Utilities,Internet,India,Hyderabad,TRUE,MONTHLY SUBSCRIPTION,,20791.7,Negative
2023-09-17,REFUND,194.5,USD,77.4522,-189015.31,Reliance,Travel,Taxi,Australia,Chennai,TRUE,MANUAL ADJUSTMENT,2023.0,2862246.051,Negative
2025-06-15,REFUND,2.39,USD,80.3924,-1641954.78,Myntra,Automotive,Repair,UAE,Bengaluru,TRUE,MANUAL ADJUSTMENT,,36506.188839999995,Negative
2024-03-13,DEBIT,3.01,INR,1.0,-2774007.35,Starbucks,Education,Books,Australia,Delhi,TRUE,CASHBACK CREDITED,,571.9,Negative
2024-04-08,DEBIT,33.37,INR,1.0,-2653751.84,Amazon,Groceries,Specialty,Australia,Hyderabad,TRUE,REPEAT PURCHASE,,6340.299999999999,Negative
2024-07-01,DEBIT,33.37,INR,1.0,-2783708.64,BigBasket,Education,Books,UK,Noida,TRUE,MONTHLY SUBSCRIPTION,2022.0,6340.299999999999,Negative
2024-07-17,REFUND,33.37,INR,1.0,-595619.05,AutoZone,Entertainment,,,,TRUE,CASHBACK CREDITED,,6340.299999999999,Negative
2024-10-11,DEBIT,49.68,USD,76.8801,-2935294.11,Starbucks,Travel,Taxi,Australia,Jaipur,TRUE,CASHBACK CREDITED,,725686.63992,Negative
2025-07-14,DEBIT,108.66,USD,78.617,-2236819.74,ShopEasy,Education,Books,Canada,Jaipur,TRUE,,,1623079.4118000001,Negative
2024-04-06,CREDIT,33.37,INR,1.0,-1198295.98,BigBasket,Education,Books,USA,Gurugram,TRUE,MONTHLY SUBSCRIPTION,,6340.299999999999,Negative
2025-08-13,REFUND,9.17,AED,19.6514,-530327.84,Zomato,Dining,FastFood,India,Mumbai,TRUE,PROMO APPLIED,,34238.63422,Negative
2025-02-08,CREDIT,33.37,INR,1.0,-1078119.76,Flipkart,Clothing,Women,USA,Kolkata,TRUE,MONTHLY SUBSCRIPTION,2021.0,6340.299999999999,Negative
2023-09-20,REFUND,33.37,INR,1.0,-1641954.78,AutoZone,Electronics,Laptop,Canada,Noida,TRUE,,,6340.299999999999,Negative
2025-08-11,CREDIT,31.72,INR,1.0,-1641954.78,Paytm Mall,Dining,Cafe,UK,Noida,TRUE,CHARGEBACK REQUESTED,,6026.8,Negative
2024-05-27,CREDIT,36.26,INRR,1.0,-2580091.71,Paytm Mall,Dining,Cafe,India,Delhi,TRUE,MANUAL ADJUSTMENT,,6889.4,Negative
2025-05-15,CREDIT,33.9,USD,82.4122,-2626362.72,Swiggy,Utilities,Electricity,India,Mumbai,TRUE,CHARGEBACK REQUESTED,,530816.9802,Negative
2025-02-27,DEBIT,110.73,GBP,97.1087,-1641954.78,Paytm Mall,Groceries,Specialty,Canada,Pune,TRUE,REPEAT PURCHASE,2026.0,2043040.80669,Negative
2025-01-01,DEBIT,9.95,GBP,106.9459,-1641954.78,ElectroWorld,Dining,FastFood,USA,Delhi,TRUE,,2018.0,202181.22394999996,Negative
2023-11-21,CREDIT,714.87,GBP,109.2764,-446264.73,Flipkart,Health,Clinic,Australia,Chennai,TRUE,MONTHLY SUBSCRIPTION,,14842499.812919999,Negative
2023-12-13,DEBIT,26.04,INR,1.0,-2235326.03,Starbucks,Health,Pharmacy,UAE,Pune,TRUE,MONTHLY SUBSCRIPTION,,4947.599999999999,Negative
2025-06-13,DEBIT,212.47,AED,21.1367,-1214476.79,AutoZone,Automotive,Repair,Australia,Chennai,TRUE,,,853273.7833100001,Negative
2025-04-29,REFUND,33.37,INR,1.0,-1641954.78,Starbucks,Groceries,Supermarket,Australia,Chennai,TRUE,MANUAL ADJUSTMENT,,6340.299999999999,Negative
2025-08-17,CREDIT,49.87,INR,1.0,-160171.13,ShopEasy,Entertainment,Streaming,UK,Delhi,TRUE,MANUAL ADJUSTMENT,2024.0,9475.3,Negative
2024-04-29,REFUND,16.46,USD,81.166,-1641954.78,Reliance,Clothing,Women,UK,Noida,TRUE,CHARGEBACK REQUESTED,,253838.5484,Negative
2023-10-26,DEBIT,13.99,INR,1.0,-1626565.82,Zomato,Entertainment,Movies,Canada,Delhi,TRUE,,,2658.1,Negative
2023-11-27,DEBIT,86.48,AED,18.2894,-1143059.6,Swiggy,Dining,Cafe,India,Chennai,TRUE,REPEAT PURCHASE,,300516.78928,Negative
2024-05-28,DEBIT,33.37,USD,76.5485,-2783823.95,LocalMart,Entertainment,Concert,UK,Pune,TRUE,MONTHLY SUBSCRIPTION,,485340.45454999997,Negative
2024-03-15,DEBIT,19.12,GBP,107.8133,-2085653.63,BigBasket,Utilities,Electricity,Australia,Delhi,TRUE,REPEAT PURCHASE,2019.0,391664.15624,Negative
2025-07-30,DEBIT,17.54,AED,20.0268,-2580251.79,Swiggy,Electronics,Laptop,Canada,Jaipur,TRUE,MONTHLY SUBSCRIPTION,,66741.31368,Negative
2023-12-18,REFUND,8.79,INR,1.0,-1641954.78,Starbucks,Travel,Hotel,India,Mumbai,TRUE,REPEAT PURCHASE,,1670.1,Negative
2025-06-23,DEBIT,63.86,USD,76.716,-1500809.62,Walmart,Entertainment,Movies,Australia,Kolkata,TRUE,"CHARGEBACK REQUESTED -- VERIFY
CONTACT SUPPORT",2022.0,930825.9143999999,Negative
2025-07-17,CREDIT,129.38,GBP,105.45,-1641376.56,AutoZone,Education,Course,Canada,Hyderabad,TRUE,REPEAT PURCHASE,2019.0,2592192.9899999998,Negative
2023-11-25,DEBIT,96.78,GBP,94.2911,-1713112.53,Reliance,Dining,Restaurant,India,Jaipur,TRUE,CASHBACK CREDITED,2020.0,1733843.6050200001,Negative
2024-05-21,CREDIT,33.37,GBP,109.8335,-1712775.85,LocalMart,Travel,Flight,UAE,Hyderabad,TRUE,CASHBACK CREDITED,,696377.34005,Negative
2025-05-21,CREDIT,6.13,USD,72.319,-1130604.42,Swiggy,Travel,Taxi,UK,Delhi,TRUE,MANUAL ADJUSTMENT,2022.0,84229.9393,Negative
2024-12-05,REFUND,69.44,INR,1.0,-1284331.11,Myntra,Health,Pharmacy,India,Delhi,TRUE,MANUAL ADJUSTMENT,,13193.6,Negative
2024-01-27,DEBIT,6.79,INR,1.0,-1130560.46,Reliance,Clothing,Women,Canada,Chennai,TRUE,REPEAT PURCHASE,2023.0,1290.1,Negative
2024-11-12,REFUND,18.93,INR,1.0,-1000567.21,Paytm Mall,Groceries,Specialty,UAE,Delhi,TRUE,CHARGEBACK REQUESTED,2019.0,3596.7,Negative
2023-11-18,DEBIT,107.9,INR,1.0,-1641954.78,LocalMart,Groceries,Supermarket,UK,Hyderabad,TRUE,SUSPECTED FRAUD,,20501.0,Negative
2024-07-19,CREDIT,51.1,AED,18.6904,-1676012.71,Paytm Mall,Groceries,Specialty,UK,Bengaluru,TRUE,MONTHLY SUBSCRIPTION,,181465.09360000002,Negative
2024-02-10,DEBIT,33.82,INR,1.0,-2112510.33,Zomato,Utilities,Electricity,UK,Hyderabad,TRUE,,,6425.8,Negative
2024-11-26,CREDIT,177.6,USD,73.7044,-1809002.44,Myntra,Utilities,Electricity,USA,Bengaluru,TRUE,CASHBACK CREDITED,,2487081.2736000004,Negative
2024-05-12,DEBIT,63.75,GBP,98.8879,-2465660.76,Starbucks,Health,Clinic,UK,Mumbai,TRUE,CASHBACK CREDITED,2019.0,1197779.68875,Negative
2023-11-27,DEBIT,15.87,AED,20.6563,-1641954.78,ShopEasy,Dining,Cafe,UAE,Hyderabad,TRUE,,2017.0,62284.94139000001,Negative
2025-08-09,REFUND,33.37,INR,1.0,-2868217.29,Reliance,Travel,Hotel,India,Noida,TRUE,SUSPECTED FRAUD,2018.0,6340.299999999999,Negative
2024-07-08,CREDIT,16.42,INR,1.0,-2465187.72,LocalMart,Health,Pharmacy,UAE,Noida,TRUE,MONTHLY SUBSCRIPTION,2025.0,3119.8,Negative
2025-05-25,DEBIT,31.76,INR,1.0,-145747.48,Amazon,Utilities,Electricity,Australia,Pune,TRUE,CHARGEBACK REQUESTED,,6034.400000000001,Negative
2025-07-01,CREDIT,58.93,INR,1.0,-1641954.78,BigBasket,Automotive,Fuel,India,Jaipur,TRUE,MANUAL ADJUSTMENT,2015.0,11196.7,Negative
2024-09-09,DEBIT,36.16,INR,1.0,-1641954.78,ElectroWorld,Health,Clinic,India,Jaipur,TRUE,MANUAL ADJUSTMENT,,6870.4,Negative
2025-01-09,CREDIT,51.6,GBP,100.5414,-1163153.72,Walmart,Groceries,Specialty,UK,Pune,TRUE,,,985707.8856,Negative
2024-09-04,CREDIT,33.37,INR,1.0,-174956.87,Myntra,Clothing,Men,UAE,Hyderabad,TRUE,CASHBACK CREDITED,,6340.299999999999,Negative
2024-05-20,CREDIT,60.2,INR,1.0,-189189.19,Walmart,Clothing,Men,Canada,Jaipur,TRUE,"CHARGEBACK REQUESTED -- VERIFY
CONTACT SUPPORT",2021.0,11438.0,Negative
2023-12-09,CREDIT,23.23,USD,77.6549,-1163022.04,Walmart,Dining,Restaurant,Canada,Delhi,TRUE,REPEAT PURCHASE,,342745.43213,Negative
2024-10-07,DEBIT,33.37,USD,79.1685,-964889.03,ElectroWorld,Utilities,Electricity,Canada,Jaipur,TRUE,MONTHLY SUBSCRIPTION,2017.0,501952.0405499999,Negative
2025-07-31,DEBIT,234.84,USD,74.4125,-174201.38,Amazon,Entertainment,Concert,UK,Mumbai,TRUE,CHARGEBACK REQUESTED,,3320255.9849999994,Negative
2025-08-22,CREDIT,10.28,GBP,104.9648,-159788.25,Myntra,Travel,Taxi,India,Delhi,TRUE,PROMO APPLIED,,205017.24735999998,Negative
2024-05-10,CREDIT,36.56,GBP,103.7964,-1130681.62,Paytm Mall,Education,Course,UK,Jaipur,TRUE,REPEAT PURCHASE,,721011.31296,Negative
2024-09-09,CREDIT,10.06,AED,20.121,-2901930.45,Walmart,Clothing,Women,UK,Hyderabad,TRUE,MONTHLY SUBSCRIPTION,2021.0,38459.2794,Negative
2025-07-06,REFUND,33.37,INR,1.0,-2825890.4,BigBasket,Health,Pharmacy,UAE,Gurugram,TRUE,,,6340.299999999999,Negative
2025-05-13,CREDIT,9.71,GBP,90.5834,-1641954.78,ElectroWorld,Education,Course,Australia,Noida,TRUE,,,167117.31466,Negative
2024-06-08,DEBIT,81.59,INR ,1.0,-276240.17,Walmart,Health,Pharmacy,USA,Hyderabad,TRUE,PROMO APPLIED,,15502.1,Negative
2025-03-15,CREDIT,155.85,USD,76.7698,-2727321.41,ShopEasy,Electronics,Laptop,Canada,Pune,TRUE,CHARGEBACK REQUESTED,2020.0,2273268.9327,Negative
2024-04-23,CREDIT,47.14,AED,19.1611,-1435753.75,Walmart,Health,Clinic,Canada,Jaipur,TRUE,PROMO APPLIED,,171618.30826000002,Negative
2024-12-30,CREDIT,33.37,GBP,95.1551,-1641954.78,LocalMart,Dining,Restaurant,UAE,Jaipur,TRUE,SUSPECTED FRAUD,,603311.88053,Negative
2025-09-07,DEBIT,246.07,USD,72.9205,-2933267.15,Flipkart,Education,Books,USA,Jaipur,TRUE,PROMO APPLIED,,3409274.01265,Negative
2025-03-30,DEBIT,33.37,GBP,97.8744,-1163427.13,BigBasket,Travel,Flight,Australia,Mumbai,TRUE,CASHBACK CREDITED,2019.0,620553.05832,Negative
2024-05-26,REFUND,6.71,USD,78.6839,-2775187.11,Swiggy,Electronics,Accessory,UAE,Pune,TRUE,SUSPECTED FRAUD,,100314.10410999999,Negative
2023-11-06,DEBIT,34.3,USD,76.8831,-1641954.78,Walmart,Health,Clinic,Australia,Kolkata,TRUE,CASHBACK CREDITED,,501047.1626999999,Negative
2024-04-17,DEBIT,91.26,INR,1.0,-2238080.64,BigBasket,Health,Clinic,Australia,Chennai,TRUE,MONTHLY SUBSCRIPTION,2015.0,17339.4,Negative
2024-12-07,DEBIT,24.46,INR,1.0,-1009075.21,Walmart,Education,Books,Australia,Delhi,TRUE,CASHBACK CREDITED,,4647.400000000001,Negative
2024-11-13,DEBIT,96.01,USD,75.024,-2622963.64,Paytm Mall,Utilities,Internet,India,Chennai,TRUE,PROMO APPLIED,2016.0,1368580.3056,Negative
2024-08-16,DEBIT,30.66,USD,75.9118,-1640291.57,BigBasket,Groceries,Supermarket,USA,Pune,TRUE,CASHBACK CREDITED,,442216.59972000006,Negative
2024-05-18,DEBIT,27.66,AED,21.349,-2538936.73,Starbucks,Education,Course,India,Bengaluru,TRUE,,,112197.5346,Negative
2024-01-31,REFUND,18.86,GBP ,92.0932,-189667.29,ShopEasy,Travel,Hotel,Australia,Chennai,TRUE,CHARGEBACK REQUESTED,,330006.77288,Negative
2023-12-25,CREDIT,33.37,GBP,91.4713,-1641954.78,BigBasket,Groceries,Specialty,Canada,Kolkata,TRUE,CASHBACK CREDITED,,579955.48339,Negative
2024-03-04,REFUND,33.37,USD,78.5739,-2873497.65,Walmart,Groceries,Specialty,UAE,Mumbai,TRUE,MANUAL ADJUSTMENT,,498182.0981699999,Negative
2025-06-03,DEBIT,61.08,USD,80.5377,-2495030.12,Reliance,Automotive,Fuel,USA,Pune,TRUE,,,934656.11604,Negative
2025-09-11,DEBIT,33.37,INR,1.0,-1130684.5,AutoZone,Groceries,Specialty,UAE,Mumbai,TRUE,PROMO APPLIED,2018.0,6340.299999999999,Negative
2024-08-19,CREDIT,93.21,USD,78.0975,-1641954.78,Reliance,Utilities,Internet,USA,Noida,TRUE,CHARGEBACK REQUESTED,,1383098.9152499998,Negative
2024-01-10,DEBIT,44.9,INR,1.0,-1168869.94,Myntra,Clothing,Women,UK,Mumbai,TRUE,PROMO APPLIED,,8531.0,Negative
2024-10-04,CREDIT,33.37,USD,72.6398,-1641954.78,Amazon,Education,Course,UK,Chennai,TRUE,REPEAT PURCHASE,,460558.12393999996,Negative
2023-11-20,DEBIT,20.66,INR ,1.0,-529059.64,Zomato,Health,Pharmacy,India,Pune,TRUE,PROMO APPLIED,2019.0,3925.4,Negative
2024-11-07,CREDIT,1.8,USD,72.5633,-2237519.03,Paytm Mall,Clothing,Women,Australia,Hyderabad,TRUE,MANUAL ADJUSTMENT,,24816.648600000004,Negative
2024-06-21,REFUND,0.73,USD,75.7283,-1641954.78,AutoZone,Clothing,Men,USA,Gurugram,TRUE,MONTHLY SUBSCRIPTION,2025.0,10503.515210000001,Negative
2024-05-16,CREDIT,72.0,USD,75.2854,-541957.9,BigBasket,Electronics,Accessory,UAE,Kolkata,TRUE," -- VERIFY
CONTACT SUPPORT",,1029904.2719999999,Negative
2023-10-09,DEBIT,17.62,GBP ,100.884,-2420132.13,Starbucks,Dining,FastFood,Australia,Mumbai,TRUE,CASHBACK CREDITED,2024.0,337739.4552,Negative
2024-01-15,DEBIT,89.35,USD,76.1199,-2582914.62,Swiggy,Education,Books,Australia,Noida,TRUE,MONTHLY SUBSCRIPTION,2024.0,1292249.48235,Negative
2025-07-13,DEBIT,4.07,AED,18.1776,-2900760.57,Flipkart,Travel,Taxi,USA,Gurugram,TRUE,REPEAT PURCHASE,,14056.738080000003,Negative
2023-10-20,DEBIT,254.51,GBP,90.1801,-2419128.86,BigBasket,Electronics,Mobile,Canada,Gurugram,TRUE,CASHBACK CREDITED,,4360830.07769,Negative
2025-01-26,CREDIT,33.37,USD,75.8883,-1641954.78,BigBasket,Health,Pharmacy,Australia,Kolkata,TRUE,REPEAT PURCHASE,,481154.58849,Negative
2024-04-24,DEBIT,47.89,USD,76.8674,-2419819.31,Swiggy,Health,Clinic,India,Hyderabad,TRUE,SUSPECTED FRAUD,,699424.15934,Negative
2025-01-09,REFUND,33.37,INR,1.0,-490751.04,Myntra,Clothing,Men,Canada,Mumbai,TRUE,CHARGEBACK REQUESTED,2023.0,6340.299999999999,Negative
2025-09-01,CREDIT,16.63,USD,75.0021,-2678155.83,LocalMart,Utilities,Water,UAE,Noida,TRUE,,2015.0,236984.13536999997,Negative
2025-04-12,REFUND,29.53,INR,1.0,-1624664.88,Swiggy,Groceries,Supermarket,Canada,Kolkata,TRUE,MONTHLY SUBSCRIPTION,,5610.7,Negative
2023-10-19,CREDIT,88.14,USD,79.5621,-976158.31,Swiggy,Dining,Restaurant,India,Mumbai,TRUE,MONTHLY SUBSCRIPTION,2025.0,1332394.66386,Negative
2025-03-06,DEBIT,60.46,USD,73.5169,-2653658.68,Swiggy,Entertainment,Streaming,USA,Kolkata,TRUE,MONTHLY SUBSCRIPTION,2019.0,844518.03706,Negative
2024-05-01,CREDIT,54.04,USD,74.5296,-1935845.66,ElectroWorld,Utilities,Electricity,India,Mumbai,TRUE,MONTHLY SUBSCRIPTION,2016.0,765240.12096,Negative
2023-12-10,DEBIT,414.2,GBP,95.2681,-2935026.16,Amazon,Groceries,Supermarket,Australia,Delhi,TRUE,,,7497408.9338,Negative
2024-03-11,DEBIT,33.37,INR,1.0,-2775688.93,Amazon,Dining,Restaurant,Canada,Kolkata,TRUE,REPEAT PURCHASE,2024.0,6340.299999999999,Negative
2024-07-06,CREDIT,16.51,AED,20.1191,-1641954.78,Myntra,Travel,Hotel,UK,Delhi,TRUE,SUSPECTED FRAUD,,63111.60479000001,Negative
2024-09-04,REFUND,35.6,AED,20.3719,-145376.46,ElectroWorld,Electronics,Laptop,UK,Pune,TRUE,MANUAL ADJUSTMENT,2015.0,137795.5316,Negative
2023-11-25,DEBIT,208.61,GBP,107.8061,-1284649.68,Swiggy,Clothing,Women,USA,Mumbai,TRUE,CASHBACK CREDITED,,4272991.79899,Negative
2024-03-13,CREDIT,33.37,INR,1.0,-965414.12,Starbucks,Health,Pharmacy,Australia,Noida,TRUE,SUSPECTED FRAUD,,6340.299999999999,Negative
2024-09-11,DEBIT,17.05,INR,1.0,-2452496.3,ElectroWorld,Entertainment,Movies,India,Hyderabad,TRUE,REPEAT PURCHASE,,3239.5,Negative
2024-02-14,DEBIT,191.91,INR,1.0,-1641954.78,AutoZone,Utilities,Water,India,Gurugram,TRUE,CASHBACK CREDITED,,36462.9,Negative
2024-11-10,CREDIT,33.37,USD,74.77,-537550.5,Zomato,Dining,FastFood,Australia,Gurugram,TRUE,SUSPECTED FRAUD,2021.0,474064.2309999999,Negative
2024-09-11,REFUND,17.87,INR,1.0,-1641954.78,Paytm Mall,Utilities,Internet,Canada,Bengaluru,TRUE,MANUAL ADJUSTMENT,2020.0,3395.3,Negative
2024-01-17,CREDIT,21.32,INR,1.0,-1008408.37,Amazon,Groceries,Supermarket,USA,Jaipur,TRUE,,2019.0,4050.8,Negative
2024-08-04,REFUND,43.01,USD,72.2453,-2773589.82,Reliance,Education,Books,UK,Delhi,TRUE,REPEAT PURCHASE,2021.0,590381.3670699999,Negative
2025-08-31,CREDIT,29.43,GBP,94.5612,-1641954.78,Paytm Mall,Clothing,Women,UK,Chennai,TRUE,CHARGEBACK REQUESTED,2015.0,528757.8620399999,Negative
2025-08-06,DEBIT,33.37,GBP,105.0788,-1560677.27,LocalMart,Utilities,Electricity,Australia,Kolkata,TRUE,CHARGEBACK REQUESTED,2015.0,666231.11564,Negative
2024-12-11,DEBIT,32.46,AED,21.8174,-2466437.82,Swiggy,Travel,Hotel,Australia,Kolkata,TRUE,CASHBACK CREDITED,2017.0,134556.63276,Negative
2023-11-29,DEBIT,33.37,INR,1.0,-1559095.86,Paytm Mall,Utilities,Water,USA,Chennai,TRUE,CHARGEBACK REQUESTED,,6340.299999999999,Negative
2025-06-22,DEBIT,35.07,INR,1.0,-1641954.78,Paytm Mall,Travel,Hotel,UK,Mumbai,TRUE,MANUAL ADJUSTMENT,,6663.3,Negative
2024-04-02,REFUND,33.37,AED,18.5546,-281575.99,BigBasket,Entertainment,Streaming,India,Pune,TRUE,PROMO APPLIED,,117641.73038000001,Negative
2024-05-25,DEBIT,8.62,USD,74.9332,-2254517.16,Flipkart,Education,Books,Australia,Noida,TRUE,REPEAT PURCHASE,,122725.59495999999,Negative
2025-05-25,DEBIT,31.64,USD,81.6487,-2513753.48,AutoZone,Clothing,Women,Canada,Mumbai,TRUE,CASHBACK CREDITED,2021.0,490839.32492000004,Negative
2024-02-15,CREDIT,24.89,USD,81.111,-1774181.56,Walmart,Clothing,Men,UK,Bengaluru,TRUE,CHARGEBACK REQUESTED,,383582.03010000003,Negative
2025-08-09,DEBIT,26.42,AED,19.7845,-2465510.08,Myntra,Education,Books,USA,Gurugram,TRUE,MONTHLY SUBSCRIPTION,,99314.23310000001,Negative
2024-04-12,DEBIT,33.37,USD,78.2515,-176015.57,ElectroWorld,Automotive,Repair,India,Kolkata,TRUE,MANUAL ADJUSTMENT,2023.0,496137.9854499999,Negative
2024-10-30,CREDIT,33.37,USD,77.851,-1849691.55,ElectroWorld,Health,Clinic,Australia,Chennai,TRUE,PROMO APPLIED,2020.0,493598.6952999999,Negative
2024-11-15,REFUND,68.37,AED,18.6086,-1931612.0,ShopEasy,Education,Course,USA,Hyderabad,TRUE,MANUAL ADJUSTMENT,,241731.29658,Negative
2023-11-12,DEBIT,33.37,USD,74.7644,-1865537.13,Paytm Mall,Dining,FastFood,USA,Hyderabad,TRUE,SUSPECTED FRAUD,2015.0,474028.72531999997,Negative
2025-09-06,DEBIT,79.7,USD,73.883,-1561420.53,AutoZone,Utilities,Internet,India,Delhi,TRUE,MONTHLY SUBSCRIPTION,2017.0,1118810.2689999999,Negative
2023-10-17,DEBIT,33.37,AED,19.1837,-1824594.44,Amazon,Automotive,Repair,India,Delhi,TRUE,,,121630.41311000001,Negative
2025-07-10,CREDIT,33.37,USD,80.1767,-1024207.19,Flipkart,Health,Clinic,UK,Kolkata,TRUE,,2016.0,508344.33100999997,Negative
2023-10-16,REFUND,28.06,INR,1.0,-2902944.17,ElectroWorld,Travel,Taxi,USA,Gurugram,TRUE,MONTHLY SUBSCRIPTION,,5331.4,Negative
2024-07-04,DEBIT,46.83,USD,82.7413,-2462092.58,ElectroWorld,Automotive,Repair,USA,Kolkata,TRUE,CASHBACK CREDITED,2025.0,736207.2650099999,Negative
2025-04-15,DEBIT,62.63,INR,1.0,-2580241.81,ElectroWorld,Groceries,Specialty,Canada,Pune,TRUE,"MONTHLY SUBSCRIPTION -- VERIFY
CONTACT SUPPORT",2024.0,11899.7,Negative
2024-10-05,DEBIT,21.11,USD,82.7791,-1214609.21,Zomato,Education,Course,UK,Gurugram,TRUE,REPEAT PURCHASE,,332018.69219000003,Negative
2025-03-26,CREDIT,33.37,INR,1.0,-2467302.05,Walmart,Health,Clinic,Canada,Mumbai,TRUE,REPEAT PURCHASE,,6340.299999999999,Negative
2024-11-01,CREDIT,114.84,GBP,102.5524,-2418944.71,Walmart,Automotive,Fuel,Canada,Pune,TRUE,PROMO APPLIED,,2237652.3470400004,Negative
2023-12-26,CREDIT,36.02,INR,1.0,-1641954.78,ElectroWorld,Electronics,Accessory,Australia,Delhi,TRUE,,,6843.8,Negative
2023-11-10,CREDIT,33.37,USD,82.6648,-1641954.78,Starbucks,Utilities,Internet,Australia,Bengaluru,TRUE,CHARGEBACK REQUESTED,,524119.63143999997,Negative
2025-05-11,DEBIT,40.51,USD,75.934,-2464081.44,BigBasket,Automotive,Repair,Australia,Jaipur,TRUE,MONTHLY SUBSCRIPTION,2023.0,584456.4046,Negative
2025-08-08,CREDIT,8.3,INR,1.0,-1641954.78,LocalMart,Travel,Hotel,UK,Bengaluru,TRUE,SUSPECTED FRAUD,,1577.0000000000002,Negative
2024-08-18,DEBIT,33.37,INR,1.0,-1162538.45,Flipkart,Health,Pharmacy,UK,Pune,TRUE,MANUAL ADJUSTMENT,2023.0,6340.299999999999,Negative
2024-08-16,REFUND,13.32,USD,79.1916,-189437.69,Myntra,Clothing,Women,Australia,Bengaluru,TRUE,CASHBACK CREDITED,,200418.10128,Negative
2024-04-17,CREDIT,189.23,GBP,101.4264,-1199816.03,ElectroWorld,Utilities,Internet,UK,Delhi,TRUE,CASHBACK CREDITED,2019.0,3646654.35768,Negative
2024-02-17,DEBIT,6.09,INR,1.0,-2775257.17,ShopEasy,Electronics,Accessory,UAE,Kolkata,TRUE,,2021.0,1157.1,Negative
2023-11-02,DEBIT,60.21,GBP,98.6595,-1214786.66,Reliance,Groceries,Specialty,USA,Pune,TRUE,CHARGEBACK REQUESTED,,1128654.81405,Negative
2024-04-04,CREDIT,196.05,USD,79.284,-1641954.78,Paytm Mall,Entertainment,Streaming,UAE,Bengaluru,TRUE,CASHBACK CREDITED,2023.0,2953289.3580000005,Negative
2024-07-01,DEBIT,33.37,USD,79.0791,-1168107.22,Walmart,Education,Books,UAE,Noida,TRUE,MANUAL ADJUSTMENT,2021.0,501385.21773,Negative
2024-05-01,DEBIT,64.54,GBP,90.9825,-2680058.05,ElectroWorld,Electronics,Laptop,USA,Pune,TRUE,CHARGEBACK REQUESTED,2022.0,1115682.0045000003,Negative
2024-12-03,REFUND,5.37,INR,1.0,-1626240.6,ElectroWorld,Groceries,Supermarket,UK,Delhi,TRUE,MANUAL ADJUSTMENT,2023.0,1020.3000000000001,Negative
2024-12-22,DEBIT,67.09,USD,79.9141,-174797.96,Paytm Mall,Travel,Hotel,India,Hyderabad,TRUE,CASHBACK CREDITED,,1018673.0241100001,Negative
2024-02-07,DEBIT,95.47,INR,1.0,-1641954.78,Starbucks,Electronics,Mobile,USA,Kolkata,TRUE,REPEAT PURCHASE,2017.0,18139.3,Negative
2023-12-07,CREDIT,33.37,INR,1.0,-2726653.22,Paytm Mall,Groceries,Specialty,Australia,Pune,TRUE,SUSPECTED FRAUD,2017.0,6340.299999999999,Negative
2024-08-31,REFUND,32.56,USD,77.4345,-2579680.88,ShopEasy,Utilities,Electricity,Australia,Pune,TRUE,SUSPECTED FRAUD,2020.0,479040.7908000001,Negative
2025-02-08,REFUND,33.37,USD,82.9185,-2465124.23,LocalMart,Entertainment,Concert,UK,Jaipur,TRUE,CASHBACK CREDITED,,525728.1655499999,Negative
2025-08-02,CREDIT,145.91,GBP,99.5188,-1284737.81,AutoZone,Education,Course,UK,Chennai,TRUE,PROMO APPLIED,2019.0,2758949.74052,Negative
2024-03-25,DEBIT,7.09,USD,79.3998,-1865482.27,Starbucks,Health,Pharmacy,Australia,Noida,TRUE,CHARGEBACK REQUESTED,,106959.47058,Negative
2024-04-06,DEBIT,51.98,GBP,105.0134,9368.96,Zomato,Automotive,Repair,UAE,Jaipur,TRUE,REPEAT PURCHASE,2020.0,1037133.3410799999,Positive
2025-05-26,DEBIT,24.56,USD,76.983,-2419623.06,Flipkart,Groceries,Supermarket,UAE,Chennai,TRUE,,,359233.47119999997,Negative
2024-10-29,DEBIT,329.26,GBP,92.262,-555248.57,Walmart,Education,Books,USA,Bengaluru,TRUE,SUSPECTED FRAUD,,5771855.362799999,Negative
2025-01-03,DEBIT,33.37,INR,1.0,-2118401.54,LocalMart,Dining,Cafe,UAE,Pune,TRUE,CASHBACK CREDITED,,6340.299999999999,Negative
2025-04-06,REFUND,61.48,USD,73.6159,-1712871.88,Walmart,Dining,FastFood,India,Delhi,TRUE,CASHBACK CREDITED,2017.0,859922.05108,Negative
2025-02-25,DEBIT,33.37,AED,19.3306,-1985025.11,Reliance,Entertainment,Streaming,UK,Delhi,TRUE,,,122561.80317999999,Negative
2025-08-22,DEBIT,163.1,INR,1.0,-1705933.27,AutoZone,Groceries,Specialty,Australia,Hyderabad,TRUE,PROMO APPLIED,,30989.0,Negative
2025-03-01,CREDIT,26.51,GBP,97.6396,-593959.27,Zomato,Dining,Restaurant,UAE,Pune,TRUE,MONTHLY SUBSCRIPTION,,491800.90124,Negative
2024-08-28,DEBIT,14.16,USD,72.9742,-2579222.9,BigBasket,Utilities,Electricity,UAE,Pune,TRUE,PROMO APPLIED,,196329.78768,Negative
2024-12-13,REFUND,33.37,INR,1.0,-2873165.49,BigBasket,Entertainment,Concert,UAE,Jaipur,TRUE,PROMO APPLIED,,6340.299999999999,Negative
2023-10-04,CREDIT,22.38,USD,76.3052,-2117912.22,ShopEasy,Clothing,Men,USA,Bengaluru,TRUE,MONTHLY SUBSCRIPTION,2017.0,324464.97144,Negative
2025-03-16,REFUND,779.66,AED,21.1135,-1641954.78,ShopEasy,Utilities,Electricity,Canada,Noida,TRUE,MONTHLY SUBSCRIPTION,,3127656.7679,Negative
2023-11-16,CREDIT,33.37,USD,75.8969,-2461913.06,BigBasket,Automotive,Repair,USA,Noida,TRUE,,2015.0,481209.11507,Negative
2025-06-22,CREDIT,33.37,USD,80.712,-1221183.7,Swiggy,Electronics,Mobile,Canada,Delhi,TRUE,,,511738.2936,Negative
2024-02-29,DEBIT,3.8,USD,79.801,-276323.03,Swiggy,Electronics,Laptop,Canada,Chennai,TRUE,MONTHLY SUBSCRIPTION,,57616.32200000001,Negative
2024-05-24,CREDIT,154.56,INR,1.0,-2462659.89,Walmart,Health,Clinic,UAE,Jaipur,TRUE,PROMO APPLIED,,29366.4,Negative
2024-02-07,DEBIT,14.14,INR,1.0,-2775525.82,AutoZone,Utilities,Internet,UK,Noida,TRUE,REPEAT PURCHASE,,2686.6,Negative
2024-10-19,DEBIT,52.9,INR,1.0,-1641954.78,Myntra,Entertainment,Concert,Canada,Bengaluru,TRUE,MANUAL ADJUSTMENT,,10051.0,Negative
2023-12-08,CREDIT,26.17,AED,18.1138,-2119591.21,Flipkart,Health,Pharmacy,USA,Hyderabad,TRUE,SUSPECTED FRAUD,,90067.24774,Negative
2025-08-24,CREDIT,16.27,USD,76.6237,-260497.6,AutoZone,Dining,Restaurant,UK,Mumbai,TRUE,PROMO APPLIED,2015.0,236866.84381,Negative
2024-03-08,CREDIT,67.31,AED,19.6585,-2902977.82,Paytm Mall,Health,Pharmacy,UK,Jaipur,TRUE,MANUAL ADJUSTMENT,,251410.59065000003,Negative
2024-10-20,DEBIT,71.89,AED,20.0255,-2933518.89,Walmart,Utilities,Water,Canada,Hyderabad,TRUE,CHARGEBACK REQUESTED,,273530.30705,Negative
2024-06-13,DEBIT,52.91,USD,75.8305,-1641954.78,Swiggy,Travel,Flight,India,Pune,TRUE,CASHBACK CREDITED,,762316.43345,Negative
2025-09-08,REFUND,33.37,USD,79.0712,-593946.01,Walmart,Health,Pharmacy,Canada,Bengaluru,TRUE,MANUAL ADJUSTMENT,2016.0,501335.12935999996,Negative
2025-06-07,DEBIT,33.37,USD,79.9142,-1413015.18,LocalMart,Clothing,Men,UAE,Noida,TRUE,CHARGEBACK REQUESTED,2016.0,506680.00226,Negative
2024-05-30,DEBIT,60.36,USD,74.0487,-1871350.75,LocalMart,Travel,Flight,UK,Jaipur,TRUE,MONTHLY SUBSCRIPTION,2021.0,849220.11108,Negative
2023-12-23,DEBIT,33.37,INR,1.0,-2463146.68,Walmart,Electronics,Laptop,UAE,Kolkata,TRUE,CHARGEBACK REQUESTED,,6340.299999999999,Negative
2024-11-04,REFUND,404.74,GBP,98.1362,-1808162.89,Flipkart,Utilities,Electricity,UAE,Noida,TRUE,SUSPECTED FRAUD,2021.0,7546732.66172,Negative
2023-11-16,DEBIT,41.38,USD,77.7639,-2308161.41,Paytm Mall,Dining,Cafe,Canada,Bengaluru,TRUE,REPEAT PURCHASE,2024.0,611395.3345800001,Negative
2025-05-13,CREDIT,339.24,USD,76.8101,-1078307.69,Walmart,Travel,Taxi,UK,Pune,TRUE,CASHBACK CREDITED,,4950841.08156,Negative
2023-12-01,CREDIT,33.97,USD,73.98,-976614.84,Walmart,Health,Pharmacy,India,Chennai,TRUE,REPEAT PURCHASE,,477489.11400000006,Negative
2025-01-02,CREDIT,31.97,USD,74.1744,-2867930.88,Flipkart,Utilities,Internet,India,Gurugram,TRUE,,,450557.55792,Negative
2023-12-20,DEBIT,33.85,USD,75.6181,-1653031.15,ElectroWorld,Travel,Taxi,USA,Bengaluru,TRUE,CHARGEBACK REQUESTED,2021.0,486337.81015,Negative
2024-06-26,CREDIT,33.37,AED,20.3975,-1076148.24,Myntra,Education,Books,Canada,Mumbai,TRUE,,,129326.26925,Negative
2024-01-09,CREDIT,40.58,INR,1.0,-595527.29,Zomato,Health,Pharmacy,India,Chennai,TRUE,"MONTHLY SUBSCRIPTION -- VERIFY
CONTACT SUPPORT",,7710.2,Negative
2023-10-02,DEBIT,55.33,GBP,103.2544,-2773849.83,LocalMart,Automotive,Fuel,India,Pune,TRUE,,,1085482.53088,Negative
2024-07-31,DEBIT,33.37,USD,79.2324,-2626336.58,Starbucks,Automotive,Repair,USA,Bengaluru,TRUE,SUSPECTED FRAUD,,502357.18571999995,Negative
2023-12-31,REFUND,33.37,AED,18.0634,-490313.63,BigBasket,Dining,FastFood,Canada,Pune,TRUE,,,114527.37502,Negative
2025-03-14,DEBIT,33.37,INR,1.0,-2773629.83,ElectroWorld,Travel,Taxi,UAE,Noida,TRUE,PROMO APPLIED,,6340.299999999999,Negative
2025-08-02,DEBIT,18.84,USD,80.3722,-2913908.73,Reliance,Electronics,Mobile,UAE,Chennai,TRUE,MONTHLY SUBSCRIPTION,2025.0,287700.32712000003,Negative
2025-04-14,CREDIT,60.79,INR,1.0,-2122326.17,Flipkart,Electronics,Laptop,India,Gurugram,TRUE,REPEAT PURCHASE,2016.0,11550.1,Negative
2025-07-15,REFUND,132.2,AED,18.6648,-1641954.78,AutoZone,Entertainment,Concert,Canada,Jaipur,TRUE,CASHBACK CREDITED,,468822.44639999996,Negative
2025-01-01,DEBIT,3.33,USD,82.6834,9556.25,Swiggy,Travel,Flight,USA,Gurugram,TRUE,CASHBACK CREDITED,2020.0,52313.78718000001,Positive
2025-09-09,DEBIT,10.52,USD,82.4523,-260084.06,Myntra,Electronics,Mobile,UAE,Pune,TRUE,CASHBACK CREDITED,,164805.65723999997,Negative
2024-09-24,CREDIT,69.94,INR,1.0,-2935602.55,Paytm Mall,Education,Books,India,Hyderabad,TRUE,MONTHLY SUBSCRIPTION,,13288.6,Negative
2023-09-30,CREDIT,68.82,USD,79.6187,-2650147.56,AutoZone,Groceries,Supermarket,UK,Hyderabad,TRUE,MONTHLY SUBSCRIPTION,,1041078.1974599999,Negative
2025-02-27,CREDIT,7.46,GBP,102.8426,-2774540.31,Flipkart,Dining,Cafe,USA,Mumbai,TRUE,,2024.0,145769.10124000002,Negative
2025-09-09,DEBIT,17.65,INR,1.0,-1713914.66,Paytm Mall,Groceries,Specialty,Australia,Mumbai,TRUE,MANUAL ADJUSTMENT,2015.0,3353.4999999999995,Negative
2024-01-12,DEBIT,30.82,GBP,103.8748,-2254457.92,Zomato,Health,Pharmacy,USA,Kolkata,TRUE,MANUAL ADJUSTMENT,,608270.05384,Negative
2024-11-17,CREDIT,33.37,INR,1.0,-1641954.78,Swiggy,Entertainment,Concert,UK,Mumbai,TRUE,,,6340.299999999999,Negative
2025-06-29,DEBIT,33.37,INR,1.0,-1557716.46,Walmart,Entertainment,Streaming,Australia,Jaipur,TRUE,REPEAT PURCHASE,2022.0,6340.299999999999,Negative
2024-11-15,REFUND,33.37,GBP,90.0082,-635005.25,AutoZone,Automotive,Fuel,UAE,Bengaluru,TRUE,REPEAT PURCHASE,,570678.99046,Negative
2024-11-11,CREDIT,30.68,USD,79.3078,-2867835.57,Paytm Mall,Automotive,Fuel,Australia,Hyderabad,TRUE,PROMO APPLIED,2016.0,462301.02776,Negative
2024-04-02,DEBIT,58.31,INR,1.0,-489617.02,AutoZone,Clothing,Men,UK,Pune,TRUE,,,11078.9,Negative
2025-01-31,REFUND,3.47,USD,81.4191,-1557560.13,Reliance,Utilities,Water,Australia,Jaipur,TRUE,REPEAT PURCHASE,2020.0,53679.61263000001,Negative
2024-05-11,DEBIT,20.21,USD,82.628,-1676470.96,Flipkart,Groceries,Specialty,Australia,Mumbai,TRUE,REPEAT PURCHASE,,317283.2572,Negative
2025-04-10,REFUND,19.05,USD,75.6596,-143750.96,Amazon,Travel,Taxi,Canada,Mumbai,TRUE,REPEAT PURCHASE,2025.0,273849.92220000003,Negative
2025-05-12,DEBIT,37.25,INR,1.0,-1640167.91,Swiggy,Automotive,Repair,UK,Mumbai,TRUE,REPEAT PURCHASE,,7077.5,Negative
2025-05-06,DEBIT,7.69,GBP,90.3632,-2764577.01,LocalMart,Utilities,Water,UK,Kolkata,TRUE,MANUAL ADJUSTMENT,,132029.67152000003,Negative
2025-04-10,CREDIT,33.37,INR,1.0,-1272739.54,Walmart,Utilities,Water,UAE,Mumbai,TRUE,REPEAT PURCHASE,,6340.299999999999,Negative
2024-08-15,CREDIT,22.59,GBP,99.2881,-2902305.98,Paytm Mall,Health,Clinic,Australia,Jaipur,TRUE,CHARGEBACK REQUESTED,,426154.45401,Negative
2025-05-08,DEBIT,33.37,AED,20.782,-1288456.32,Starbucks,Travel,Taxi,India,Kolkata,TRUE,MANUAL ADJUSTMENT,2024.0,131764.1146,Negative
2025-06-18,DEBIT,12.42,INR,1.0,-529075.08,BigBasket,Electronics,Laptop,UK,Gurugram,TRUE,CHARGEBACK REQUESTED,,2359.8,Negative
2025-08-08,DEBIT,33.37,USD,73.9649,-541428.82,Swiggy,Groceries,Specialty,India,Chennai,TRUE,REPEAT PURCHASE,,468959.65547,Negative
2024-07-23,DEBIT,34.98,GBP,97.5605,-1641954.78,Amazon,Utilities,Electricity,USA,Kolkata,TRUE,PROMO APPLIED,2025.0,648406.5950999999,Negative
2025-07-16,DEBIT,94.34,USD,82.7636,-530120.59,Walmart,Health,Pharmacy,India,Jaipur,TRUE,MONTHLY SUBSCRIPTION,,1483504.42456,Negative
2025-03-31,CREDIT,33.37,AED,19.0955,-2873455.1,ElectroWorld,Clothing,Men,UK,Kolkata,TRUE,CHARGEBACK REQUESTED,,121071.19864999999,Negative
2024-03-30,DEBIT,33.37,GBP,101.6221,-2901607.63,Reliance,Utilities,Water,India,Pune,TRUE,SUSPECTED FRAUD,,644314.60063,Negative
2023-10-19,CREDIT,78.15,USD,81.4002,-2922409.16,Reliance,Clothing,Men,UK,Jaipur,TRUE,MONTHLY SUBSCRIPTION,2020.0,1208670.8697000002,Negative
2024-07-05,DEBIT,32.45,AED,20.7136,-2653287.64,ElectroWorld,Utilities,Water,India,Kolkata,TRUE,CHARGEBACK REQUESTED,2021.0,127709.7008,Negative
2025-08-28,DEBIT,7.35,USD,79.0988,-1714213.36,Flipkart,Clothing,Men,UK,Jaipur,TRUE,CASHBACK CREDITED,2021.0,110461.4742,Negative
2024-09-07,DEBIT,33.37,AED,19.85,-2825217.37,Myntra,Education,Books,Australia,Mumbai,TRUE,SUSPECTED FRAUD,2026.0,125854.955,Negative
2023-12-14,DEBIT,10.05,GBP,90.7557,-2652907.38,LocalMart,Travel,Taxi,Australia,Kolkata,TRUE,,,173298.00915000003,Negative
2024-09-23,DEBIT,35.41,USD,75.1381,-1641954.78,Amazon,Electronics,Accessory,Australia,Chennai,TRUE,PROMO APPLIED,,505521.6229899999,Negative
2025-06-29,DEBIT,50.98,USD,81.8256,-2237081.6,Reliance,Electronics,Accessory,UK,Chennai,TRUE,CASHBACK CREDITED,2025.0,792579.12672,Negative
2023-09-27,DEBIT,96.94,AED,20.5963,-1131220.4,Flipkart,Automotive,Repair,Australia,Chennai,TRUE,PROMO APPLIED,2020.0,379355.01118,Negative
2024-11-07,DEBIT,14.85,GBP,98.7078,-2428680.93,Amazon,Electronics,Laptop,Canada,Chennai,TRUE,,,278504.0577,Negative
2023-12-21,DEBIT,15.23,INR,1.0,-1641954.78,Walmart,Automotive,Repair,UK,Kolkata,TRUE,PROMO APPLIED,,2893.7000000000003,Negative
2024-10-20,DEBIT,618.75,GBP,97.0054,-557928.43,Swiggy,Entertainment,Concert,UK,Hyderabad,TRUE,CASHBACK CREDITED,,11404197.3375,Negative
2024-08-08,DEBIT,6.34,AED,20.3977,-1641954.78,Swiggy,Automotive,Repair,UK,Chennai,TRUE,,,24571.06942,Negative
2025-04-20,DEBIT,24.96,USD,77.2119,-2607549.03,Walmart,Entertainment,Movies,UK,Mumbai,TRUE,,,366169.71456,Negative
2024-06-28,DEBIT,33.37,USD,78.4826,-529195.14,Paytm Mall,Automotive,Fuel,USA,Bengaluru,TRUE,CASHBACK CREDITED,2016.0,497603.22878,Negative
2025-08-24,DEBIT,27.6,USD,74.434,-1936663.85,Walmart,Education,Books,USA,Chennai,TRUE,MONTHLY SUBSCRIPTION,,390331.896,Negative
2024-03-05,CREDIT,10.12,USD,72.9813,-1714158.88,BigBasket,Travel,Hotel,Australia,Gurugram,TRUE,,2020.0,140328.44363999998,Negative
2023-10-31,DEBIT,30.53,AED,18.1231,-1641954.78,Zomato,Automotive,Fuel,UAE,Bengaluru,TRUE,PROMO APPLIED,2021.0,105126.66617000001,Negative
2024-01-24,CREDIT,33.37,USD,77.3388,-1641954.78,ElectroWorld,Dining,Restaurant,USA,Pune,TRUE,CASHBACK CREDITED,,490351.19364,Negative
2025-08-07,CREDIT,6.25,GBP,98.9697,-557560.27,Amazon,Education,Books,Canada,Gurugram,TRUE,PROMO APPLIED,2019.0,117526.51875000002,Negative
2025-02-11,CREDIT,33.37,AED,21.5513,-2473390.57,Walmart,Dining,Restaurant,USA,Hyderabad,TRUE,MONTHLY SUBSCRIPTION,2016.0,136641.70739,Negative
2024-12-31,DEBIT,18.5,INR,1.0,-1604359.09,ShopEasy,Utilities,Internet,USA,Jaipur,TRUE,CASHBACK CREDITED,,3515.0,Negative
2025-03-15,CREDIT,26.59,USD,76.2738,-1008788.33,Myntra,Electronics,Laptop,Australia,Mumbai,TRUE,MONTHLY SUBSCRIPTION,,385342.86498,Negative
2024-11-07,DEBIT,40.63,USD,79.0584,-1641954.78,Walmart,Automotive,Fuel,India,Gurugram,TRUE,REPEAT PURCHASE,2016.0,610307.13048,Negative
2025-04-02,CREDIT,99.33,GBP,107.6567,-144816.36,Myntra,Clothing,Women,Australia,Hyderabad,TRUE,PROMO APPLIED,,2031772.60209,Negative
2024-03-30,CREDIT,20.23,USD,76.0159,-1641954.78,Flipkart,Dining,Restaurant,Canada,Jaipur,TRUE,CASHBACK CREDITED,2023.0,292182.31483,Negative
2024-03-14,CREDIT,101.38,INR,1.0,-2230646.92,ElectroWorld,Entertainment,Streaming,Canada,Jaipur,TRUE,REPEAT PURCHASE,,19262.2,Negative
2025-09-03,REFUND,50.74,AED,20.4043,-1269234.33,Amazon,Automotive,Repair,UAE,Bengaluru,TRUE,MANUAL ADJUSTMENT,,196709.69458,Negative
2024-11-02,DEBIT,133.07,AED,20.9784,-1652472.92,Myntra,Clothing,Women,USA,Jaipur,TRUE,MONTHLY SUBSCRIPTION,,530403.18072,Negative
2023-10-05,CREDIT,53.06,AED,20.8604,-2935982.61,ElectroWorld,Education,Books,USA,Pune,TRUE,,,210302.03656,Negative
2024-07-29,CREDIT,71.83,INR,1.0,-1641954.78,Starbucks,Automotive,Repair,USA,Kolkata,TRUE,,,13647.699999999999,Negative
2024-11-23,CREDIT,58.31,AED,19.0731,-281141.13,ShopEasy,Automotive,Repair,India,Kolkata,TRUE,PROMO APPLIED,2019.0,211308.96759000001,Negative
2024-05-17,DEBIT,33.37,GBP,105.0375,-2463634.78,ElectroWorld,Dining,FastFood,Australia,Jaipur,TRUE,CHARGEBACK REQUESTED,,665969.26125,Negative
2025-07-27,DEBIT,7.0,INR,1.0,-281780.16,Zomato,Travel,Taxi,India,Noida,TRUE,PROMO APPLIED,2015.0,1330.0,Negative
2025-03-22,REFUND,10.88,GBP,108.808,-2774308.98,BigBasket,Automotive,Fuel,UK,Jaipur,TRUE,CASHBACK CREDITED,,224927.89760000005,Negative
2024-06-19,CREDIT,75.81,AED,18.0368,-189068.17,LocalMart,Education,Course,Australia,Delhi,TRUE,MONTHLY SUBSCRIPTION,,259800.26351999998,Negative
2025-04-15,CREDIT,33.37,INR,1.0,-2207388.24,Starbucks,Education,Books,UAE,Kolkata,TRUE,,,6340.299999999999,Negative
2025-05-12,REFUND,15.19,INR,1.0,-2903949.43,AutoZone,Entertainment,Concert,Australia,Mumbai,TRUE,PROMO APPLIED,,2886.1,Negative
2024-05-25,CREDIT,65.66,GBP,103.4742,-2902175.9,Myntra,Health,Pharmacy,India,Jaipur,TRUE,REPEAT PURCHASE,,1290882.03468,Negative
2024-09-14,CREDIT,32.88,AED,18.7421,-964843.74,Amazon,Clothing,Women,India,Delhi,TRUE,CASHBACK CREDITED,,117085.64712000001,Negative
2025-08-31,DEBIT,41.67,INR,1.0,-1641954.78,Myntra,Travel,Hotel,Australia,Bengaluru,TRUE,SUSPECTED FRAUD,,7917.3,Negative
2023-12-26,CREDIT,9.52,INR,1.0,-1705826.75,LocalMart,Electronics,Mobile,India,Bengaluru,TRUE,CHARGEBACK REQUESTED,2023.0,1808.8,Negative
2025-08-14,DEBIT,45.43,INR,1.0,-2237440.82,Zomato,Entertainment,Concert,USA,Delhi,TRUE,MANUAL ADJUSTMENT,2016.0,8631.7,Negative
2025-05-20,DEBIT,67.01,INR,1.0,-2583126.75,AutoZone,Entertainment,Streaming,Australia,Delhi,TRUE,PROMO APPLIED,,12731.900000000001,Negative
2025-01-06,DEBIT,79.81,INR,1.0,-2775282.75,BigBasket,Clothing,Women,Australia,Noida,TRUE,PROMO APPLIED,,15163.9,Negative
2025-07-06,REFUND,33.37,INR,1.0,-1641954.78,Flipkart,Entertainment,Concert,Canada,Noida,TRUE,REPEAT PURCHASE,2016.0,6340.299999999999,Negative
2025-01-10,REFUND,65.83,USD,77.6143,-540521.28,Paytm Mall,Health,Pharmacy,UK,Jaipur,TRUE,REPEAT PURCHASE,,970776.3801099999,Negative
2024-06-30,DEBIT,33.37,INR,1.0,-1641954.78,Zomato,Health,Clinic,Canada,Noida,TRUE,PROMO APPLIED,,6340.299999999999,Negative
2024-08-18,DEBIT,7.61,AED,21.4311,-542080.45,Walmart,Automotive,Fuel,Canada,Bengaluru,TRUE,CASHBACK CREDITED,,30987.22749,Negative
2023-11-11,DEBIT,33.37,USD,76.7545,-2775690.9,AutoZone,Education,Course,USA,Pune,TRUE,MONTHLY SUBSCRIPTION,,486646.5563499999,Negative
2024-02-26,REFUND,21.68,USD,81.885,-1077174.64,Flipkart,Education,Course,Canada,Delhi,TRUE,MANUAL ADJUSTMENT,,337300.69200000004,Negative
2023-11-02,CREDIT,8.76,INR,1.0,-2824924.13,Reliance,Entertainment,Streaming,Canada,Bengaluru,TRUE,CASHBACK CREDITED,,1664.3999999999999,Negative
2024-02-07,CREDIT,50.39,USD,77.1638,-1624645.15,Myntra,Electronics,Mobile,UK,Jaipur,TRUE,REPEAT PURCHASE,2023.0,738773.9375799999,Negative
2024-11-11,CREDIT,33.37,USD,74.0615,-2249441.13,Swiggy,Clothing,Men,USA,Hyderabad,TRUE,CASHBACK CREDITED,2018.0,469572.12844999996,Negative
2024-07-01,DEBIT,49.43,INR,1.0,-1602667.56,Swiggy,Utilities,Water,Australia,Mumbai,TRUE,,2021.0,9391.7,Negative
2025-02-16,DEBIT,33.37,GBP,99.4152,-973783.77,ShopEasy,Health,Pharmacy,USA,Pune,TRUE,CHARGEBACK REQUESTED,,630322.1925599999,Negative
2023-11-30,DEBIT,33.37,INR,1.0,-540301.12,AutoZone,Health,Clinic,Canada,Kolkata,TRUE,SUSPECTED FRAUD,2016.0,6340.299999999999,Negative
2024-02-28,DEBIT,532.5,AED,21.5673,-166343.97,ShopEasy,Entertainment,Concert,USA,Hyderabad,TRUE,MONTHLY SUBSCRIPTION,,2182071.5775,Negative
2024-09-26,CREDIT,40.94,INR,1.0,-1288692.43,ShopEasy,Education,Course,USA,Bengaluru,TRUE,REPEAT PURCHASE,2016.0,7778.599999999999,Negative
2025-07-28,CREDIT,71.77,USD,82.0124,-2582695.42,Amazon,Electronics,Mobile,UAE,Mumbai,TRUE,REPEAT PURCHASE,2022.0,1118345.69012,Negative
2023-12-14,CREDIT,32.12,USD,80.6439,-1641954.78,LocalMart,Utilities,Electricity,UK,Jaipur,TRUE,,2017.0,492153.59292,Negative
2025-05-16,CREDIT,33.37,USD,80.6372,-2238165.2,Flipkart,Travel,Hotel,USA,Gurugram,TRUE,MONTHLY SUBSCRIPTION,,511264.03916,Negative
2024-01-22,REFUND,45.75,AED,18.2593,-1641954.78,LocalMart,Health,Pharmacy,Canada,Kolkata,TRUE,REPEAT PURCHASE,,158718.96525,Negative
2023-10-15,REFUND,53.84,,77.7004,-1641954.78,ElectroWorld,Utilities,Electricity,UK,Chennai,TRUE,SUSPECTED FRAUD,,794844.0118400002,Negative
2024-10-08,DEBIT,12.42,INR,1.0,-1641954.78,Paytm Mall,Dining,Restaurant,USA,Jaipur,TRUE,PROMO APPLIED,2021.0,2359.8,Negative
2024-05-28,CREDIT,9.8,USD,79.7238,-1214746.27,Swiggy,Education,Books,India,Mumbai,TRUE,MANUAL ADJUSTMENT,,148445.71560000003,Negative
2024-06-19,CREDIT,33.37,INR,1.0,-143645.2,Myntra,Health,Pharmacy,Australia,Gurugram,TRUE,"CHARGEBACK REQUESTED -- VERIFY
CONTACT SUPPORT",,6340.299999999999,Negative
2024-01-27,DEBIT,33.37,USD,81.4868,-1641954.78,Zomato,Dining,FastFood,UAE,Gurugram,TRUE,,,516650.75804,Negative
2025-08-23,DEBIT,33.37,USD,79.4782,-1641954.78,BigBasket,Electronics,Accessory,Canada,Chennai,TRUE,CASHBACK CREDITED,,503915.63145999995,Negative
2024-07-25,CREDIT,399.45,USD,77.6243,-2463989.68,Paytm Mall,Automotive,Fuel,Canada,Hyderabad,TRUE,CASHBACK CREDITED,,5891335.06065,Negative
2024-01-07,CREDIT,22.39,AED,19.4549,-278033.81,ShopEasy,Automotive,Repair,Canada,Bengaluru,TRUE,SUSPECTED FRAUD,,82763.09009,Negative
2024-07-01,DEBIT,9.17,USD,77.2272,-2464746.23,Flipkart,Entertainment,Movies,Australia,Hyderabad,TRUE,REPEAT PURCHASE,2015.0,134552.95056,Negative
2025-03-13,DEBIT,20.2,INR,1.0,-1850552.7,Flipkart,Electronics,Mobile,India,Pune,TRUE,,,3838.0,Negative
2025-02-15,REFUND,7.43,USD,77.9566,-1557012.78,Reliance,Groceries,Supermarket,USA,Jaipur,TRUE,REPEAT PURCHASE,,110051.33222,Negative
2024-08-14,CREDIT,116.56,GBP,99.6143,-1676171.69,BigBasket,Electronics,Laptop,Australia,Delhi,TRUE,MONTHLY SUBSCRIPTION,2021.0,2206098.13352,Negative
2024-03-04,DEBIT,33.37,USD,72.0373,-1641954.78,Paytm Mall,Automotive,Fuel,Canada,Kolkata,TRUE,CASHBACK CREDITED,,456738.09319,Negative
2023-11-13,CREDIT,28.38,USD,80.5488,-2495221.74,Reliance,Education,Books,UK,Pune,TRUE,MANUAL ADJUSTMENT,,434335.23936,Negative
2024-05-28,CREDIT,60.75,INRR,1.0,-1641954.78,Myntra,Utilities,Internet,Canada,Delhi,TRUE,MONTHLY SUBSCRIPTION,2024.0,11542.5,Negative
2023-11-11,DEBIT,35.92,GBP,105.4361,-2466225.49,Walmart,Utilities,Electricity,India,Bengaluru,TRUE,,2025.0,719580.2952800001,Negative
2025-05-15,CREDIT,14.95,GBP,105.1494,-276281.66,Myntra,Education,Course,Australia,Jaipur,TRUE,SUSPECTED FRAUD,,298676.87069999997,Negative
2024-01-15,DEBIT,18.67,INR,1.0,-279978.35,Amazon,Groceries,Supermarket,India,Chennai,TRUE,REPEAT PURCHASE,,3547.3,Negative
2025-03-01,REFUND,95.33,USD,81.457,-2463043.78,BigBasket,Health,Clinic,USA,Kolkata,TRUE,PROMO APPLIED,,1475406.2038999998,Negative
2024-09-15,REFUND,18.22,INR,1.0,-2900723.42,Zomato,Electronics,Accessory,India,Pune,TRUE,SUSPECTED FRAUD,,3461.7999999999997,Negative
2025-02-27,DEBIT,33.37,INR,1.0,-1269123.48,Paytm Mall,Automotive,Repair,UK,Pune,TRUE,REPEAT PURCHASE,,6340.299999999999,Negative
2024-11-10,REFUND,161.67,USD,76.454,-1269770.79,AutoZone,Electronics,Laptop,UAE,Bengaluru,TRUE,CHARGEBACK REQUESTED,2018.0,2348460.4541999996,Negative
2025-02-20,REFUND,42.04,GBP,97.3712,-1641954.78,ElectroWorld,Clothing,Men,USA,Jaipur,TRUE,CHARGEBACK REQUESTED,,777762.19712,Negative
2024-10-05,CREDIT,52.78,USD,81.5448,-2236614.93,Flipkart,Travel,Taxi,Australia,Mumbai,TRUE,MANUAL ADJUSTMENT,2022.0,817747.5633599999,Negative
2025-09-08,DEBIT,37.31,INR,1.0,-276199.38,Starbucks,Health,Pharmacy,USA,Gurugram,TRUE,SUSPECTED FRAUD,,7088.900000000001,Negative
2024-03-02,DEBIT,33.37,USD,80.6232,-2117836.11,Amazon,Entertainment,Concert,UAE,Delhi,TRUE,PROMO APPLIED,2021.0,511175.27495999995,Negative
2024-04-07,REFUND,79.61,AED,19.3635,-1641954.78,Paytm Mall,Health,Pharmacy,USA,Pune,TRUE,PROMO APPLIED,,292890.36464999994,Negative
2024-02-23,DEBIT,54.14,INR,1.0,-2495457.25,Swiggy,Travel,Hotel,UAE,Delhi,TRUE,PROMO APPLIED,,10286.6,Negative
2024-02-13,CREDIT,96.38,GBP,108.4871,-1560970.41,AutoZone,Education,Course,UK,Chennai,TRUE,MANUAL ADJUSTMENT,,1986637.4726199997,Negative
2023-10-07,DEBIT,17.96,GBP,98.1216,-280069.54,BigBasket,Clothing,Men,UK,Gurugram,TRUE,REPEAT PURCHASE,,334830.14784,Negative
2024-12-18,REFUND,33.37,GBP,96.9221,-1675987.16,Paytm Mall,Health,Clinic,USA,Bengaluru,TRUE,PROMO APPLIED,,614515.19063,Negative
2024-06-14,DEBIT,56.73,GBP,104.1119,-2231397.34,Paytm Mall,Travel,Taxi,India,Pune,TRUE,CHARGEBACK REQUESTED,2024.0,1122190.93653,Negative
2025-08-06,CREDIT,10.58,INR,1.0,-2231531.48,ShopEasy,Utilities,Internet,Canada,Noida,TRUE,PROMO APPLIED,,2010.2,Negative
2024-07-09,DEBIT,585.95,INR,1.0,-2625616.77,ShopEasy,Utilities,Water,India,Pune,TRUE,,,111330.50000000001,Negative
2024-01-21,REFUND,54.82,INR,1.0,-1527377.06,Walmart,Electronics,Mobile,UK,Kolkata,TRUE,REPEAT PURCHASE,2023.0,10415.8,Negative
2024-12-24,DEBIT,12.53,USD,78.091,-1162725.74,ShopEasy,Education,Course,Canada,Delhi,TRUE,SUSPECTED FRAUD,,185911.2437,Negative
2024-12-09,CREDIT,2.83,AED,19.2218,-1652406.38,Starbucks,Education,Books,USA,Gurugram,TRUE,SUSPECTED FRAUD,2022.0,10335.561860000002,Negative
2024-02-17,DEBIT,43.94,INR,1.0,-279498.72,Starbucks,Utilities,Internet,Australia,Kolkata,TRUE,REPEAT PURCHASE,,8348.6,Negative
2024-02-24,CREDIT,66.39,GBP,90.3922,-1077118.41,Paytm Mall,Automotive,Fuel,UK,Gurugram,TRUE,CHARGEBACK REQUESTED,,1140216.2500200002,Negative
2023-11-02,DEBIT,15.58,INR,1.0,-2901881.93,Swiggy,Automotive,Repair,UAE,Delhi,TRUE,CHARGEBACK REQUESTED,2023.0,2960.2,Negative
2025-04-16,CREDIT,75.84,USD,74.2852,-2463454.91,Swiggy,Clothing,Men,UK,Hyderabad,TRUE,PROMO APPLIED,,1070420.01792,Negative
2024-04-05,DEBIT,31.0,INR,1.0,-1170210.52,Amazon,Dining,FastFood,UAE,Chennai,TRUE,REPEAT PURCHASE,,5890.0,Negative
2024-09-05,DEBIT,35.52,USD,72.1206,-1641954.78,ShopEasy,Clothing,Women,Canada,Bengaluru,TRUE,REPEAT PURCHASE,,486727.50528,Negative
2023-10-01,DEBIT,141.98,USD,82.9372,-595801.56,Walmart,Entertainment,Concert,UK,Noida,TRUE,CHARGEBACK REQUESTED,2026.0,2237330.4946399997,Negative
2025-06-17,DEBIT,2.5,INR,1.0,-1131431.53,ShopEasy,Groceries,Specialty,India,Chennai,TRUE,PROMO APPLIED,,475.0,Negative
2024-06-30,DEBIT,254.66,AED,18.7953,-1560355.91,Zomato,Groceries,Supermarket,India,Hyderabad,TRUE,,,909418.1086200001,Negative
2024-12-02,DEBIT,27.86,GBP,90.3606,-965497.75,Swiggy,Electronics,Mobile,Canada,Pune,TRUE,,2021.0,478314.80004,Negative
2024-04-25,DEBIT,33.37,USD,75.81,-2679703.32,LocalMart,Dining,Cafe,USA,Mumbai,TRUE,PROMO APPLIED,2019.0,480658.143,Negative
2024-01-08,DEBIT,33.37,GBP,91.1267,-143731.65,LocalMart,Education,Books,USA,Kolkata,TRUE,CHARGEBACK REQUESTED,2016.0,577770.61601,Negative
2024-02-10,CREDIT,33.37,INR ,1.0,9640.19,Myntra,Utilities,Electricity,UAE,Bengaluru,TRUE,MONTHLY SUBSCRIPTION,,6340.299999999999,Positive
2025-02-09,DEBIT,28.4,AED,19.1155,-260078.8,ShopEasy,Health,Pharmacy,USA,Jaipur,TRUE,PROMO APPLIED,,103147.23799999998,Negative
2025-05-27,CREDIT,2.09,USD,73.8031,-1641954.78,Myntra,Electronics,Mobile,UAE,Chennai,TRUE,CASHBACK CREDITED,,29307.21101,Negative
2024-09-17,CREDIT,10.54,GBP,98.1839,-1641954.78,LocalMart,Clothing,Men,India,Pune,TRUE,PROMO APPLIED,2017.0,196623.07813999997,Negative
2024-10-04,CREDIT,3.42,AED,18.5129,-2775284.46,Paytm Mall,Travel,Taxi,UK,Jaipur,TRUE,CASHBACK CREDITED,2017.0,12029.68242,Negative
2025-07-07,DEBIT,19.12,USD,72.2226,-2308140.72,BigBasket,Dining,Cafe,India,Chennai,TRUE,MANUAL ADJUSTMENT,,262370.26128000004,Negative
2024-08-27,DEBIT,33.37,INR,1.0,-1641954.78,BigBasket,Travel,Flight,India,Gurugram,TRUE,SUSPECTED FRAUD,,6340.299999999999,Negative
2024-01-20,CREDIT,33.37,INRR,1.0,-1641954.78,Zomato,Automotive,Fuel,India,Delhi,TRUE,SUSPECTED FRAUD,,6340.299999999999,Negative
2025-03-11,CREDIT,28.94,INR,1.0,-259189.53,Amazon,Automotive,Repair,USA,Chennai,TRUE,MANUAL ADJUSTMENT,,5498.6,Negative
2024-07-02,DEBIT,245.4,AED,21.1616,-2120102.1,Starbucks,Clothing,Women,India,Chennai,TRUE,CHARGEBACK REQUESTED,,986680.7616,Negative
2024-06-19,CREDIT,18.73,INR,1.0,-1078162.61,Paytm Mall,Dining,FastFood,UAE,Kolkata,TRUE,,,3558.7000000000003,Negative
2024-05-10,DEBIT,33.37,GBP,91.6608,-1641954.78,AutoZone,Education,Course,Canada,Gurugram,TRUE,PROMO APPLIED,,581156.9702399999,Negative
2025-04-24,CREDIT,14.56,USD,77.6261,-1269919.76,Amazon,Travel,Taxi,Australia,Hyderabad,TRUE,SUSPECTED FRAUD,,214744.84303999998,Negative
2023-10-26,DEBIT,40.68,INR,1.0,-2936226.44,Paytm Mall,Education,Books,Canada,Mumbai,TRUE,REPEAT PURCHASE,2015.0,7729.2,Negative
2024-01-23,DEBIT,184.5,USD,82.6763,-1602759.81,LocalMart,Utilities,Water,UAE,Mumbai,TRUE,PROMO APPLIED,2015.0,2898217.6965,Negative
2024-04-30,REFUND,33.37,GBP,104.3265,-144252.96,Reliance,Dining,FastFood,UAE,Pune,TRUE,PROMO APPLIED,,661461.3079499999,Negative
2025-09-07,CREDIT,6.42,AED,19.5525,-974048.31,BigBasket,Travel,Taxi,Canada,Gurugram,TRUE,MANUAL ADJUSTMENT,2015.0,23850.139499999997,Negative
2025-03-26,DEBIT,33.37,INR,1.0,-1412362.66,Flipkart,Health,Pharmacy,UK,Jaipur,TRUE,,,6340.299999999999,Negative
2025-05-31,DEBIT,33.37,INRR,1.0,-1483676.51,Amazon,Utilities,Electricity,Canada,Kolkata,TRUE,CHARGEBACK REQUESTED,,6340.299999999999,Negative
2025-04-25,REFUND,4.61,AED,19.3232,-1641954.78,Flipkart,Automotive,Repair,UAE,Delhi,TRUE,MONTHLY SUBSCRIPTION,,16925.190880000002,Negative
2025-07-15,REFUND,15.08,AED,19.6471,-1641954.78,Starbucks,Education,Books,Australia,Hyderabad,TRUE,,,56292.870919999994,Negative
2024-12-05,DEBIT,31.09,USD,76.5838,-2901669.92,Zomato,Utilities,Electricity,UAE,Kolkata,TRUE,CHARGEBACK REQUESTED,,452388.16498,Negative
2025-07-15,CREDIT,33.37,,1.0,-1641954.78,,,,Canada,Kolkata,TRUE,CASHBACK CREDITED,2023.0,6340.299999999999,Negative
2025-03-31,DEBIT,3.34,AED,18.1025,-2579947.66,ShopEasy,Travel,Taxi,Canada,Bengaluru,TRUE,,,11487.8465,Negative
2023-12-14,DEBIT,32.75,USD,72.4276,-1198867.21,Swiggy,Education,Books,UK,Mumbai,TRUE,SUSPECTED FRAUD,2022.0,450680.74100000004,Negative
2023-12-05,DEBIT,156.85,AED,21.0506,-2119071.99,AutoZone,Travel,Flight,Australia,Pune,TRUE,MANUAL ADJUSTMENT,,627339.4559,Negative
2024-12-15,CREDIT,17.51,USD,79.4503,-481704.26,Starbucks,Groceries,Specialty,UAE,Delhi,TRUE,SUSPECTED FRAUD,,264323.20307,Negative
2025-07-17,CREDIT,33.37,INR,1.0,-1641954.78,Starbucks,Education,Books,Canada,Kolkata,TRUE,REPEAT PURCHASE,,6340.299999999999,Negative
2024-12-26,CREDIT,51.2,INR,1.0,-2121901.81,Amazon,Electronics,Accessory,Canada,Pune,TRUE,REPEAT PURCHASE,,9728.0,Negative
2025-02-10,REFUND,38.05,AED,18.8846,-190040.44,Walmart,Clothing,Women,Canada,Chennai,TRUE,CHARGEBACK REQUESTED,,136526.21569999997,Negative
2025-08-10,CREDIT,33.37,AED,18.6705,-1937860.08,Flipkart,Clothing,Men,Canada,Delhi,TRUE,MONTHLY SUBSCRIPTION,,118376.57115,Negative
2023-09-17,DEBIT,33.37,INR,1.0,-2467337.04,Amazon,Utilities,Internet,USA,Delhi,TRUE,MONTHLY SUBSCRIPTION,,6340.299999999999,Negative
2024-01-06,DEBIT,57.65,INR,1.0,-1271263.18,BigBasket,Automotive,Fuel,UK,Pune,TRUE,,,10953.5,Negative
2024-12-13,DEBIT,33.37,INR,1.0,-1557555.92,Flipkart,Clothing,Men,India,Jaipur,TRUE,REPEAT PURCHASE,,6340.299999999999,Negative
2024-03-01,CREDIT,33.37,USD,78.7039,-1168085.15,Reliance,Education,Books,UAE,Kolkata,TRUE,CASHBACK CREDITED,,499006.33716999996,Negative
2023-11-11,DEBIT,34.67,INR,1.0,-1558036.35,Starbucks,Electronics,Accessory,Australia,Hyderabad,TRUE,MANUAL ADJUSTMENT,,6587.3,Negative
2023-12-16,CREDIT,577.12,INR,1.0,-1641954.78,Amazon,Dining,Restaurant,UK,Chennai,TRUE,CHARGEBACK REQUESTED,,109652.8,Negative
2024-05-25,REFUND,30.44,AED,21.0259,-2922655.84,LocalMart,Entertainment,Streaming,UK,Mumbai,TRUE,MANUAL ADJUSTMENT,2023.0,121605.39524000001,Negative
2024-05-15,DEBIT,11.66,GBP ,109.0119,-1200101.97,Myntra,Groceries,Supermarket,USA,Mumbai,TRUE,MANUAL ADJUSTMENT,,241504.96326,Negative
2024-05-05,CREDIT,33.37,GBP,90.0875,-2873433.24,Amazon,Entertainment,Concert,India,Chennai,TRUE,,2019.0,571181.77625,Negative
2024-07-28,REFUND,29.15,INR,1.0,-2903232.49,Amazon,Travel,Hotel,UK,Mumbai,TRUE,REPEAT PURCHASE,,5538.5,Negative
2025-07-22,DEBIT,33.37,AED,21.6066,-2775464.74,BigBasket,Travel,Hotel,Australia,Pune,TRUE,,,136992.32598,Negative
2025-06-28,DEBIT,21.17,USD,81.0987,-985955.43,Reliance,Travel,Hotel,USA,Delhi,TRUE,CHARGEBACK REQUESTED,2016.0,326203.30101,Negative
2024-08-22,DEBIT,2.59,USD,77.9796,-189422.22,Amazon,Travel,Flight,India,Chennai,TRUE,CHARGEBACK REQUESTED,2022.0,38373.76116,Negative
2025-05-11,CREDIT,9.65,AED,20.3409,-2582648.95,Reliance,Utilities,Water,UK,Jaipur,TRUE,CHARGEBACK REQUESTED,2018.0,37295.04015,Negative
2024-02-23,CREDIT,33.37,USD,77.3747,9349.23,Reliance,Travel,Hotel,Australia,Bengaluru,TRUE,MONTHLY SUBSCRIPTION,,490578.81041,Positive
2024-05-17,CREDIT,54.83,INR,1.0,-2118360.99,Reliance,Travel,Flight,UAE,Bengaluru,TRUE,REPEAT PURCHASE,2016.0,10417.699999999999,Negative
2024-04-08,CREDIT,21.16,AED,19.1235,-1641954.78,Zomato,Dining,FastFood,UAE,Mumbai,TRUE,CHARGEBACK REQUESTED,,76884.1194,Negative
2025-02-05,CREDIT,33.37,AED,18.8248,-1641954.78,BigBasket,Automotive,Fuel,Australia,Jaipur,TRUE,MONTHLY SUBSCRIPTION,2022.0,119354.87943999998,Negative
2024-11-13,REFUND,28.51,INR,1.0,-1641954.78,Zomato,Entertainment,Concert,UAE,Delhi,TRUE,REPEAT PURCHASE,2016.0,5416.900000000001,Negative
2024-05-25,CREDIT,49.36,INRR,1.0,-1936962.42,Walmart,Groceries,Supermarket,India,Delhi,TRUE,PROMO APPLIED,2020.0,9378.4,Negative
2025-07-12,REFUND,30.15,GBP,98.9645,-1641954.78,Flipkart,Clothing,Women,India,Jaipur,TRUE,MANUAL ADJUSTMENT,,566918.13825,Negative
2025-08-31,DEBIT,68.29,USD,79.8779,-1936218.12,BigBasket,Education,Books,Australia,Jaipur,TRUE,MANUAL ADJUSTMENT,,1036423.7402900001,Negative
2024-11-24,CREDIT,10.41,AED,20.7719,-1641954.78,Starbucks,Groceries,Supermarket,India,Chennai,TRUE,MANUAL ADJUSTMENT,,41084.74101,Negative
2025-02-04,DEBIT,33.37,INR,1.0,-1641954.78,AutoZone,Clothing,Men,Canada,Delhi,TRUE,REPEAT PURCHASE,,6340.299999999999,Negative
2024-05-15,DEBIT,33.37,INR,1.0,-2579718.35,LocalMart,Education,Books,Australia,Jaipur,TRUE,PROMO APPLIED,,6340.299999999999,Negative
2024-03-11,REFUND,20.19,GBP,95.0582,-1641954.78,Amazon,Automotive,Fuel,UK,Hyderabad,TRUE,REPEAT PURCHASE,2020.0,364652.76102000003,Negative
2023-10-01,REFUND,33.37,GBP,90.9889,-2418904.79,LocalMart,Groceries,Specialty,USA,Delhi,TRUE,REPEAT PURCHASE,,576896.92267,Negative
2025-04-08,CREDIT,13.54,INR,1.0,-1641954.78,Myntra,Automotive,Fuel,UK,Hyderabad,TRUE,MONTHLY SUBSCRIPTION,,2572.6,Negative
2023-10-20,CREDIT,33.37,INR,1.0,-1807028.57,Swiggy,Entertainment,Concert,UK,Jaipur,TRUE,CASHBACK CREDITED,2024.0,6340.299999999999,Negative
2024-10-24,CREDIT,0.91,INR,1.0,-1641954.78,Paytm Mall,Entertainment,Streaming,UK,Noida,TRUE,,,172.9,Negative
2023-12-03,REFUND,33.37,INR,1.0,-1713060.2,ElectroWorld,Automotive,Fuel,UAE,Hyderabad,TRUE,REPEAT PURCHASE,,6340.299999999999,Negative
2024-04-10,DEBIT,40.03,USD,73.1713,-1641954.78,AutoZone,Electronics,Laptop,India,Noida,TRUE,,,556518.9564100001,Negative
2024-09-30,DEBIT,45.3,USD,77.8286,-1641954.78,Walmart,Dining,FastFood,UAE,Chennai,TRUE,MONTHLY SUBSCRIPTION,,669870.7601999999,Negative
2025-07-18,DEBIT,323.27,USD,74.7927,-2901280.85,Walmart,Automotive,Fuel,USA,Delhi,TRUE,PROMO APPLIED,2019.0,4593864.86451,Negative
2023-12-13,DEBIT,22.18,INR,1.0,-1412593.66,Myntra,Education,Books,Canada,Bengaluru,TRUE,MANUAL ADJUSTMENT,,4214.2,Negative
2025-06-10,DEBIT,37.53,INR,1.0,-1270484.53,ElectroWorld,Dining,Cafe,Canada,Noida,TRUE,PROMO APPLIED,,7130.7,Negative
2025-06-22,DEBIT,69.33,INRR,1.0,-1641954.78,Flipkart,Electronics,Mobile,UAE,Pune,TRUE,SUSPECTED FRAUD,2020.0,13172.699999999999,Negative
2023-12-27,DEBIT,10.72,GBP,108.8079,-1641954.78,Reliance,Travel,Taxi,Australia,Kolkata,TRUE,CASHBACK CREDITED,,221619.93072000003,Negative
2025-07-31,CREDIT,33.37,INR,1.0,9554.16,AutoZone,Dining,Cafe,UK,Pune,TRUE,REPEAT PURCHASE,,6340.299999999999,Positive
2024-10-03,CREDIT,16.9,AED,19.7269,-2419591.81,Zomato,Clothing,Women,Australia,Pune,TRUE,REPEAT PURCHASE,,63343.0759,Negative
2023-12-31,REFUND,148.01,GBP,105.7133,-593601.55,AutoZone,Travel,Flight,UK,Pune,TRUE,CHARGEBACK REQUESTED,2016.0,2972858.85127,Negative
2024-07-08,DEBIT,33.43,GBP,108.028,-2118117.78,Starbucks,Entertainment,Streaming,Canada,Mumbai,TRUE,,2017.0,686161.4476000001,Negative
2025-04-13,REFUND,10.15,INR,1.0,-1641954.78,Starbucks,Electronics,Mobile,UAE,Jaipur,TRUE,MONTHLY SUBSCRIPTION,2016.0,1928.5,Negative
2024-08-13,DEBIT,59.77,USD,76.4261,-1284171.33,AutoZone,Groceries,Supermarket,India,Mumbai,TRUE,MONTHLY SUBSCRIPTION,2018.0,867917.71943,Negative
2025-03-08,CREDIT,27.6,GBP,92.1398,-174831.5,Myntra,Groceries,Supermarket,UK,Kolkata,TRUE,CHARGEBACK REQUESTED,,483181.11120000004,Negative
2025-07-14,DEBIT,6.38,USD,72.2043,-2118942.53,Walmart,Entertainment,Concert,India,Noida,TRUE,MONTHLY SUBSCRIPTION,,87526.05246,Negative
2023-11-22,CREDIT,43.64,USD,81.2094,-1641954.78,Starbucks,Travel,Flight,USA,Hyderabad,TRUE,CHARGEBACK REQUESTED,,673355.86104,Negative
2024-12-13,DEBIT,41.8,USD,73.2724,-1626642.37,Amazon,Electronics,Laptop,UAE,Hyderabad,TRUE,CHARGEBACK REQUESTED,,581929.4008000001,Negative
2025-05-11,DEBIT,69.74,USD,75.5303,-446825.36,Myntra,Entertainment,Movies,UAE,Gurugram,TRUE,MANUAL ADJUSTMENT,,1000821.7931799999,Negative
2024-10-24,DEBIT,33.37,GBP,99.0025,-2875006.02,LocalMart,Travel,Flight,UK,Chennai,TRUE,PROMO APPLIED,,627705.5507499999,Negative
2025-06-05,CREDIT,29.79,USD,82.761,-2229979.33,BigBasket,Electronics,Mobile,UK,Chennai,TRUE,PROMO APPLIED,2024.0,468435.5361,Negative
2024-04-26,CREDIT,15.03,GBP,99.6998,-1641954.78,Amazon,Education,Books,Australia,Gurugram,TRUE,PROMO APPLIED,,284712.71885999996,Negative
2025-06-14,REFUND,77.77,AED,21.4545,-2623643.19,ShopEasy,Dining,FastFood,UK,Kolkata,TRUE,CHARGEBACK REQUESTED,2015.0,317018.12835,Negative
2024-05-18,DEBIT,167.54,AED,19.1336,-2775181.06,Flipkart,Clothing,Men,Australia,Hyderabad,TRUE,CASHBACK CREDITED,,609072.23536,Negative
2025-06-08,DEBIT,54.34,USD,73.5369,-159983.3,Reliance,Education,Course,India,Mumbai,TRUE,MANUAL ADJUSTMENT,2025.0,759239.0777400001,Negative
2024-12-31,REFUND,16.64,INR,1.0,-434817.41,Walmart,Groceries,Specialty,Canada,Pune,TRUE,CHARGEBACK REQUESTED,,3161.6,Negative
2024-01-01,CREDIT,56.87,AED,19.4097,-1676011.74,Reliance,Groceries,Supermarket,Canada,Mumbai,TRUE,REPEAT PURCHASE,,209727.63141,Negative
2024-06-22,CREDIT,40.63,INR,1.0,-973805.22,Paytm Mall,Groceries,Supermarket,UAE,Delhi,TRUE,MONTHLY SUBSCRIPTION,,7719.700000000001,Negative
2025-06-07,DEBIT,67.82,GBP,91.7926,-1641954.78,Myntra,Entertainment,Movies,Australia,Bengaluru,TRUE,CASHBACK CREDITED,,1182821.0850799999,Negative
2024-06-29,DEBIT,57.32,USD,77.0662,-1641954.78,Zomato,Health,Pharmacy,India,Bengaluru,TRUE,MONTHLY SUBSCRIPTION,,839312.5709599999,Negative
2024-01-06,DEBIT,19.61,GBP,105.5321,-1269392.12,Flipkart,Utilities,Electricity,Australia,Pune,TRUE,,2020.0,393202.05139,Negative
2025-04-02,DEBIT,19.78,USD,77.8055,-1641954.78,Flipkart,Electronics,Laptop,USA,Bengaluru,TRUE,MONTHLY SUBSCRIPTION,,292408.6301,Negative
2024-06-27,CREDIT,114.81,USD,76.1356,-2118759.31,AutoZone,Utilities,Internet,UAE,Noida,TRUE,REPEAT PURCHASE,,1660814.3648400002,Negative
2025-07-09,DEBIT,33.37,AED,18.0923,-2679444.12,Amazon,Clothing,Women,Australia,Gurugram,TRUE,CHARGEBACK REQUESTED,2019.0,114710.60969,Negative
2023-11-13,CREDIT,33.37,AED,18.9197,-1641954.78,AutoZone,Utilities,Electricity,USA,Bengaluru,TRUE,PROMO APPLIED,,119956.57390999999,Negative
2024-08-08,CREDIT,1528.02,USD,74.7728,-1024971.2,Walmart,Automotive,Repair,UAE,Noida,TRUE,REPEAT PURCHASE,,21708323.43264,Negative
2025-02-26,CREDIT,20.02,GBP,105.5278,-2579382.27,ShopEasy,Dining,FastFood,UAE,Pune,TRUE,CASHBACK CREDITED,,401406.64564,Negative
2025-05-03,DEBIT,57.07,INR,1.0,-1641954.78,AutoZone,Travel,Taxi,UAE,Kolkata,TRUE,,,10843.3,Negative
2025-04-28,CREDIT,39.19,USD,81.1913,-1641954.78,BigBasket,Groceries,Supermarket,UK,Mumbai,TRUE,CASHBACK CREDITED,,604558.5389299999,Negative
2025-07-08,CREDIT,33.37,AED,19.8786,-1676579.7,AutoZone,Automotive,Repair,UK,Chennai,TRUE,MANUAL ADJUSTMENT,2024.0,126036.28757999997,Negative
2024-12-23,DEBIT,58.05,GBP,107.2787,-1168898.97,Flipkart,Automotive,Fuel,Canada,Noida,TRUE,MONTHLY SUBSCRIPTION,2025.0,1183230.42165,Negative
2024-12-18,DEBIT,194.78,AED,21.6124,-542571.2,LocalMart,Dining,Restaurant,UK,Delhi,TRUE,REPEAT PURCHASE,,799836.02168,Negative
2025-01-14,DEBIT,16.88,USD,74.7741,-1641954.78,Paytm Mall,Groceries,Supermarket,UK,Pune,TRUE,REPEAT PURCHASE,2017.0,239815.49352,Negative
2025-08-25,REFUND,15.84,AED,21.267,-1641954.78,Zomato,Clothing,Men,India,Pune,TRUE,CHARGEBACK REQUESTED,2018.0,64005.1632,Negative
2024-01-14,DEBIT,46.85,INR,1.0,-481372.6,ElectroWorld,Automotive,Repair,Canada,Noida,TRUE,REPEAT PURCHASE,,8901.5,Negative
2025-03-11,CREDIT,99.63,USD,72.3391,-173639.42,BigBasket,Clothing,Men,USA,Mumbai,TRUE,CHARGEBACK REQUESTED,,1369357.4612699999,Negative
2025-05-01,DEBIT,35.54,USD,78.1896,-1652203.92,Starbucks,Entertainment,Concert,India,Jaipur,TRUE,PROMO APPLIED,2020.0,527983.0929599999,Negative
2024-07-11,REFUND,38.25,USD,74.9774,-1641954.78,ElectroWorld,Groceries,Supermarket,India,Delhi,TRUE,,2022.0,544898.2545,Negative
2024-12-29,CREDIT,43.23,USD,75.9951,-447380.28,Reliance,Groceries,Supermarket,Canada,Jaipur,TRUE,REPEAT PURCHASE,,624200.9528699999,Negative
2023-09-29,CREDIT,11.55,AED,19.7121,-1641954.78,Amazon,Entertainment,Movies,Australia,Chennai,TRUE,MANUAL ADJUSTMENT,,43258.20345,Negative
2024-10-11,DEBIT,33.37,INR,1.0,-143528.81,Amazon,Entertainment,Streaming,Canada,Noida,TRUE,"CHARGEBACK REQUESTED -- VERIFY
CONTACT SUPPORT",2019.0,6340.299999999999,Negative
2025-07-05,DEBIT,124.46,INR,1.0,-441248.99,ShopEasy,Education,Course,UK,Noida,TRUE,,,23647.399999999998,Negative
2024-04-24,CREDIT,34.44,INR,1.0,-1288449.65,Swiggy,Utilities,Electricity,Canada,Hyderabad,TRUE,,,6543.599999999999,Negative
2024-03-27,DEBIT,584.37,INR,1.0,-2623495.13,Reliance,Education,Books,UAE,Mumbai,TRUE,MANUAL ADJUSTMENT,,111030.3,Negative
2025-04-30,CREDIT,33.37,USD,82.8456,-2903914.34,Zomato,Automotive,Fuel,India,Pune,TRUE,REPEAT PURCHASE,,525265.95768,Negative
2023-10-06,DEBIT,75.18,USD,81.1792,-2623534.05,ElectroWorld,Health,Pharmacy,USA,Noida,TRUE,MANUAL ADJUSTMENT,,1159579.92864,Negative
2025-01-08,DEBIT,8.53,USD,79.8363,-2679262.36,Reliance,Health,Pharmacy,UK,Delhi,TRUE,REPEAT PURCHASE,,129390.69140999998,Negative
2025-01-08,DEBIT,8.12,USD,82.3244,-1850235.1,Swiggy,Groceries,Supermarket,USA,Chennai,TRUE,REPEAT PURCHASE,2022.0,127010.08432,Negative
2024-05-04,DEBIT,33.37,AED,19.272,-2419590.96,Swiggy,Electronics,Laptop,UAE,Pune,TRUE,PROMO APPLIED,,122190.26159999997,Negative
2024-04-25,CREDIT,26.92,USD,72.715,-1641954.78,ShopEasy,Electronics,Accessory,Canada,Jaipur,TRUE,PROMO APPLIED,,371922.68200000003,Negative
2024-12-19,DEBIT,25.33,INR,1.0,-1641954.78,Starbucks,Dining,FastFood,USA,Jaipur,TRUE,CHARGEBACK REQUESTED,2025.0,4812.7,Negative
2023-10-20,REFUND,3.31,USD,80.0495,-1499724.33,ElectroWorld,Dining,Cafe,Canada,Gurugram,TRUE,,,50343.13055,Negative
2024-03-23,CREDIT,33.37,INR,1.0,-1714894.0,Myntra,Entertainment,Movies,UAE,Noida,TRUE,REPEAT PURCHASE,2019.0,6340.299999999999,Negative
2025-03-19,CREDIT,77.85,INR,1.0,-1712964.47,Starbucks,Automotive,Repair,Australia,Noida,TRUE,"CASHBACK CREDITED -- VERIFY
CONTACT SUPPORT",,14791.499999999998,Negative
2024-12-20,DEBIT,52.71,USD,81.8522,-2462558.21,Starbucks,Groceries,Supermarket,UK,Pune,TRUE,REPEAT PURCHASE,,819741.59778,Negative
2024-11-15,DEBIT,90.67,USD,82.5538,-2464604.52,Paytm Mall,Utilities,Internet,USA,Kolkata,TRUE,SUSPECTED FRAUD,2018.0,1422179.0787399998,Negative
2024-12-07,DEBIT,17.15,INR,1.0,-2208302.66,Swiggy,Utilities,Water,Australia,Mumbai,TRUE,MANUAL ADJUSTMENT,,3258.4999999999995,Negative
2025-07-12,DEBIT,32.63,INR,1.0,-1641954.78,LocalMart,Entertainment,Concert,Australia,Gurugram,TRUE,REPEAT PURCHASE,2025.0,6199.700000000001,Negative
2024-06-30,DEBIT,75.6,USD ,76.8542,-1641954.78,Swiggy,Travel,Taxi,Canada,Kolkata,TRUE,PROMO APPLIED,,1103933.7288,Negative
2025-06-27,DEBIT,143.31,GBP,106.6035,-1880152.4,AutoZone,Dining,Cafe,India,Noida,TRUE,SUSPECTED FRAUD,,2902696.04115,Negative
2025-01-22,DEBIT,33.37,,1.0,-1641954.78,Zomato,,FastFood,Australia,Gurugram,TRUE,SUSPECTED FRAUD,,6340.299999999999,Negative
2025-03-20,REFUND,33.37,USD,76.5532,-593374.31,ShopEasy,Electronics,Laptop,UK,Hyderabad,TRUE,SUSPECTED FRAUD,,485370.25396,Negative
2023-10-29,CREDIT,12.17,GBP,100.0279,-1641954.78,ElectroWorld,Utilities,Electricity,Australia,Delhi,TRUE,,,231294.51317000002,Negative
2025-04-18,DEBIT,24.27,INR,1.0,-554482.82,LocalMart,Utilities,Electricity,Canada,Kolkata,TRUE,CHARGEBACK REQUESTED,,4611.3,Negative
2024-08-04,REFUND,3.8,INRR,1.0,-2238035.95,Starbucks,Education,Books,Canada,Pune,TRUE,CHARGEBACK REQUESTED,,722.0,Negative
2024-04-27,CREDIT,49.08,GBP,108.846,-1641954.78,Walmart,Utilities,Electricity,India,Delhi,TRUE,REPEAT PURCHASE,2023.0,1015010.7192,Negative
2023-11-11,CREDIT,33.37,USD,73.9673,9816.93,ElectroWorld,Travel,Flight,Australia,Chennai,TRUE,CHARGEBACK REQUESTED,2019.0,468974.87218999997,Positive
2025-07-23,DEBIT,383.94,AED,18.4769,-2112341.07,Swiggy,Clothing,Men,Canada,Hyderabad,TRUE,REPEAT PURCHASE,,1347863.98734,Negative
2024-01-19,CREDIT,33.37,USD,73.8886,-2065766.45,Paytm Mall,Clothing,Men,India,Chennai,TRUE,MANUAL ADJUSTMENT,,468475.8905799999,Negative
2024-09-16,DEBIT,5.62,GBP,97.6315,-1641954.78,LocalMart,Entertainment,Streaming,USA,Chennai,TRUE,REPEAT PURCHASE,,104250.9157,Negative
2025-07-12,CREDIT,42.34,USD,81.9884,-2230629.99,BigBasket,Utilities,Water,India,Delhi,TRUE,CASHBACK CREDITED,,659563.88264,Negative
2024-10-10,CREDIT,58.35,INR,1.0,-1436002.15,Walmart,Electronics,Accessory,USA,Chennai,TRUE,"MONTHLY SUBSCRIPTION -- VERIFY
CONTACT SUPPORT",,11086.5,Negative
2024-10-08,REFUND,16.04,GBP,92.3361,-277549.11,Paytm Mall,Groceries,Specialty,Australia,Pune,TRUE,CASHBACK CREDITED,2021.0,281403.49836,Negative
2023-12-18,DEBIT,227.06,AED,19.8898,-2514712.76,Swiggy,Entertainment,Concert,USA,Delhi,TRUE,,2022.0,858073.81772,Negative
2023-11-11,DEBIT,135.39,AED,18.9241,-2452466.77,Amazon,Automotive,Fuel,Australia,Kolkata,TRUE,CASHBACK CREDITED,,486805.4408099999,Negative
2023-10-03,DEBIT,403.1,USD,72.2736,-2826278.25,Paytm Mall,Electronics,Laptop,UAE,Gurugram,TRUE,CASHBACK CREDITED,2015.0,5535362.7504,Negative
2024-01-08,DEBIT,15.93,INR,1.0,-985774.78,ShopEasy,Automotive,Fuel,Australia,Noida,TRUE,REPEAT PURCHASE,,3026.7,Negative
2024-08-13,CREDIT,33.37,AED,19.7471,-1641954.78,Myntra,Health,Clinic,UK,Gurugram,TRUE,MONTHLY SUBSCRIPTION,2017.0,125202.53812999999,Negative
2025-01-21,CREDIT,237.56,USD,77.9222,-1641954.78,Amazon,Automotive,Repair,UAE,Chennai,TRUE,PROMO APPLIED,,3517127.58808,Negative
2025-02-27,DEBIT,63.05,USD,74.4368,-974997.72,ShopEasy,Electronics,Mobile,India,Mumbai,TRUE,MONTHLY SUBSCRIPTION,,891715.6456,Negative
2025-05-03,DEBIT,19.38,AED,21.1708,-529761.53,AutoZone,Dining,Restaurant,USA,Pune,TRUE,MONTHLY SUBSCRIPTION,,77955.11976,Negative
2024-09-26,REFUND,76.11,USD,77.9056,-1284296.42,Starbucks,Groceries,Specialty,Canada,Bengaluru,TRUE,MANUAL ADJUSTMENT,,1126585.09104,Negative
2025-08-19,CREDIT,106.83,GBP,92.2117,-1641954.78,Walmart,Health,Clinic,Australia,Jaipur,TRUE,MANUAL ADJUSTMENT,,1871685.42309,Negative
2024-06-15,CREDIT,21.5,INR,1.0,-1935758.59,Starbucks,Groceries,Specialty,Canada,Gurugram,TRUE,SUSPECTED FRAUD,,4085.0,Negative
2025-08-05,CREDIT,8.9,USD,80.6532,-2538283.69,Amazon,Entertainment,Streaming,Canada,Noida,TRUE,PROMO APPLIED,,136384.5612,Negative
2025-04-27,CREDIT,69.66,INR,1.0,-1559305.52,ShopEasy,Clothing,Men,Australia,Delhi,TRUE,CASHBACK CREDITED,2016.0,13235.4,Negative
2024-02-26,CREDIT,33.37,INR,1.0,-1641954.78,Zomato,Health,Pharmacy,UK,Delhi,TRUE,MONTHLY SUBSCRIPTION,,6340.299999999999,Negative
2025-08-01,DEBIT,36.31,INR,1.0,-1131488.73,Amazon,Automotive,Repair,UAE,Delhi,TRUE,MANUAL ADJUSTMENT,2024.0,6898.900000000001,Negative
2023-10-16,CREDIT,82.19,GBP,97.2703,-259265.22,ElectroWorld,Utilities,Electricity,USA,Noida,TRUE,CHARGEBACK REQUESTED,2019.0,1518982.7318300002,Negative
2024-07-03,DEBIT,33.37,AED,18.3645,-986577.51,Paytm Mall,Utilities,Water,UAE,Chennai,TRUE,SUSPECTED FRAUD,2022.0,116436.43935,Negative
2025-05-09,DEBIT,34.61,USD,78.0915,-2825907.7,ElectroWorld,Dining,FastFood,Australia,Jaipur,TRUE,SUSPECTED FRAUD,2025.0,513521.89485,Negative
2025-03-22,DEBIT,5.2,AED,20.8321,-2237080.71,Flipkart,Health,Clinic,UK,Gurugram,TRUE,PROMO APPLIED,2018.0,20582.1148,Negative
2023-11-10,REFUND,9.0,INR,1.0,-2452357.01,ElectroWorld,Clothing,Men,UK,Hyderabad,TRUE,REPEAT PURCHASE,,1710.0,Negative
2024-02-18,CREDIT,33.37,INR,1.0,-2579280.46,Myntra,Groceries,Supermarket,Canada,Hyderabad,TRUE,PROMO APPLIED,,6340.299999999999,Negative
2025-03-14,CREDIT,14.43,USD,77.0635,-2110570.36,LocalMart,Dining,FastFood,Canada,Gurugram,TRUE,REPEAT PURCHASE,2017.0,211284.99795000002,Negative
2024-12-15,DEBIT,18.75,INR,1.0,-1641954.78,Reliance,Automotive,Fuel,UAE,Mumbai,TRUE,SUSPECTED FRAUD,,3562.5,Negative
2024-06-09,DEBIT,42.02,INR,1.0,-2773560.84,LocalMart,Electronics,Accessory,UAE,Delhi,TRUE,CASHBACK CREDITED,,7983.8,Negative
2024-05-05,DEBIT,36.13,USD,73.521,-1676460.85,Starbucks,Utilities,Internet,UK,Gurugram,TRUE,MONTHLY SUBSCRIPTION,,504699.60870000004,Negative
2025-03-31,CREDIT,33.37,USD,74.7766,-1499739.75,Swiggy,Groceries,Specialty,UK,Chennai,TRUE,MANUAL ADJUSTMENT,,474106.07698,Negative
2025-04-19,REFUND,33.37,USD,74.359,-1641954.78,Amazon,Dining,FastFood,UAE,Mumbai,TRUE,CHARGEBACK REQUESTED,,471458.3676999999,Negative
2025-08-28,DEBIT,33.37,USD,77.6478,9447.59,Reliance,Automotive,Repair,Australia,Kolkata,TRUE,REPEAT PURCHASE,,492310.34634,Positive
2025-01-10,DEBIT,44.67,USD,81.6168,-2825287.7,Flipkart,Dining,FastFood,UK,Pune,TRUE,,,692706.2666399999,Negative
2025-03-14,DEBIT,33.37,USD,78.0251,-2463092.22,ElectroWorld,Dining,FastFood,Canada,Bengaluru,TRUE,SUSPECTED FRAUD,,494702.54152999993,Negative
2024-05-23,CREDIT,33.37,INR,1.0,-2922501.3,Reliance,Education,Books,Canada,Hyderabad,TRUE,,,6340.299999999999,Negative
2024-02-22,DEBIT,111.31,INR,1.0,-1641954.78,Reliance,Travel,Taxi,UK,Bengaluru,TRUE,CHARGEBACK REQUESTED,,21148.9,Negative
2024-11-30,CREDIT,168.43,INR,1.0,-1774727.58,Paytm Mall,Travel,Taxi,USA,Kolkata,TRUE,CASHBACK CREDITED,,32001.7,Negative
2024-10-29,DEBIT,33.37,USD,72.4657,-1288712.97,Myntra,Health,Pharmacy,UK,Mumbai,TRUE,SUSPECTED FRAUD,,459454.27770999994,Negative
2024-02-07,DEBIT,525.51,USD,82.0345,-1641954.78,BigBasket,Travel,Hotel,UK,Pune,TRUE,REPEAT PURCHASE,,8190890.518049998,Negative
2023-11-21,CREDIT,33.37,GBP,90.4501,-965350.88,Walmart,Automotive,Repair,UK,Gurugram,TRUE,REPEAT PURCHASE,2015.0,573480.76903,Negative
2024-02-09,REFUND,82.82,GBP,92.6905,-2464037.1,BigBasket,Groceries,Specialty,UK,Chennai,TRUE,MANUAL ADJUSTMENT,,1458559.1698999999,Negative
2024-06-01,CREDIT,4.99,USD,73.3853,-542473.81,Starbucks,Education,Books,UK,Noida,TRUE,MONTHLY SUBSCRIPTION,,69576.60293000001,Negative
2024-12-29,REFUND,13.74,AED,18.8,-1641954.78,Myntra,Electronics,Accessory,Australia,Hyderabad,TRUE,MANUAL ADJUSTMENT,,49079.28,Negative
2024-12-18,REFUND,32.09,USD,73.2766,-1641954.78,Swiggy,Dining,Restaurant,India,Hyderabad,TRUE,,,446774.75786000007,Negative
2024-09-21,DEBIT,41.56,INR,1.0,-2231589.31,Amazon,Automotive,Repair,UK,Hyderabad,TRUE,REPEAT PURCHASE,,7896.400000000001,Negative
2024-05-15,DEBIT,26.46,AED,19.7449,-1641954.78,Zomato,Automotive,Repair,USA,Jaipur,TRUE,SUSPECTED FRAUD,,99265.51026000001,Negative
2024-11-20,CREDIT,61.9,INR,1.0,-2085719.18,Swiggy,Dining,Cafe,Canada,Hyderabad,TRUE,CASHBACK CREDITED,2023.0,11761.0,Negative
2024-07-13,DEBIT,76.06,AED,18.394,-1483684.52,BigBasket,Automotive,Repair,USA,Bengaluru,TRUE,SUSPECTED FRAUD,,265819.0516,Negative
2023-12-20,DEBIT,10.34,GBP,93.1771,-2237663.62,Zomato,Health,Pharmacy,Canada,Bengaluru,TRUE,SUSPECTED FRAUD,2021.0,183055.73066,Negative
2024-06-09,REFUND,93.34,AED,21.599,-2936206.1,ShopEasy,Education,Course,Canada,Mumbai,TRUE,,,383049.6254,Negative
2023-10-14,CREDIT,19.45,GBP,103.1229,-974395.51,Amazon,Education,Course,USA,Mumbai,TRUE,CHARGEBACK REQUESTED,2023.0,381090.67695,Negative
2024-01-16,CREDIT,64.25,AED,21.2916,-1561167.46,LocalMart,Health,Clinic,UAE,Gurugram,TRUE,MONTHLY SUBSCRIPTION,2022.0,259917.20699999997,Negative
2025-09-08,CREDIT,143.34,USD,80.918,-987543.46,Walmart,Dining,Cafe,UK,Kolkata,TRUE,REPEAT PURCHASE,,2203769.3628000002,Negative
2024-09-20,DEBIT,33.37,INR,1.0,-2230493.29,Walmart,Entertainment,Movies,USA,Noida,TRUE,CHARGEBACK REQUESTED,,6340.299999999999,Negative
2023-11-12,DEBIT,663.08,GBP,98.6615,-2874521.64,Reliance,Health,Clinic,India,Chennai,TRUE,,,12429888.8098,Negative
2024-05-05,CREDIT,34.77,AED,18.7186,-593574.45,LocalMart,Dining,FastFood,UK,Jaipur,TRUE,,,123660.68718000001,Negative
2025-05-12,REFUND,5.36,INR,1.0,-1273132.52,Myntra,Electronics,Accessory,UK,Jaipur,TRUE,MANUAL ADJUSTMENT,2017.0,1018.4000000000001,Negative
2024-01-05,REFUND,17.37,USD,78.2906,-2464705.29,Reliance,Travel,Hotel,UAE,Jaipur,TRUE,,2016.0,258382.46718000004,Negative
2023-10-30,DEBIT,5.93,INR,1.0,-2118954.8,BigBasket,Utilities,Water,India,Bengaluru,TRUE,SUSPECTED FRAUD,,1126.7,Negative
2023-11-05,DEBIT,311.87,GBP,108.7598,-1641954.78,Swiggy,Education,Course,UAE,Bengaluru,TRUE,CASHBACK CREDITED,,6444594.57694,Negative
2025-02-17,DEBIT,126.56,USD,74.018,-537801.61,Flipkart,Travel,Taxi,UAE,Mumbai,TRUE,REPEAT PURCHASE,,1779866.4352000002,Negative
2024-01-25,DEBIT,70.78,INRR,1.0,-489643.88,AutoZone,Education,Books,Canada,Hyderabad,TRUE,REPEAT PURCHASE,,13448.2,Negative
2024-11-08,CREDIT,60.74,INR,1.0,-1198355.68,LocalMart,Entertainment,Movies,UK,Mumbai,TRUE,PROMO APPLIED,,11540.6,Negative
2024-04-29,DEBIT,6.86,USD,76.8852,-965354.31,ElectroWorld,Health,Clinic,USA,Jaipur,TRUE,PROMO APPLIED,,100212.16967999999,Negative
2024-01-13,DEBIT,35.99,INR,1.0,-1641954.78,ElectroWorld,Dining,Cafe,UK,Delhi,TRUE,CHARGEBACK REQUESTED,2016.0,6838.1,Negative
2025-03-09,DEBIT,36.65,AED,18.1721,-2652945.19,Swiggy,Health,Pharmacy,India,Kolkata,TRUE,MONTHLY SUBSCRIPTION,,126541.41835,Negative
2025-01-06,REFUND,229.92,AED,19.047,-2120222.41,Starbucks,Automotive,Repair,India,Pune,TRUE,CASHBACK CREDITED,,832064.3855999999,Negative
2025-01-07,REFUND,61.67,AED,21.6966,-2678677.72,Myntra,Groceries,Specialty,India,Jaipur,TRUE,SUSPECTED FRAUD,2022.0,254225.57118000003,Negative
2023-09-28,REFUND,33.37,USD,81.8716,-974380.38,BigBasket,Electronics,Accessory,Canada,Gurugram,TRUE,,,519090.50548,Negative
2024-04-05,REFUND,43.34,USD,72.4318,-1652365.94,BigBasket,Dining,Cafe,UAE,Noida,TRUE,MONTHLY SUBSCRIPTION,,596446.90028,Negative
2023-12-18,REFUND,33.37,INR,1.0,-2120748.75,Zomato,Electronics,Mobile,Australia,Gurugram,TRUE,SUSPECTED FRAUD,,6340.299999999999,Negative
2024-07-10,REFUND,70.33,USD,78.3508,-2579625.78,Myntra,Groceries,Supermarket,USA,Kolkata,TRUE,,,1046978.23516,Negative
2023-12-09,REFUND,1140.15,INR,1.0,-1641954.78,Flipkart,Entertainment,Streaming,India,Pune,TRUE,CASHBACK CREDITED,,216628.50000000003,Negative
2025-08-16,DEBIT,14.3,USD,77.6073,-1641954.78,Zomato,Dining,Restaurant,Canada,Jaipur,TRUE,CHARGEBACK REQUESTED,,210859.03410000002,Negative
2025-05-18,DEBIT,33.37,INR,1.0,-1001262.19,Walmart,Dining,FastFood,USA,Delhi,TRUE,PROMO APPLIED,,6340.299999999999,Negative
2025-08-16,DEBIT,63.85,USD,75.8987,-175201.42,ElectroWorld,Entertainment,Concert,USA,Kolkata,TRUE,MANUAL ADJUSTMENT,,920765.0790500002,Negative
2024-07-08,DEBIT,33.37,INR,1.0,-1213994.38,Starbucks,Clothing,Women,Australia,Kolkata,TRUE,SUSPECTED FRAUD,2022.0,6340.299999999999,Negative
2024-09-04,DEBIT,130.65,USD,80.4946,-279608.61,Starbucks,Utilities,Electricity,Australia,Jaipur,TRUE,CASHBACK CREDITED,,1998157.7031000003,Negative
2024-08-03,DEBIT,8.95,GBP,95.5743,-2237653.38,Walmart,Travel,Hotel,Australia,Noida,TRUE,MONTHLY SUBSCRIPTION,,162524.09715,Negative
2024-05-06,CREDIT,24.79,GBP,99.6157,-1105561.37,Myntra,Groceries,Supermarket,UAE,Kolkata,TRUE,,2024.0,469199.90857,Negative
2024-06-14,CREDIT,48.41,INR,1.0,-2117917.16,ShopEasy,Education,Books,UAE,Jaipur,TRUE,CASHBACK CREDITED,2017.0,9197.9,Negative
2025-04-04,DEBIT,33.37,INR,1.0,-2465432.93,Swiggy,Electronics,Laptop,India,Chennai,TRUE,REPEAT PURCHASE,,6340.299999999999,Negative
2025-02-01,DEBIT,33.37,USD,81.5942,-1641914.05,Walmart,Automotive,Repair,Canada,Mumbai,TRUE,CASHBACK CREDITED,2017.0,517331.70625999995,Negative
2024-11-26,DEBIT,17.98,AED,18.3356,-1198733.22,Starbucks,Electronics,Accessory,Australia,Noida,TRUE,MANUAL ADJUSTMENT,,62638.07672,Negative
2025-08-02,REFUND,15.17,USD,76.4934,-2538848.6,Myntra,Entertainment,Streaming,Australia,Bengaluru,TRUE,REPEAT PURCHASE,2020.0,220476.92681999996,Negative
2024-08-07,REFUND,33.37,AED,20.1004,-2582578.38,Swiggy,Education,Course,UAE,Hyderabad,TRUE,,,127442.56611999999,Negative
2025-08-13,DEBIT,33.37,INR,1.0,-1641954.78,Starbucks,Groceries,Supermarket,India,Delhi,TRUE,CASHBACK CREDITED,2019.0,6340.299999999999,Negative
2025-06-21,REFUND,33.37,INR,1.0,-1641954.78,AutoZone,Groceries,Specialty,USA,Chennai,TRUE,CASHBACK CREDITED,,6340.299999999999,Negative
2025-02-14,CREDIT,2.7,AED,19.3948,-2538849.95,Zomato,Utilities,Water,Australia,Mumbai,TRUE,SUSPECTED FRAUD,2021.0,9949.5324,Negative
2024-05-23,DEBIT,131.58,USD,81.9655,-2461969.73,ElectroWorld,Education,Books,India,Noida,TRUE,MONTHLY SUBSCRIPTION,,2049153.8931000005,Negative
2024-11-13,CREDIT,139.31,USD,74.4122,-1652581.22,LocalMart,Groceries,Specialty,UAE,Noida,TRUE,MANUAL ADJUSTMENT,,1969609.08058,Negative
2024-10-18,CREDIT,118.18,AED,20.222,-2922729.53,Amazon,Dining,FastFood,Canada,Hyderabad,TRUE,REPEAT PURCHASE,,454068.8324000001,Negative
2024-08-11,CREDIT,8.93,INR,1.0,-1560922.22,Amazon,Travel,Flight,UAE,Pune,TRUE,CASHBACK CREDITED,,1696.7,Negative
2023-12-20,DEBIT,33.37,INR,1.0,-2428271.97,Walmart,Utilities,Electricity,UK,Noida,TRUE,MANUAL ADJUSTMENT,,6340.299999999999,Negative
2023-09-12,DEBIT,33.37,GBP,91.3326,-1641954.78,Starbucks,Dining,Cafe,Canada,Pune,TRUE,CHARGEBACK REQUESTED,,579076.08378,Negative
2025-03-31,CREDIT,19.24,USD,78.4783,-1641954.78,Zomato,Groceries,Supermarket,Canada,Kolkata,TRUE,,2017.0,286885.27348,Negative
2024-12-15,DEBIT,55.37,GBP,108.216,-1823699.58,BigBasket,Electronics,Mobile,India,Chennai,TRUE,MONTHLY SUBSCRIPTION,,1138464.7847999998,Negative
2024-11-06,DEBIT,57.29,INR,1.0,-537855.24,Walmart,Education,Books,India,Gurugram,TRUE,MONTHLY SUBSCRIPTION,,10885.1,Negative
2024-05-01,DEBIT,25.35,INR,1.0,-1937025.83,Amazon,Automotive,Fuel,India,Mumbai,TRUE,MANUAL ADJUSTMENT,2018.0,4816.5,Negative
2023-11-01,DEBIT,40.15,USD,79.4161,-973825.29,ElectroWorld,Automotive,Fuel,Australia,Chennai,TRUE,,2016.0,605825.71885,Negative
2024-10-17,CREDIT,25.28,INR,1.0,-1641954.78,AutoZone,Education,Books,USA,Delhi,TRUE,CASHBACK CREDITED,,4803.2,Negative
2024-09-10,DEBIT,91.74,INR,1.0,-1641954.78,Reliance,Travel,Flight,UK,Bengaluru,TRUE,CASHBACK CREDITED,,17430.6,Negative
2024-12-19,DEBIT,347.24,AED,19.2535,-1168436.31,ElectroWorld,Groceries,Specialty,USA,Pune,TRUE,CASHBACK CREDITED,,1270261.2145999998,Negative
2024-07-26,DEBIT,47.56,USD,78.9229,-2119614.99,Starbucks,Groceries,Supermarket,UAE,Chennai,TRUE,SUSPECTED FRAUD,,713178.89356,Negative
2024-10-22,DEBIT,5.39,AED,20.5604,-1641954.78,LocalMart,Education,Books,UAE,Gurugram,TRUE,MONTHLY SUBSCRIPTION,,21055.90564,Negative
2025-08-31,CREDIT,13.72,USD,78.8455,-2624500.26,Starbucks,Automotive,Fuel,India,Noida,TRUE,,,205534.4494,Negative
2025-06-09,CREDIT,27.33,AED,19.6845,-1641954.78,Amazon,Groceries,Supermarket,Australia,Pune,TRUE,PROMO APPLIED,,102215.70314999999,Negative
2024-02-20,CREDIT,15.16,GBP,90.3,-976482.44,Reliance,Electronics,Accessory,Canada,Gurugram,TRUE,REPEAT PURCHASE,2018.0,260100.11999999997,Negative
2025-03-09,CREDIT,111.47,AED,19.9481,-1641954.78,AutoZone,Utilities,Electricity,Canada,Chennai,TRUE,MONTHLY SUBSCRIPTION,,422486.79433000006,Negative
2025-07-24,CREDIT,134.43,INR,1.0,-2868672.38,LocalMart,Utilities,Electricity,UAE,Jaipur,TRUE,MANUAL ADJUSTMENT,,25541.7,Negative
2025-08-14,DEBIT,12.14,AED,19.4528,-2254320.71,BigBasket,Electronics,Accessory,Australia,Mumbai,TRUE,CASHBACK CREDITED,,44869.828480000004,Negative
2025-04-01,DEBIT,33.37,USD,76.6351,-1713329.1,Myntra,Travel,Taxi,Canada,Hyderabad,TRUE,SUSPECTED FRAUD,,485889.5245299999,Negative
2025-07-05,REFUND,80.72,INR ,1.0,-1641954.78,Paytm Mall,Dining,Cafe,Australia,Hyderabad,TRUE,MANUAL ADJUSTMENT,,15336.8,Negative
2024-12-21,DEBIT,37.66,USD,76.4904,-2680734.22,Reliance,Automotive,Repair,Australia,Kolkata,TRUE,PROMO APPLIED,,547319.4081599999,Negative
2024-02-28,REFUND,47.43,USD,81.4717,-974778.46,Paytm Mall,Education,Books,Australia,Mumbai,TRUE,REPEAT PURCHASE,2019.0,734198.51889,Negative
2024-12-12,DEBIT,39.62,USD,82.0276,-2680242.1,Amazon,Electronics,Accessory,India,Noida,TRUE,MANUAL ADJUSTMENT,,617487.36728,Negative
2025-06-23,REFUND,33.37,USD,79.7487,-2065754.34,ElectroWorld,Clothing,Women,Australia,Chennai,TRUE,SUSPECTED FRAUD,,505630.68260999996,Negative
2025-08-17,DEBIT,327.44,INR,1.0,-260437.02,Flipkart,Entertainment,Streaming,UAE,Pune,TRUE,SUSPECTED FRAUD,2017.0,62213.6,Negative
2023-12-01,CREDIT,16.48,INR,1.0,-1886988.69,Flipkart,Utilities,Water,UAE,Hyderabad,TRUE,SUSPECTED FRAUD,,3131.2000000000003,Negative
2025-07-28,REFUND,5.59,USD,81.6249,-2726706.88,ShopEasy,Health,Pharmacy,UAE,Hyderabad,TRUE,SUSPECTED FRAUD,2022.0,86693.80629,Negative
2023-10-14,DEBIT,16.88,USD,74.7741,-1641954.78,Paytm Mall,Groceries,Supermarket,UK,Pune,TRUE,REPEAT PURCHASE,2017.0,239815.49352,Negative
2023-12-28,DEBIT,33.37,INRR,1.0,-1200169.85,ShopEasy,Health,Clinic,India,Delhi,TRUE,PROMO APPLIED,,6340.299999999999,Negative
2024-03-09,CREDIT,96.65,INR,1.0,-1270012.4,BigBasket,Health,Clinic,Canada,Noida,TRUE,SUSPECTED FRAUD,2022.0,18363.5,Negative
2023-09-14,DEBIT,15.97,GBP,108.4419,-2873642.53,BigBasket,Electronics,Laptop,Australia,Chennai,TRUE,PROMO APPLIED,,329045.25717000006,Negative
2024-06-11,DEBIT,70.97,GBP,106.8288,-540834.46,Amazon,Clothing,Women,UAE,Kolkata,TRUE,CASHBACK CREDITED,,1440511.58784,Negative
2024-03-27,CREDIT,5.7,USD,79.7449,-2901950.27,Myntra,Electronics,Accessory,Australia,Noida,TRUE,MONTHLY SUBSCRIPTION,2019.0,86363.7267,Negative
2023-12-25,DEBIT,11.54,USD,81.9305,-1641954.78,ElectroWorld,Utilities,Water,USA,Kolkata,TRUE,CHARGEBACK REQUESTED,,179640.81429999997,Negative
2025-08-30,REFUND,33.37,USD,82.3022,-1214866.93,ShopEasy,Electronics,Mobile,UAE,Pune,TRUE,CASHBACK CREDITED,2018.0,521820.63865999994,Negative
2024-10-10,DEBIT,4.54,GBP,103.9128,-1713923.49,Amazon,Electronics,Laptop,USA,Kolkata,TRUE,CASHBACK CREDITED,,89635.18128,Negative
2024-10-18,DEBIT,54.13,INR,1.0,-2868929.07,Zomato,Dining,Cafe,Australia,Kolkata,TRUE,MANUAL ADJUSTMENT,,10284.7,Negative
2024-09-07,CREDIT,15.98,INRR,1.0,-2428036.01,Walmart,Utilities,Electricity,UK,Jaipur,TRUE,,,3036.2000000000003,Negative
2024-11-14,CREDIT,15.94,AED,20.7202,-965378.37,Myntra,Electronics,Mobile,USA,Mumbai,TRUE,,,62753.19771999999,Negative
2023-12-03,DEBIT,1454.57,USD,82.7719,-2208234.11,Swiggy,Automotive,Repair,Australia,Noida,TRUE,MONTHLY SUBSCRIPTION,2025.0,22875529.290769998,Negative
2024-03-07,REFUND,72.09,INR,1.0,-985848.23,BigBasket,Health,Clinic,Australia,Mumbai,TRUE,SUSPECTED FRAUD,2026.0,13697.1,Negative
2025-08-04,DEBIT,152.3,USD,73.5603,-436645.98,ShopEasy,Travel,Flight,UAE,Bengaluru,TRUE,CASHBACK CREDITED,2020.0,2128614.4011000004,Negative
2024-05-03,REFUND,33.37,GBP,108.1375,-1641954.78,Amazon,Travel,Flight,India,Delhi,TRUE,,2024.0,685624.1912499999,Negative
2024-01-08,DEBIT,104.83,AED,18.856,-2120790.11,Flipkart,Travel,Flight,Australia,Pune,TRUE,MANUAL ADJUSTMENT,,375568.1512,Negative
2025-05-22,CREDIT,12.09,INR,1.0,-1641954.78,AutoZone,Clothing,Men,India,Jaipur,TRUE,PROMO APPLIED,,2297.1,Negative
2025-03-25,DEBIT,25.4,USD,75.5731,-1641954.78,LocalMart,Entertainment,Streaming,USA,Kolkata,TRUE,,,364715.78059999994,Negative
2024-06-26,REFUND,3.66,GBP,93.568,-2236940.3,LocalMart,Dining,Restaurant,India,Jaipur,TRUE,CHARGEBACK REQUESTED,2019.0,65067.18720000001,Negative
2024-06-28,CREDIT,7.53,AED,20.552,-1162718.48,Swiggy,Utilities,Water,UK,Chennai,TRUE,,2021.0,29403.7464,Negative
2024-06-12,CREDIT,33.37,AED,20.9155,-259335.0,AutoZone,Utilities,Internet,Canada,Noida,TRUE,REPEAT PURCHASE,2024.0,132610.54465,Negative
2025-04-17,REFUND,33.37,INR,1.0,-2825597.54,Paytm Mall,Travel,Hotel,Canada,Gurugram,TRUE,CHARGEBACK REQUESTED,,6340.299999999999,Negative
2025-03-27,CREDIT,50.03,USD,75.6821,-1288416.81,Flipkart,Automotive,Fuel,India,Kolkata,TRUE,PROMO APPLIED,2021.0,719411.3379700001,Negative
2023-10-03,CREDIT,47.92,USD,75.2588,-1641954.78,Myntra,Education,Books,Canada,Pune,TRUE,MANUAL ADJUSTMENT,,685216.32224,Negative
2025-02-23,REFUND,54.08,USD,74.9302,-1284479.48,Walmart,Groceries,Specialty,USA,Bengaluru,TRUE,SUSPECTED FRAUD,,769922.7910399999,Negative
2023-11-09,DEBIT,171.12,USD,76.3425,-258279.2,Swiggy,Health,Pharmacy,India,Gurugram,TRUE,PROMO APPLIED,,2482108.434,Negative
2023-11-17,DEBIT,25.15,INR,1.0,-2467237.16,Zomato,Automotive,Fuel,UK,Hyderabad,TRUE,REPEAT PURCHASE,2018.0,4778.5,Negative
2025-06-09,CREDIT,51.23,INR,1.0,-1270608.22,Myntra,Travel,Taxi,USA,Noida,TRUE,MANUAL ADJUSTMENT,,9733.699999999999,Negative
2023-09-30,REFUND,33.37,AED,18.545,-965822.93,ShopEasy,Entertainment,Streaming,USA,Hyderabad,TRUE,PROMO APPLIED,,117580.86349999999,Negative
2024-05-18,DEBIT,8.4,USD,80.0955,-163829.0,Swiggy,Education,Course,UAE,Hyderabad,TRUE,MONTHLY SUBSCRIPTION,,127832.41800000002,Negative
2025-08-26,REFUND,33.37,INR,1.0,-2873035.69,Paytm Mall,Travel,Flight,UAE,Jaipur,TRUE,CHARGEBACK REQUESTED,,6340.299999999999,Negative
2023-12-20,CREDIT,121.87,GBP,105.6305,-1168959.9,Swiggy,Travel,Taxi,Canada,Pune,TRUE,SUSPECTED FRAUD,,2445905.91665,Negative
2024-07-18,CREDIT,41.33,AED,18.893,-155699.17,Swiggy,Education,Course,Australia,Noida,TRUE,CASHBACK CREDITED,,148361.0611,Negative
2024-09-10,DEBIT,20.49,USD,74.0276,-2118440.34,Swiggy,Dining,FastFood,Australia,Bengaluru,TRUE,REPEAT PURCHASE,,288196.84956,Negative
2023-09-18,CREDIT,34.22,INR,1.0,-2419608.07,BigBasket,Dining,Cafe,USA,Gurugram,TRUE,CHARGEBACK REQUESTED,,6501.8,Negative
2023-11-19,DEBIT,27.03,GBP,97.9828,-2772962.21,Swiggy,Electronics,Mobile,Australia,Kolkata,TRUE,CHARGEBACK REQUESTED,,503210.26596000005,Negative
2024-10-09,CREDIT,32.3,INR,1.0,-175065.59,BigBasket,Electronics,Mobile,Australia,Gurugram,TRUE,MONTHLY SUBSCRIPTION,,6136.999999999999,Negative
2023-09-19,DEBIT,65.28,USD,72.2244,-977196.98,Flipkart,Health,Clinic,USA,Bengaluru,TRUE,CHARGEBACK REQUESTED,,895813.6780800001,Negative
2025-07-21,DEBIT,43.08,USD,80.7664,-529526.61,Starbucks,Dining,Restaurant,UAE,Kolkata,TRUE,CASHBACK CREDITED,2022.0,661089.13728,Negative
2025-03-26,DEBIT,33.37,INR,1.0,-2867428.72,Zomato,Automotive,Fuel,USA,Jaipur,TRUE,MANUAL ADJUSTMENT,2021.0,6340.299999999999,Negative
2024-08-30,DEBIT,15.99,AED,18.0475,-1559168.55,Amazon,Utilities,Internet,India,Chennai,TRUE,REPEAT PURCHASE,,54830.109749999996,Negative
2023-11-13,DEBIT,33.37,GBP,90.3129,-1272556.97,Starbucks,Entertainment,Concert,Australia,Noida,TRUE,MANUAL ADJUSTMENT,2015.0,572610.87987,Negative
2025-04-20,DEBIT,33.37,INR,1.0,-1200414.9,BigBasket,Health,Pharmacy,UK,Hyderabad,TRUE,CHARGEBACK REQUESTED,,6340.299999999999,Negative
2023-10-31,CREDIT,33.37,GBP,107.4323,-2873204.76,Myntra,Health,Pharmacy,USA,Gurugram,TRUE,MANUAL ADJUSTMENT,,681153.01169,Negative
2024-05-26,DEBIT,49.42,USD,76.5156,-280003.06,Zomato,Entertainment,Streaming,UAE,Pune,TRUE,MONTHLY SUBSCRIPTION,2022.0,718466.1808800001,Negative
2025-06-17,REFUND,23.17,INR,1.0,-1641954.78,ShopEasy,Education,Course,Canada,Mumbai,TRUE,SUSPECTED FRAUD,,4402.3,Negative
2023-09-13,DEBIT,7.49,AED,21.275,-1889320.6,Walmart,Clothing,Men,Australia,Kolkata,TRUE,,,30276.4525,Negative
2023-09-22,DEBIT,8.81,USD,78.558,-635009.66,Paytm Mall,Entertainment,Concert,India,Kolkata,TRUE,MONTHLY SUBSCRIPTION,2019.0,131498.2362,Negative
2025-08-09,CREDIT,23.23,AED,21.2164,-1641954.78,Starbucks,Health,Pharmacy,UK,Hyderabad,TRUE,PROMO APPLIED,2021.0,93642.82467999999,Negative
2024-12-11,DEBIT,58.06,AED,19.1773,-2936325.34,Amazon,Entertainment,Movies,UK,Bengaluru,TRUE,,2015.0,211552.46721999996,Negative
2024-03-17,DEBIT,33.9,GBP,98.4574,-1641954.78,Swiggy,Education,Books,India,Kolkata,TRUE,PROMO APPLIED,2022.0,634164.1134,Negative
2024-05-05,DEBIT,14.24,INR,1.0,-446352.36,Flipkart,Education,Books,UK,Noida,TRUE,MANUAL ADJUSTMENT,,2705.6,Negative
2025-06-27,REFUND,20.82,GBP,103.5247,-1641954.78,ShopEasy,Health,Clinic,Australia,Chennai,TRUE,MONTHLY SUBSCRIPTION,,409523.00826000003,Negative
2024-11-23,CREDIT,63.04,USD,72.027,-2678187.35,Amazon,Travel,Hotel,India,Gurugram,TRUE,SUSPECTED FRAUD,2019.0,862710.5952,Negative
2024-02-10,CREDIT,33.37,USD,76.6848,-159519.09,Myntra,Electronics,Laptop,UK,Gurugram,TRUE,PROMO APPLIED,2020.0,486204.63743999996,Negative
2023-09-23,DEBIT,136.36,GBP,107.7564,-189657.86,Myntra,Groceries,Specialty,Canada,Gurugram,TRUE,SUSPECTED FRAUD,,2791795.9137600004,Negative
2023-12-12,DEBIT,33.37,USD,77.831,-2901988.41,BigBasket,Groceries,Specialty,Canada,Pune,TRUE,MONTHLY SUBSCRIPTION,,493471.8893,Negative
2024-07-04,DEBIT,72.67,INR,1.0,-2118284.74,BigBasket,Groceries,Supermarket,UK,Kolkata,TRUE,MANUAL ADJUSTMENT,,13807.300000000001,Negative
2025-03-21,DEBIT,33.37,USD,76.9503,-143741.44,Reliance,Health,Clinic,India,Bengaluru,TRUE,MANUAL ADJUSTMENT,2020.0,487887.98708999995,Negative
2023-09-12,DEBIT,61.18,USD,77.4097,-1870904.74,AutoZone,Utilities,Internet,India,Kolkata,TRUE,PROMO APPLIED,,899825.8347400001,Negative
2025-04-07,DEBIT,18.55,INR,1.0,-2452514.86,Flipkart,Travel,Taxi,UAE,Kolkata,TRUE,"CASHBACK CREDITED -- VERIFY
CONTACT SUPPORT",,3524.5,Negative
2024-07-07,CREDIT,6.43,INR,1.0,-1809008.96,Zomato,Health,Clinic,USA,Mumbai,TRUE,CASHBACK CREDITED,2018.0,1221.7,Negative
2024-10-01,CREDIT,3.19,INR,1.0,-2452254.81,Paytm Mall,Electronics,Mobile,UAE,Jaipur,TRUE,PROMO APPLIED,,606.1,Negative
2023-09-21,DEBIT,64.67,INR,1.0,-1641954.78,BigBasket,Clothing,Men,UK,Noida,TRUE,MONTHLY SUBSCRIPTION,,12287.300000000001,Negative
2024-08-01,DEBIT,1429.81,INR,1.0,-1170114.58,BigBasket,Entertainment,Concert,UK,Noida,TRUE,,,271663.89999999997,Negative
2024-12-30,DEBIT,2.33,INR,1.0,-1641954.78,ElectroWorld,Automotive,Repair,Canada,Gurugram,TRUE,MANUAL ADJUSTMENT,,442.7,Negative
2024-09-15,DEBIT,42.95,USD,82.5852,-1641954.78,Flipkart,Groceries,Specialty,UK,Chennai,TRUE,REPEAT PURCHASE,,673936.5246,Negative
2024-08-27,DEBIT,16.12,USD,75.3919,-2914158.13,LocalMart,Entertainment,Movies,USA,Noida,TRUE,CHARGEBACK REQUESTED,,230910.31132000007,Negative
2025-03-06,REFUND,33.37,INR,1.0,-2581278.96,Reliance,Dining,Cafe,UAE,Chennai,TRUE,REPEAT PURCHASE,,6340.299999999999,Negative
2024-05-13,REFUND,31.26,USD,73.2059,-1871133.28,Reliance,Dining,FastFood,USA,Bengaluru,TRUE,SUSPECTED FRAUD,,434799.12246000004,Negative
2024-07-06,DEBIT,145.96,INR,1.0,-1199434.81,ShopEasy,Health,Pharmacy,India,Delhi,TRUE,MANUAL ADJUSTMENT,,27732.4,Negative
2025-09-03,DEBIT,10.81,INR,1.0,-1641954.78,BigBasket,Electronics,Mobile,UK,Noida,TRUE,CHARGEBACK REQUESTED,2015.0,2053.9,Negative
2025-04-23,REFUND,33.37,INR,1.0,-1675848.43,ElectroWorld,Travel,Hotel,USA,Chennai,TRUE,"REPEAT PURCHASE -- VERIFY
CONTACT SUPPORT",2023.0,6340.299999999999,Negative
2024-03-10,DEBIT,15.56,INR,1.0,-1284545.38,Amazon,Clothing,Men,Australia,Mumbai,TRUE,CHARGEBACK REQUESTED,,2956.4,Negative
2025-06-23,DEBIT,144.55,AED,19.5944,-2914128.67,Walmart,Dining,Restaurant,India,Pune,TRUE,REPEAT PURCHASE,2023.0,538150.3988000001,Negative
2024-01-07,DEBIT,33.37,USD,75.6625,-530112.68,AutoZone,Entertainment,Concert,USA,Noida,TRUE,PROMO APPLIED,2015.0,479722.9487499999,Negative
2024-09-10,REFUND,258.38,USD,82.4567,-1880287.37,LocalMart,Utilities,Water,India,Bengaluru,TRUE,CASHBACK CREDITED,,4047980.8077399996,Negative
2024-01-30,CREDIT,37.6,GBP,92.0874,-1641704.19,Amazon,Dining,Restaurant,Australia,Mumbai,TRUE,SUSPECTED FRAUD,,657872.3856,Negative
2024-02-06,CREDIT,19.1,USD,73.0017,-1641954.78,ElectroWorld,Dining,Cafe,UAE,Kolkata,TRUE,"CASHBACK CREDITED -- VERIFY
CONTACT SUPPORT",2021.0,264923.1693,Negative
2024-09-07,DEBIT,2.58,GBP,104.9632,-1676565.0,Starbucks,Clothing,Men,USA,Delhi,TRUE,MONTHLY SUBSCRIPTION,2026.0,51452.960640000005,Negative
2024-02-06,DEBIT,6.32,USD,82.1649,-2677865.58,Amazon,Education,Books,Canada,Gurugram,TRUE,PROMO APPLIED,,98663.61192000001,Negative
2025-02-25,CREDIT,33.37,INR,1.0,-1558815.13,Reliance,Dining,FastFood,Canada,Bengaluru,TRUE,MANUAL ADJUSTMENT,2019.0,6340.299999999999,Negative
2024-10-10,REFUND,13.08,INR,1.0,-280480.4,Swiggy,Health,Clinic,USA,Jaipur,TRUE,CASHBACK CREDITED,,2485.2,Negative
2023-12-01,CREDIT,1.43,GBP,100.0072,-144611.76,ElectroWorld,Automotive,Fuel,Canada,Kolkata,TRUE,MONTHLY SUBSCRIPTION,,27171.956239999996,Negative
2025-08-12,CREDIT,19.08,AED,19.882,-2465595.47,Myntra,Health,Pharmacy,India,Noida,TRUE,MONTHLY SUBSCRIPTION,2017.0,72076.2264,Negative
2025-03-18,CREDIT,30.43,INR,1.0,-965429.34,Reliance,Electronics,Laptop,India,Gurugram,TRUE,REPEAT PURCHASE,,5781.7,Negative
2025-04-21,CREDIT,2.5,AED,20.5886,-2935411.17,Starbucks,Health,Clinic,Canada,Delhi,TRUE,,2023.0,9779.585,Negative
2024-12-06,DEBIT,636.44,USD,82.2959,-145694.68,Paytm Mall,Electronics,Laptop,India,Jaipur,TRUE,REPEAT PURCHASE,,9951516.49324,Negative
2024-02-02,DEBIT,12.01,USD,77.2114,-2120438.27,Walmart,Education,Course,UK,Delhi,TRUE,SUSPECTED FRAUD,2020.0,176188.69366,Negative
2024-04-20,DEBIT,201.16,AED,19.3422,-540198.97,LocalMart,Education,Course,India,Kolkata,TRUE,CASHBACK CREDITED,,739266.62088,Negative
2023-11-11,CREDIT,29.02,AED,21.8632,-2866491.62,Starbucks,Dining,Restaurant,UK,Bengaluru,TRUE,PROMO APPLIED,,120549.31216,Negative
2024-10-13,DEBIT,33.37,GBP,102.2769,-166383.46,ShopEasy,Electronics,Laptop,USA,Kolkata,TRUE,CHARGEBACK REQUESTED,2024.0,648466.2290699999,Negative
2025-05-04,DEBIT,137.92,USD,78.0877,-1197853.02,AutoZone,Clothing,Men,UAE,Hyderabad,TRUE,MONTHLY SUBSCRIPTION,2020.0,2046272.56096,Negative
2024-10-30,CREDIT,33.37,USD,80.5285,-2678692.33,Myntra,Utilities,Water,UAE,Bengaluru,TRUE,,,510574.84854999994,Negative
2025-06-20,DEBIT,33.21,AED,21.2844,-2236115.78,Zomato,Entertainment,Movies,UK,Pune,TRUE,,2024.0,134302.43556,Negative
2024-12-29,CREDIT,34.39,INR,1.0,-2626541.28,Zomato,Utilities,Electricity,UK,Mumbai,TRUE,MONTHLY SUBSCRIPTION,,6534.1,Negative
2023-12-27,CREDIT,80.69,INR,1.0,-1130052.24,Zomato,Groceries,Specialty,USA,Delhi,TRUE,CASHBACK CREDITED,,15331.1,Negative
2024-05-28,CREDIT,74.91,INR,1.0,-2452614.35,Reliance,Health,Pharmacy,India,Kolkata,TRUE,MONTHLY SUBSCRIPTION,,14232.9,Negative
2025-05-06,DEBIT,23.33,INR,1.0,-2254442.51,LocalMart,Health,Clinic,UK,Noida,TRUE,,,4432.7,Negative
2024-07-31,DEBIT,46.25,USD,73.435,-2237058.65,Myntra,Education,Books,UAE,Delhi,TRUE,,,645310.0625,Negative
2025-08-12,CREDIT,33.37,INR,1.0,-2237795.02,Walmart,Groceries,Specialty,UK,Hyderabad,TRUE,PROMO APPLIED,,6340.299999999999,Negative
2024-12-08,DEBIT,33.37,GBP,108.1652,-2230697.61,Reliance,Groceries,Supermarket,UAE,Kolkata,TRUE,PROMO APPLIED,,685799.81756,Negative
2025-09-02,DEBIT,122.31,INR,1.0,-1850203.57,AutoZone,Dining,FastFood,UAE,Hyderabad,TRUE,MONTHLY SUBSCRIPTION,2023.0,23238.9,Negative
2024-03-30,REFUND,71.26,GBP,94.0068,-1641954.78,Flipkart,Dining,FastFood,UK,Jaipur,TRUE,PROMO APPLIED,,1272795.6679200002,Negative
2024-01-19,DEBIT,146.19,AED,20.7813,-1559070.56,Flipkart,Dining,FastFood,Canada,Hyderabad,TRUE,PROMO APPLIED,2018.0,577223.46693,Negative
2024-05-13,DEBIT,33.37,INR,1.0,-2121547.8,ElectroWorld,Clothing,Women,Canada,Gurugram,TRUE,MONTHLY SUBSCRIPTION,,6340.299999999999,Negative
2024-05-06,DEBIT,67.74,INR,1.0,-1641954.78,AutoZone,Education,Course,UK,Chennai,TRUE,MONTHLY SUBSCRIPTION,,12870.599999999999,Negative
2024-12-30,DEBIT,33.37,GBP,106.1935,-1501546.42,Walmart,Education,Course,Australia,Hyderabad,TRUE,SUSPECTED FRAUD,,673298.64805,Negative
2024-05-31,DEBIT,14.14,AED,21.1306,-1652591.49,Myntra,Travel,Flight,UK,Chennai,TRUE,MANUAL ADJUSTMENT,,56769.46996000001,Negative
2024-04-21,DEBIT,5.49,INR,1.0,-2514866.06,ElectroWorld,Travel,Hotel,USA,Bengaluru,TRUE,REPEAT PURCHASE,,1043.1000000000001,Negative
2023-10-18,REFUND,53.22,AED,20.8008,-1641954.78,ElectroWorld,Education,Books,USA,Gurugram,TRUE,MONTHLY SUBSCRIPTION,,210333.52943999998,Negative
2024-12-09,REFUND,2.31,USD,77.4469,-2622911.7,ShopEasy,Dining,Cafe,USA,Hyderabad,TRUE,CHARGEBACK REQUESTED,2023.0,33991.444410000004,Negative
2024-12-26,REFUND,60.67,USD,73.5265,-2866399.71,Starbucks,Clothing,Men,USA,Noida,TRUE,MANUAL ADJUSTMENT,2020.0,847562.02345,Negative
2024-01-11,DEBIT,28.84,INR,1.0,-2653483.62,Paytm Mall,Travel,Taxi,UAE,Mumbai,TRUE,,,5479.6,Negative
2024-05-09,CREDIT,33.37,USD,76.1328,-1641954.78,Zomato,Clothing,Women,Australia,Delhi,TRUE,PROMO APPLIED,2016.0,482704.79183999996,Negative
2023-12-30,CREDIT,10.56,AED,21.1753,-1713306.77,AutoZone,Utilities,Water,UAE,Chennai,TRUE,CASHBACK CREDITED,,42486.121920000005,Negative
2024-10-16,CREDIT,123.38,GBP,94.866,-1641954.78,AutoZone,Clothing,Men,UAE,Hyderabad,TRUE,PROMO APPLIED,2025.0,2223867.7452,Negative
2023-12-24,DEBIT,14.43,USD,77.1733,-1130601.35,Starbucks,Clothing,Women,UAE,Delhi,TRUE,,2017.0,211586.03661,Negative
2024-05-27,CREDIT,55.9,USD,77.5939,-541804.89,ElectroWorld,Groceries,Specialty,UK,Pune,TRUE,PROMO APPLIED,,824124.8119000001,Negative
2025-08-27,CREDIT,2.74,USD,77.7121,-2117872.27,Myntra,Entertainment,Streaming,USA,Pune,TRUE,CHARGEBACK REQUESTED,,40456.91926,Negative
2023-12-03,CREDIT,33.37,INR,1.0,-144744.24,Zomato,Education,Books,Australia,Gurugram,TRUE,MONTHLY SUBSCRIPTION,,6340.299999999999,Negative
2025-08-22,DEBIT,33.37,INR,1.0,-2465411.64,Zomato,Education,Course,UK,Pune,TRUE,MONTHLY SUBSCRIPTION,2025.0,6340.299999999999,Negative
2024-11-18,CREDIT,87.23,USD,78.3749,-1198290.83,Swiggy,Utilities,Internet,India,Jaipur,TRUE,CHARGEBACK REQUESTED,,1298962.08013,Negative
2024-01-31,DEBIT,33.37,GBP,100.6422,-2231252.04,Zomato,Health,Pharmacy,USA,Pune,TRUE,SUSPECTED FRAUD,,638101.74066,Negative
2024-08-28,CREDIT,27.33,GBP,91.2898,-1130844.06,Swiggy,Automotive,Fuel,UK,Bengaluru,TRUE,,,474040.54446,Negative
2024-01-29,DEBIT,70.15,USD,75.7588,-1603672.21,Reliance,Health,Clinic,USA,Jaipur,TRUE,MONTHLY SUBSCRIPTION,,1009751.1658,Negative
2024-01-21,CREDIT,8.0,USD,74.6666,-2118430.09,Walmart,Utilities,Water,India,Noida,TRUE,MONTHLY SUBSCRIPTION,2016.0,113493.232,Negative
2025-03-29,CREDIT,33.37,GBP,95.8129,-1561274.31,Walmart,Electronics,Mobile,UK,Noida,TRUE,PROMO APPLIED,2021.0,607482.52987,Negative
2024-09-15,REFUND,124.44,AED,20.5086,-2903890.11,Walmart,Dining,Restaurant,Canada,Bengaluru,TRUE,MANUAL ADJUSTMENT,2025.0,484897.13496000005,Negative
2023-10-08,CREDIT,33.37,GBP,92.7177,-1871233.44,LocalMart,Clothing,Men,Canada,Bengaluru,TRUE,CASHBACK CREDITED,,587858.03331,Negative
2024-10-20,CREDIT,44.99,USD,73.7892,-1641954.78,LocalMart,Entertainment,Movies,UAE,Hyderabad,TRUE,REPEAT PURCHASE,,630757.46052,Negative
2025-08-15,DEBIT,41.87,USD,81.2945,-1825511.74,Zomato,Clothing,Women,India,Pune,TRUE,REPEAT PURCHASE,,646722.13585,Negative
2024-09-26,DEBIT,33.37,INR,1.0,-2933272.76,Walmart,Automotive,Fuel,Australia,Noida,TRUE,REPEAT PURCHASE,,6340.299999999999,Negative
2024-02-03,DEBIT,2.55,USD,74.9106,-1641954.78,AutoZone,Entertainment,Movies,UK,Hyderabad,TRUE,,,36294.1857,Negative
2025-08-28,CREDIT,109.44,INR,1.0,-2119439.47,Walmart,Groceries,Specialty,USA,Noida,TRUE,REPEAT PURCHASE,,20793.6,Negative
2025-05-27,CREDIT,33.37,USD,80.648,-2236292.14,Amazon,Education,Course,UK,Gurugram,TRUE,CHARGEBACK REQUESTED,2022.0,511332.5144,Negative
2025-05-08,DEBIT,7.23,USD,75.1056,-1641954.78,BigBasket,Entertainment,Concert,Australia,Pune,TRUE,MONTHLY SUBSCRIPTION,2022.0,103172.56272000002,Negative
2025-08-31,DEBIT,68.0,USD,74.2528,-2764430.38,Starbucks,Clothing,Women,UAE,Mumbai,TRUE,,,959346.1759999999,Negative
2024-09-05,CREDIT,103.74,USD,74.0478,-1676471.87,ElectroWorld,Automotive,Fuel,India,Bengaluru,TRUE,MONTHLY SUBSCRIPTION,,1459526.56668,Negative
2025-05-04,REFUND,33.37,USD,80.0034,-1641954.78,Walmart,Automotive,Fuel,Australia,Gurugram,TRUE,PROMO APPLIED,2024.0,507245.55701999995,Negative
2025-05-23,DEBIT,33.37,INR,1.0,-1641954.78,Walmart,Education,Books,UAE,Hyderabad,TRUE,REPEAT PURCHASE,2023.0,6340.299999999999,Negative
2025-04-26,CREDIT,109.64,AED,20.0029,-2254377.92,Walmart,Utilities,Internet,UK,Bengaluru,TRUE,CHARGEBACK REQUESTED,,416692.41164,Negative
2024-09-19,DEBIT,28.19,INR,1.0,-1199167.48,ShopEasy,Utilities,Electricity,Australia,Delhi,TRUE,CASHBACK CREDITED,,5356.1,Negative
2025-02-13,REFUND,390.51,INR,1.0,-976085.08,Walmart,Travel,Flight,Australia,Kolkata,TRUE,SUSPECTED FRAUD,2017.0,74196.9,Negative
2024-04-01,REFUND,12.8,GBP,95.0436,-1198046.66,Walmart,Electronics,Laptop,Australia,Mumbai,TRUE,CHARGEBACK REQUESTED,2021.0,231146.0352,Negative
2025-07-19,CREDIT,47.27,GBP,108.0193,-2461993.37,BigBasket,Health,Clinic,USA,Bengaluru,TRUE,,,970153.7390900002,Negative
2024-09-18,DEBIT,10.05,INR,1.0,-2118333.57,Starbucks,Automotive,Fuel,UAE,Jaipur,TRUE,CASHBACK CREDITED,,1909.5000000000002,Negative
2025-04-29,DEBIT,9.33,GBP,99.0078,-2681842.19,Starbucks,Entertainment,Movies,USA,Kolkata,TRUE,MONTHLY SUBSCRIPTION,,175511.12706,Negative
2024-03-12,DEBIT,35.15,GBP,108.1784,-1641954.78,Myntra,Education,Course,Canada,Hyderabad,TRUE,CHARGEBACK REQUESTED,,722469.4443999999,Negative
2025-04-02,DEBIT,33.37,USD,75.4074,-1412877.84,Zomato,Dining,Cafe,Australia,Bengaluru,TRUE,,2020.0,478105.53821999993,Negative
2023-10-26,DEBIT,33.37,USD,72.5408,-146293.15,LocalMart,Utilities,Electricity,India,Mumbai,TRUE,,,459930.43424,Negative
2023-09-24,REFUND,33.37,GBP,102.3539,-540901.51,Flipkart,Dining,Restaurant,USA,Pune,TRUE,MANUAL ADJUSTMENT,,648954.4321699999,Negative
2024-04-30,CREDIT,97.15,GBP,108.342,-1131412.6,LocalMart,Education,Books,UK,Kolkata,TRUE,,,1999830.8070000003,Negative
2024-06-25,DEBIT,52.79,INR,1.0,-635037.3,Flipkart,Entertainment,Streaming,UAE,Delhi,TRUE,MONTHLY SUBSCRIPTION,,10030.1,Negative
2024-09-04,CREDIT,5.63,INR,1.0,-2119469.85,Flipkart,Utilities,Internet,Canada,Pune,TRUE,MONTHLY SUBSCRIPTION,2022.0,1069.7,Negative
2025-01-25,DEBIT,13.52,USD,77.5149,-1617355.8,Walmart,Entertainment,Streaming,UAE,Mumbai,TRUE,CHARGEBACK REQUESTED,2017.0,199120.27512,Negative
2024-10-14,DEBIT,33.37,INR,1.0,-163886.89,Starbucks,Dining,FastFood,USA,Hyderabad,TRUE,CHARGEBACK REQUESTED,,6340.299999999999,Negative
2025-01-15,CREDIT,55.59,USD,79.9618,-2774521.25,Zomato,Utilities,Water,India,Delhi,TRUE,CHARGEBACK REQUESTED,2019.0,844564.52778,Negative
2023-12-14,CREDIT,52.3,GBP,96.7915,-2922073.11,ShopEasy,Groceries,Supermarket,UK,Kolkata,TRUE,,,961817.1354999999,Negative
2024-12-05,CREDIT,30.01,INR,1.0,-537738.33,Paytm Mall,Travel,Taxi,Canada,Noida,TRUE,CASHBACK CREDITED,,5701.900000000001,Negative
2025-03-26,DEBIT,52.92,INR,1.0,-1412446.13,Starbucks,Groceries,Specialty,India,Chennai,TRUE,REPEAT PURCHASE,,10054.800000000001,Negative
2024-07-03,DEBIT,33.37,INR,1.0,-2230203.14,Flipkart,Utilities,Internet,India,Kolkata,TRUE,PROMO APPLIED,,6340.299999999999,Negative
2023-12-15,CREDIT,33.37,GBP,109.916,-480979.39,Reliance,Travel,Hotel,UAE,Mumbai,TRUE,PROMO APPLIED,,696900.4147999999,Negative
2024-07-06,REFUND,6.53,INR,1.0,-1284487.55,Swiggy,Clothing,Women,UK,Noida,TRUE,,,1240.7,Negative
2024-03-08,CREDIT,6.12,INR,1.0,-2120311.83,Reliance,Groceries,Specialty,India,Gurugram,TRUE,CHARGEBACK REQUESTED,2017.0,1162.8,Negative
2024-01-10,CREDIT,38.62,INR,1.0,-538147.64,Flipkart,Health,Clinic,USA,Chennai,TRUE,MONTHLY SUBSCRIPTION,2025.0,7337.799999999999,Negative
2024-02-07,DEBIT,121.47,USD,77.0973,-163947.63,Amazon,Automotive,Fuel,Australia,Mumbai,TRUE,SUSPECTED FRAUD,2018.0,1779351.7158899999,Negative
2024-10-14,DEBIT,33.37,GBP,100.1947,-540062.15,BigBasket,Automotive,Fuel,Australia,Jaipur,TRUE,CHARGEBACK REQUESTED,,635264.4564099999,Negative
2023-11-22,DEBIT,16.67,INR,1.0,-1936937.74,Myntra,Groceries,Supermarket,UAE,Mumbai,TRUE,CASHBACK CREDITED,,3167.3,Negative
2025-01-12,DEBIT,33.37,USD,77.5415,-1808290.06,Paytm Mall,Travel,Taxi,India,Kolkata,TRUE,REPEAT PURCHASE,,491636.37244999997,Negative
2024-06-13,DEBIT,10.42,USD,77.4584,-1288386.55,ElectroWorld,Automotive,Fuel,Australia,Bengaluru,TRUE,CHARGEBACK REQUESTED,,153352.14032,Negative
2024-09-05,CREDIT,20.81,AED,18.5558,-1484059.75,Paytm Mall,Automotive,Fuel,Canada,Mumbai,TRUE,,,73367.77762000001,Negative
2025-04-07,CREDIT,5.66,USD,81.4495,-2622861.91,Swiggy,Education,Course,Australia,Jaipur,TRUE,SUSPECTED FRAUD,,87590.7923,Negative
2025-04-15,DEBIT,66.7,USD,74.3651,-1675939.58,AutoZone,Entertainment,Concert,USA,Jaipur,TRUE,CASHBACK CREDITED,,942428.9123000001,Negative
2024-06-23,CREDIT,28.38,GBP,95.4927,-1641954.78,Swiggy,Dining,Restaurant,Canada,Pune,TRUE,PROMO APPLIED,,514915.73694,Negative
2023-10-26,REFUND,39.34,USD,74.5404,-1641954.78,AutoZone,Dining,Cafe,Australia,Mumbai,TRUE,MANUAL ADJUSTMENT,,557159.6738400001,Negative
2024-11-08,DEBIT,25.29,INR,1.0,-565128.25,Amazon,Dining,Cafe,UK,Delhi,TRUE,CHARGEBACK REQUESTED,,4805.099999999999,Negative
2024-04-20,DEBIT,37.33,USD,78.9301,-2452643.8,LocalMart,Education,Books,Canada,Delhi,TRUE,MONTHLY SUBSCRIPTION,,559827.52027,Negative
2023-10-26,DEBIT,30.84,USD,80.504,-1641954.78,Flipkart,Groceries,Specialty,USA,Chennai,TRUE,REPEAT PURCHASE,,471721.2384,Negative
2023-12-19,DEBIT,9.86,AED,19.9829,-1008520.79,Flipkart,Utilities,Electricity,UAE,Chennai,TRUE,,,37435.96486,Negative
2025-08-10,DEBIT,28.9,INR,1.0,-2232132.84,Reliance,Clothing,Men,Australia,Chennai,TRUE,,,5491.0,Negative
2025-04-05,CREDIT,28.82,INR,1.0,-143720.11,Zomato,Groceries,Specialty,UK,Hyderabad,TRUE," -- VERIFY
CONTACT SUPPORT",,5475.8,Negative
2024-10-05,CREDIT,6.36,USD,77.4501,-1641954.78,Myntra,Education,Books,USA,Noida,TRUE,REPEAT PURCHASE,2019.0,93590.70084,Negative
2024-07-06,CREDIT,33.37,INR,1.0,-1809564.62,Swiggy,Automotive,Repair,UK,Mumbai,TRUE,,,6340.299999999999,Negative
2025-05-03,REFUND,112.84,INR,1.0,-2826066.19,Swiggy,Groceries,Supermarket,UK,Gurugram,TRUE,MANUAL ADJUSTMENT,2021.0,21439.600000000002,Negative
2024-09-07,REFUND,22.65,USD,82.7579,-595730.57,LocalMart,Electronics,Mobile,Australia,Noida,TRUE,CHARGEBACK REQUESTED,,356148.62265000003,Negative
2025-01-17,DEBIT,33.37,USD,73.5918,-1221446.12,BigBasket,Travel,Hotel,UAE,Kolkata,TRUE,CASHBACK CREDITED,2020.0,466594.08954,Negative
2025-05-17,REFUND,33.37,USD,76.9299,-1641954.78,BigBasket,Groceries,Supermarket,USA,Pune,TRUE,SUSPECTED FRAUD,2018.0,487758.64497,Negative
2024-12-02,DEBIT,33.37,INR,1.0,-1163474.53,Swiggy,Automotive,Fuel,India,Jaipur,TRUE,,,6340.299999999999,Negative
2024-09-15,DEBIT,27.53,USD,76.4388,-2872987.77,Starbucks,Utilities,Internet,UK,Mumbai,TRUE,MANUAL ADJUSTMENT,2019.0,399828.43116000004,Negative
2024-01-01,DEBIT,12.2,USD,74.1042,-489587.87,Starbucks,Utilities,Internet,UK,Mumbai,TRUE,REPEAT PURCHASE,,171773.5356,Negative
2023-11-17,CREDIT,4.97,AED,20.2622,-1131171.93,AutoZone,Electronics,Laptop,India,Chennai,TRUE,REPEAT PURCHASE,,19133.595459999997,Negative
2025-04-08,REFUND,77.12,INR,1.0,-1641954.78,AutoZone,Automotive,Fuel,UAE,Kolkata,TRUE,MONTHLY SUBSCRIPTION,,14652.800000000001,Negative
2023-11-10,REFUND,33.37,USD,79.9736,-1150340.53,Flipkart,Health,Pharmacy,USA,Noida,TRUE,CHARGEBACK REQUESTED,,507056.61608,Negative
2024-11-06,CREDIT,33.37,INR,1.0,-1641954.78,Walmart,Groceries,Supermarket,UK,Hyderabad,TRUE,MONTHLY SUBSCRIPTION,,6340.299999999999,Negative
2024-04-22,DEBIT,65.72,USD,77.4099,-2237626.72,Walmart,Dining,FastFood,Australia,Chennai,TRUE,MANUAL ADJUSTMENT,,966601.9393199999,Negative
2023-12-20,DEBIT,33.37,USD,81.376,-2481826.23,Zomato,Utilities,Internet,UAE,Gurugram,TRUE,REPEAT PURCHASE,,515948.2528,Negative
2024-11-12,DEBIT,33.37,INR,1.0,-1641954.78,Paytm Mall,Utilities,Electricity,India,Noida,TRUE,CHARGEBACK REQUESTED,,6340.299999999999,Negative
2024-03-20,REFUND,25.4,USD,82.7362,-540259.12,Starbucks,Utilities,Electricity,UAE,Hyderabad,TRUE,CASHBACK CREDITED,2020.0,399284.90119999996,Negative
2024-05-28,CREDIT,11.13,USD,72.9973,-2774909.77,Reliance,Entertainment,Concert,Canada,Pune,TRUE,,,154367.39031000002,Negative
2025-01-25,CREDIT,16.45,USD,79.0428,-976213.04,Walmart,Automotive,Fuel,UAE,Kolkata,TRUE,MANUAL ADJUSTMENT,2022.0,247048.2714,Negative
2025-05-07,DEBIT,7.9,USD,76.5006,-2462880.57,AutoZone,Dining,Restaurant,Australia,Gurugram,TRUE,MANUAL ADJUSTMENT,,114827.40060000002,Negative
2025-02-27,REFUND,36.72,GBP,106.3709,-1641954.78,AutoZone,Entertainment,Movies,UAE,Noida,TRUE,,2015.0,742128.49512,Negative
2024-08-26,CREDIT,29.49,AED,21.2047,-441135.59,Myntra,Clothing,Men,UAE,Jaipur,TRUE,SUSPECTED FRAUD,,118812.05457,Negative
2023-12-22,REFUND,40.13,GBP,108.5587,-1641954.78,Flipkart,Utilities,Internet,Canada,Gurugram,TRUE,REPEAT PURCHASE,,827727.51989,Negative
2024-07-08,REFUND,17.64,INR,1.0,-1641954.78,Flipkart,Dining,Restaurant,Canada,Noida,TRUE,REPEAT PURCHASE,,3351.6,Negative
2025-07-15,DEBIT,18.23,INR,1.0,-2461903.94,Reliance,Entertainment,Streaming,UAE,Delhi,TRUE,REPEAT PURCHASE,,3463.7000000000003,Negative
2025-04-21,CREDIT,35.23,USD,80.0194,-1641954.78,LocalMart,Entertainment,Streaming,UK,Mumbai,TRUE,REPEAT PURCHASE,,535625.85778,Negative
2024-06-29,CREDIT,22.55,GBP ,94.2971,-1641954.78,Zomato,Groceries,Supermarket,UK,Delhi,TRUE,,,404015.92495,Negative
2025-08-31,DEBIT,27.26,USD,81.9699,-1641954.78,Myntra,Entertainment,Streaming,UAE,Hyderabad,TRUE,MANUAL ADJUSTMENT,,424554.90006,Negative
2025-01-26,CREDIT,247.56,USD,73.3074,-1807566.39,LocalMart,Electronics,Accessory,UK,Bengaluru,TRUE,REPEAT PURCHASE,,3448116.1893599997,Negative
2024-12-04,CREDIT,9.32,USD,79.1907,-1641392.57,LocalMart,Entertainment,Streaming,Canada,Bengaluru,TRUE,CHARGEBACK REQUESTED,2020.0,140230.89156000002,Negative
2024-08-16,CREDIT,50.32,USD,81.9591,-2428509.58,ElectroWorld,Entertainment,Streaming,UK,Gurugram,TRUE,MONTHLY SUBSCRIPTION,2019.0,783594.56328,Negative
2024-09-11,CREDIT,322.71,USD,72.134,-1850523.14,Reliance,Clothing,Women,India,Bengaluru,TRUE,MONTHLY SUBSCRIPTION,,4422888.996599999,Negative
2024-09-08,CREDIT,49.68,INR,1.0,-1641954.78,Myntra,Automotive,Fuel,USA,Gurugram,TRUE,MONTHLY SUBSCRIPTION,,9439.2,Negative
2023-09-24,DEBIT,77.02,INR,1.0,-2467375.55,Starbucks,Clothing,Women,Australia,Noida,TRUE,MANUAL ADJUSTMENT,,14633.8,Negative
2023-12-27,REFUND,55.17,INR,1.0,-1641954.78,Flipkart,Utilities,Water,India,Mumbai,TRUE,MANUAL ADJUSTMENT,,10482.300000000001,Negative
2025-06-27,DEBIT,32.17,AED ,19.9833,-1077950.89,Myntra,Groceries,Supermarket,Canada,Mumbai,TRUE,MONTHLY SUBSCRIPTION,2015.0,122143.92459,Negative
2025-01-24,DEBIT,129.09,USD ,78.1249,-1170455.92,BigBasket,Automotive,Fuel,Australia,Gurugram,TRUE,PROMO APPLIED,2025.0,1916177.23479,Negative
2023-11-06,REFUND,30.91,AED,21.7694,-2579218.93,Reliance,Groceries,Specialty,USA,Pune,TRUE,,2022.0,127849.50926,Negative
2024-07-15,DEBIT,33.37,INR,1.0,-1198948.74,LocalMart,Automotive,Repair,Australia,Bengaluru,TRUE,PROMO APPLIED,,6340.299999999999,Negative
2025-07-14,DEBIT,4.08,INR,1.0,-2308559.03,BigBasket,Electronics,Accessory,Australia,Delhi,TRUE,,,775.2,Negative
2025-06-23,CREDIT,4.85,INR,1.0,-1214633.4,LocalMart,Entertainment,Streaming,UK,Mumbai,TRUE,,,921.4999999999999,Negative
2024-05-02,REFUND,57.36,USD,82.4019,-1641954.78,Reliance,Travel,Taxi,Canada,Jaipur,TRUE,PROMO APPLIED,,898048.8669599999,Negative
2023-10-09,DEBIT,121.28,USD,79.8767,-1602820.45,Swiggy,Utilities,Internet,Canada,Bengaluru,TRUE,CASHBACK CREDITED,2022.0,1840614.77344,Negative
2025-02-28,CREDIT,361.77,USD,77.4456,-1483987.73,BigBasket,Education,Course,USA,Jaipur,TRUE,CHARGEBACK REQUESTED,2023.0,5323323.99528,Negative
2025-06-21,DEBIT,26.91,INR,1.0,-1641954.78,Swiggy,Dining,Cafe,Canada,Gurugram,TRUE,CASHBACK CREDITED,,5112.9,Negative
2024-03-26,DEBIT,35.89,AED,20.2936,-1001208.21,AutoZone,Clothing,Women,Canada,Jaipur,TRUE,CHARGEBACK REQUESTED,,138384.08776,Negative
2025-04-05,REFUND,33.37,USD,79.3946,-1931497.77,Paytm Mall,Utilities,Internet,UK,Jaipur,TRUE,CHARGEBACK REQUESTED,,503385.5823799999,Negative
2024-05-31,DEBIT,33.37,AED,20.4997,-1641954.78,ShopEasy,Clothing,Men,Canada,Chennai,TRUE,MANUAL ADJUSTMENT,,129974.24790999999,Negative
2024-10-10,DEBIT,34.5,GBP,91.704,-1641954.78,AutoZone,Health,Clinic,UK,Noida,TRUE,,,601119.72,Negative
2025-07-25,CREDIT,53.79,AED,20.0515,-2419652.18,Amazon,Education,Books,Canada,Mumbai,TRUE,MANUAL ADJUSTMENT,,204928.33515,Negative
2025-05-11,CREDIT,33.37,AED ,20.8281,-987655.45,Starbucks,Entertainment,Concert,USA,Jaipur,TRUE,MONTHLY SUBSCRIPTION,,132056.40243,Negative
2025-04-28,REFUND,33.37,AED,19.7217,-2208529.6,Amazon,Electronics,Accessory,USA,Delhi,TRUE,,2023.0,125041.49450999997,Negative
2024-09-17,DEBIT,34.53,USD,72.0432,-2935043.43,Paytm Mall,Health,Clinic,Australia,Kolkata,TRUE,CASHBACK CREDITED,,472653.82224,Negative
2025-04-30,DEBIT,6.0,AED,20.8696,-1221640.55,Walmart,Education,Course,UK,Jaipur,TRUE,PROMO APPLIED,,23791.343999999997,Negative
2024-08-05,DEBIT,274.08,INR,1.0,-1641954.78,LocalMart,Electronics,Accessory,Canada,Delhi,TRUE,CASHBACK CREDITED,,52075.2,Negative
2024-08-21,DEBIT,12.26,USD,80.2971,-2065880.41,Zomato,Entertainment,Concert,India,Gurugram,TRUE,PROMO APPLIED,,187044.06474,Negative
2024-10-01,CREDIT,5.71,AED,19.9799,-542083.3,Walmart,Automotive,Repair,India,Gurugram,TRUE,CASHBACK CREDITED,2022.0,21676.19351,Negative
2025-07-07,DEBIT,89.23,USD,73.6062,-1412730.48,LocalMart,Clothing,Women,UAE,Kolkata,TRUE,PROMO APPLIED,,1247897.43294,Negative
2023-10-24,REFUND,27.49,INR ,1.0,-1641996.98,Walmart,Health,Clinic,Canada,Noida,TRUE,MANUAL ADJUSTMENT,,5223.099999999999,Negative
2025-04-19,CREDIT,8.41,GBP,98.6745,-987502.45,Amazon,Utilities,Electricity,Canada,Gurugram,TRUE,SUSPECTED FRAUD,,157671.98355,Negative
2024-12-05,DEBIT,8.59,INR,1.0,-190017.17,AutoZone,Education,Books,UK,Bengaluru,TRUE,MANUAL ADJUSTMENT,,1632.1,Negative
2025-02-15,DEBIT,33.37,INR,1.0,-2579881.63,LocalMart,Groceries,Specialty,USA,Noida,TRUE,MONTHLY SUBSCRIPTION,2022.0,6340.299999999999,Negative
2024-05-08,DEBIT,11.85,USD,72.4131,-2467894.16,ShopEasy,Health,Clinic,Australia,Noida,TRUE,REPEAT PURCHASE,2019.0,163038.09465,Negative
2024-09-12,DEBIT,37.93,USD,74.6654,-2231747.61,AutoZone,Dining,FastFood,India,Pune,TRUE,,,538091.13818,Negative
2024-08-30,DEBIT,33.37,INR,1.0,-1641954.78,Zomato,Education,Course,India,Chennai,TRUE,CHARGEBACK REQUESTED,,6340.299999999999,Negative
2024-05-25,REFUND,33.37,USD,73.2442,-1641954.78,AutoZone,Dining,Restaurant,UK,Kolkata,TRUE,CASHBACK CREDITED,,464390.20126,Negative
2024-09-08,CREDIT,22.96,USD,80.5949,-965370.4,Amazon,Groceries,Specialty,USA,Chennai,TRUE,CASHBACK CREDITED,2017.0,351587.19176,Negative
2024-04-11,DEBIT,33.37,AED,20.3644,-1808221.33,ShopEasy,Automotive,Fuel,Australia,Chennai,TRUE,,2016.0,129116.40531999999,Negative
2023-09-21,REFUND,33.37,AED,19.2149,-446775.35,Myntra,Groceries,Supermarket,Canada,Mumbai,TRUE,MANUAL ADJUSTMENT,2022.0,121828.23047,Negative
2025-08-14,CREDIT,106.0,AED,18.5114,-2593063.26,ShopEasy,Utilities,Internet,UAE,Noida,TRUE,CASHBACK CREDITED,,372819.59599999996,Negative
2025-09-02,DEBIT,33.37,INR,1.0,-1641954.78,ShopEasy,Travel,Taxi,Canada,Jaipur,TRUE,MONTHLY SUBSCRIPTION,,6340.299999999999,Negative
2025-09-05,CREDIT,33.37,GBP,97.679,-1641954.78,Flipkart,Health,Pharmacy,Canada,Pune,TRUE,CASHBACK CREDITED,,619314.1637,Negative
2025-08-14,REFUND,25.1,USD,80.8156,-1483548.46,ElectroWorld,Automotive,Fuel,UK,Gurugram,TRUE,MONTHLY SUBSCRIPTION,,385409.59640000004,Negative
2025-06-20,REFUND,14.09,INR,1.0,-2237078.11,AutoZone,Entertainment,Concert,UAE,Noida,TRUE,MONTHLY SUBSCRIPTION,,2677.1,Negative
2025-09-09,CREDIT,37.83,GBP,98.8087,9399.11,Swiggy,Education,Course,Canada,Kolkata,TRUE,CASHBACK CREDITED,,710207.29299,Positive
2023-11-13,DEBIT,33.37,GBP,90.8319,-1824927.03,Reliance,Utilities,Electricity,Canada,Delhi,TRUE,PROMO APPLIED,,575901.4955699999,Negative
2024-03-10,REFUND,22.48,GBP,103.4149,-1641954.78,Walmart,Groceries,Specialty,Canada,Jaipur,TRUE,PROMO APPLIED,,441705.72088,Negative
2023-12-03,CREDIT,76.82,USD,82.5516,-556514.07,BigBasket,Utilities,Water,Australia,Gurugram,TRUE,SUSPECTED FRAUD,,1204906.6432799997,Negative
2025-04-18,DEBIT,18.46,INR,1.0,-1641954.78,AutoZone,Groceries,Supermarket,Australia,Bengaluru,TRUE,MANUAL ADJUSTMENT,,3507.4,Negative
2024-10-21,DEBIT,32.28,INR,1.0,-1001084.68,LocalMart,Travel,Flight,Canada,Delhi,TRUE,MANUAL ADJUSTMENT,,6133.2,Negative
2025-04-25,DEBIT,124.79,AED,20.302,-1641954.78,AutoZone,Education,Course,India,Mumbai,TRUE,MANUAL ADJUSTMENT,,481362.4502,Negative
2023-12-19,REFUND,10.95,INR,1.0,-280157.98,Swiggy,Dining,Cafe,UK,Gurugram,TRUE,MANUAL ADJUSTMENT,,2080.5,Negative
2025-08-16,DEBIT,144.93,USD,79.6893,-1641954.78,Reliance,Entertainment,Concert,USA,Hyderabad,TRUE,MANUAL ADJUSTMENT,2022.0,2194380.34731,Negative
2024-08-21,CREDIT,49.94,INR,1.0,-1641954.78,Flipkart,Dining,Restaurant,USA,Delhi,TRUE,REPEAT PURCHASE,,9488.6,Negative
2023-11-06,CREDIT,33.37,USD,79.8918,-2118993.56,Walmart,Dining,Restaurant,USA,Noida,TRUE,REPEAT PURCHASE,2015.0,506537.97954,Negative
2024-11-16,DEBIT,32.86,INR,1.0,-1559542.38,ShopEasy,Groceries,Supermarket,Canada,Pune,TRUE,CASHBACK CREDITED,2024.0,6243.4,Negative
2025-03-05,DEBIT,13.98,GBP,103.9598,-176127.1,AutoZone,Automotive,Fuel,USA,Pune,TRUE,SUSPECTED FRAUD,2025.0,276138.02076000004,Negative
2024-12-13,DEBIT,12.49,INR,1.0,-2934819.06,Paytm Mall,Automotive,Repair,UK,Chennai,TRUE,SUSPECTED FRAUD,,2373.1,Negative
2023-11-28,DEBIT,33.37,INR,1.0,-2826009.77,Starbucks,Clothing,Men,Australia,Chennai,TRUE,PROMO APPLIED,2019.0,6340.299999999999,Negative
2024-09-01,CREDIT,33.37,INR,1.0,-1641954.78,Amazon,Clothing,Women,USA,Bengaluru,TRUE,REPEAT PURCHASE,,6340.299999999999,Negative
2024-09-23,DEBIT,9.23,USD,80.2885,-1641954.78,ShopEasy,Clothing,Women,UK,Mumbai,TRUE,,2021.0,140801.94245,Negative
2023-09-13,DEBIT,33.37,USD,81.5722,-281573.82,ElectroWorld,Health,Clinic,India,Pune,TRUE,MONTHLY SUBSCRIPTION,,517192.21965999994,Negative
2023-11-04,CREDIT,2.67,USD,74.3623,-1641954.78,ElectroWorld,Clothing,Men,USA,Kolkata,TRUE,CASHBACK CREDITED,,37723.994790000004,Negative
2023-09-13,REFUND,33.37,INR,1.0,-1557352.97,BigBasket,Entertainment,Movies,Canada,Jaipur,TRUE,,,6340.299999999999,Negative
2025-03-08,CREDIT,33.37,INR,1.0,-1641954.78,AutoZone,Utilities,Water,UAE,Kolkata,TRUE,MANUAL ADJUSTMENT,,6340.299999999999,Negative
2023-09-13,DEBIT,33.37,USD,81.3364,-189951.88,Amazon,Travel,Taxi,Australia,Kolkata,TRUE,MONTHLY SUBSCRIPTION,2024.0,515697.17692,Negative
2024-05-08,CREDIT,12.64,USD,81.1401,-1641954.78,AutoZone,Utilities,Internet,Australia,Chennai,TRUE,REPEAT PURCHASE,,194866.06416,Negative
2025-08-22,REFUND,105.22,INR,1.0,-159956.13,Flipkart,Groceries,Supermarket,UAE,Mumbai,TRUE,,,19991.8,Negative
2024-07-06,DEBIT,39.71,AED,18.5796,-2873348.44,AutoZone,Education,Books,UAE,Delhi,TRUE,SUSPECTED FRAUD,2025.0,140181.22404,Negative
2024-11-03,DEBIT,60.39,USD,78.4132,-1641954.78,Paytm Mall,Entertainment,Concert,Australia,Mumbai,TRUE,REPEAT PURCHASE,,899720.8981200001,Negative
2025-08-24,DEBIT,53.09,USD,75.0939,-2231221.66,Paytm Mall,Clothing,Men,Australia,Kolkata,TRUE,PROMO APPLIED,2022.0,757479.6786900001,Negative
2025-09-01,DEBIT,33.37,INR,1.0,-1412503.38,Flipkart,Dining,Restaurant,UAE,Gurugram,TRUE,,,6340.299999999999,Negative
2025-08-14,CREDIT,44.1,USD,75.4898,-554470.69,Myntra,Utilities,Electricity,UK,Bengaluru,TRUE,CASHBACK CREDITED,2022.0,632529.0342000001,Negative
2023-12-11,DEBIT,110.19,GBP,97.9518,-2117824.85,Amazon,Entertainment,Concert,Canada,Gurugram,TRUE,MONTHLY SUBSCRIPTION,,2050728.67998,Negative
2024-12-19,DEBIT,61.43,GBP,98.5568,-2428140.29,Walmart,Dining,Restaurant,UK,Bengaluru,TRUE,CHARGEBACK REQUESTED,,1150325.4025599998,Negative
2023-11-26,REFUND,75.39,INR,1.0,-1639973.56,Starbucks,Education,Course,UK,Hyderabad,TRUE,CASHBACK CREDITED,,14324.1,Negative
2024-03-21,CREDIT,17.51,USD,82.4089,-1641954.78,LocalMart,Groceries,Specialty,USA,Gurugram,TRUE,MANUAL ADJUSTMENT,2024.0,274166.16941000003,Negative
2025-04-02,CREDIT,125.87,USD,76.4287,-1284553.16,AutoZone,Entertainment,Streaming,UAE,Bengaluru,TRUE,CHARGEBACK REQUESTED,,1827815.28911,Negative
2024-01-15,REFUND,33.37,AED,19.8237,-1641954.78,LocalMart,Utilities,Electricity,UK,Delhi,TRUE,CHARGEBACK REQUESTED,,125688.20510999998,Negative
2024-04-01,REFUND,40.88,USD,82.7358,-1641954.78,Myntra,Utilities,Electricity,India,Hyderabad,TRUE,CASHBACK CREDITED,2024.0,642625.50576,Negative
2024-02-07,CREDIT,42.48,INR,1.0,-2235781.63,AutoZone,Travel,Taxi,Australia,Mumbai,TRUE,MANUAL ADJUSTMENT,,8071.2,Negative
2024-12-30,CREDIT,40.03,INR,1.0,-2582934.63,BigBasket,Entertainment,Streaming,Australia,Jaipur,TRUE,MONTHLY SUBSCRIPTION,2025.0,7605.7,Negative
2024-06-11,CREDIT,33.37,INR,1.0,-174418.52,Swiggy,Clothing,Men,USA,Pune,TRUE,MONTHLY SUBSCRIPTION,2021.0,6340.299999999999,Negative
2024-08-17,DEBIT,36.31,USD,80.9228,-553889.34,Paytm Mall,Dining,Cafe,UK,Bengaluru,TRUE,PROMO APPLIED,2018.0,558278.30492,Negative
2024-12-30,CREDIT,32.75,GBP,107.2481,-2773577.21,ShopEasy,Health,Clinic,UK,Chennai,TRUE,CASHBACK CREDITED,,667351.30225,Negative
2024-03-16,DEBIT,13.02,INR,1.0,-436531.3,Myntra,Automotive,Fuel,UAE,Gurugram,TRUE,SUSPECTED FRAUD,,2473.7999999999997,Negative
2024-09-28,DEBIT,33.37,AED,20.3353,-2774899.28,Myntra,Travel,Hotel,Canada,Pune,TRUE,CHARGEBACK REQUESTED,,128931.90258999998,Negative
2024-03-05,DEBIT,42.74,GBP,91.6854,-1824684.9,Paytm Mall,Automotive,Fuel,USA,Noida,TRUE,MONTHLY SUBSCRIPTION,,744540.45924,Negative
2024-12-09,CREDIT,27.98,USD,73.8496,-1937205.48,Swiggy,Groceries,Supermarket,USA,Delhi,TRUE,,,392599.24351999996,Negative
2025-07-10,DEBIT,44.61,USD,77.4766,-279974.38,ElectroWorld,Automotive,Fuel,Australia,Chennai,TRUE,REPEAT PURCHASE,2019.0,656683.91394,Negative
2025-08-31,CREDIT,9.99,AED,19.4593,-481148.97,Zomato,Groceries,Supermarket,UAE,Delhi,TRUE,,,36935.697329999995,Negative
2024-11-26,CREDIT,33.37,GBP,102.2498,-2428389.01,Walmart,Clothing,Men,USA,Gurugram,TRUE,CHARGEBACK REQUESTED,,648294.4069399999,Negative
2024-07-17,DEBIT,33.37,GBP,97.5606,-1641954.78,Swiggy,Clothing,Men,UK,Hyderabad,TRUE,CHARGEBACK REQUESTED,2026.0,618563.4721799999,Negative
2025-07-25,CREDIT,24.27,INR,1.0,-1641476.55,Paytm Mall,Groceries,Specialty,Australia,Noida,TRUE,,,4611.3,Negative
2023-09-20,CREDIT,227.88,GBP,98.3626,-1641954.78,Zomato,Groceries,Supermarket,USA,Kolkata,TRUE,MONTHLY SUBSCRIPTION,2019.0,4258825.16472,Negative
2023-11-15,DEBIT,12.28,INR,1.0,-1000875.69,BigBasket,Health,Pharmacy,UAE,Hyderabad,TRUE,SUSPECTED FRAUD,,2333.2,Negative
2025-08-17,CREDIT,33.37,USD,75.283,-480237.5,Flipkart,Education,Course,UAE,Noida,TRUE,CASHBACK CREDITED,,477316.8049,Negative
2024-08-17,DEBIT,9.8,USD,73.8821,-595118.53,Swiggy,Health,Clinic,UAE,Bengaluru,TRUE,CASHBACK CREDITED,,137568.4702,Negative
2025-07-01,DEBIT,33.37,INR,1.0,-2338539.03,Swiggy,Automotive,Repair,UAE,Jaipur,TRUE,PROMO APPLIED,,6340.299999999999,Negative
2024-03-15,DEBIT,81.19,INR,1.0,-175047.29,BigBasket,Automotive,Repair,UK,Chennai,TRUE,"MONTHLY SUBSCRIPTION -- VERIFY
CONTACT SUPPORT",,15426.1,Negative
2025-05-24,CREDIT,33.37,USD,77.3717,-1559762.06,Paytm Mall,Clothing,Men,Australia,Noida,TRUE,MONTHLY SUBSCRIPTION,2024.0,490559.78951000003,Negative
2025-01-23,DEBIT,33.37,USD,80.1873,-2875022.98,Amazon,Automotive,Repair,Canada,Delhi,TRUE,CASHBACK CREDITED,,508411.53818999993,Negative
2025-04-05,DEBIT,33.37,GBP,104.5114,-1641954.78,Reliance,Dining,Cafe,USA,Chennai,TRUE,,,662633.6294199999,Negative
2024-10-11,CREDIT,92.9,USD,80.2284,-1484049.34,ShopEasy,Education,Course,Australia,Gurugram,TRUE,PROMO APPLIED,,1416111.4884,Negative
2024-04-09,CREDIT,148.33,USD,80.6606,-2121191.62,Swiggy,Entertainment,Concert,India,Kolkata,TRUE,PROMO APPLIED,2015.0,2273233.4916200005,Negative
2024-08-04,REFUND,87.49,INR,1.0,-2934482.34,Reliance,Education,Course,UAE,Kolkata,TRUE,MONTHLY SUBSCRIPTION,,16623.1,Negative
2025-07-04,DEBIT,19.09,USD,80.717,-1641954.78,Flipkart,Entertainment,Movies,Australia,Chennai,TRUE,CHARGEBACK REQUESTED,,292768.6307,Negative
2023-11-15,DEBIT,4.11,USD,78.0994,-1641954.78,Starbucks,Automotive,Repair,India,Gurugram,TRUE,PROMO APPLIED,,60987.82146000001,Negative
2024-05-24,DEBIT,33.37,USD,75.3595,-490117.64,Paytm Mall,Entertainment,Concert,UK,Chennai,TRUE,CHARGEBACK REQUESTED,,477801.83784999995,Negative
2024-07-31,CREDIT,3.28,INR,1.0,-1625185.85,Zomato,Dining,Restaurant,USA,Mumbai,TRUE,MONTHLY SUBSCRIPTION,2023.0,623.1999999999999,Negative
2025-02-28,DEBIT,33.37,GBP,91.6156,-2582938.23,Paytm Mall,Education,Books,UK,Noida,TRUE,MANUAL ADJUSTMENT,,580870.38868,Negative
2025-03-26,DEBIT,7.38,USD,80.7289,-537629.7,Paytm Mall,Education,Books,Canada,Kolkata,TRUE,CHARGEBACK REQUESTED,,113198.06357999999,Negative
2024-07-13,DEBIT,72.81,INR,1.0,-159783.11,BigBasket,Electronics,Mobile,Australia,Mumbai,TRUE,REPEAT PURCHASE,2022.0,13833.9,Negative
2024-06-22,CREDIT,14.29,GBP,104.2035,-1641954.78,Amazon,Dining,Cafe,India,Jaipur,TRUE,PROMO APPLIED,,282922.92285000003,Negative
2024-06-30,CREDIT,25.87,INR,1.0,-1617349.04,Reliance,Electronics,Laptop,USA,Chennai,TRUE,SUSPECTED FRAUD,,4915.3,Negative
2024-05-01,REFUND,25.52,GBP,102.1263,-2236832.5,Walmart,Utilities,Water,USA,Delhi,TRUE,CASHBACK CREDITED,,495190.00344,Negative
2024-06-05,DEBIT,27.6,USD,81.2217,-2922670.44,ElectroWorld,Dining,Restaurant,USA,Kolkata,TRUE,,,425926.5948,Negative
2025-07-30,REFUND,58.42,AED,18.6662,-2419271.94,ElectroWorld,Groceries,Specialty,Canada,Mumbai,TRUE,PROMO APPLIED,2015.0,207191.08675999998,Negative
2024-11-25,DEBIT,20.78,USD,73.2809,-1641954.78,Amazon,Clothing,Men,Australia,Jaipur,TRUE,,2017.0,289327.64938,Negative
2023-09-22,DEBIT,9.51,AED,20.084,-2235686.1,AutoZone,Education,Course,USA,Bengaluru,TRUE,REPEAT PURCHASE,2019.0,36289.7796,Negative
2024-01-07,CREDIT,8.3,GBP,98.9945,-2582750.83,Zomato,Education,Books,UK,Chennai,TRUE,MONTHLY SUBSCRIPTION,2024.0,156114.32650000002,Negative
2025-01-04,REFUND,28.6,USD,74.7431,-2085644.07,Zomato,Dining,FastFood,India,Pune,TRUE,PROMO APPLIED,2025.0,406154.0054,Negative
2023-12-29,CREDIT,29.96,USD,77.3812,-1641954.78,Flipkart,Clothing,Men,UK,Chennai,TRUE,REPEAT PURCHASE,2016.0,440484.74288000003,Negative
2024-04-16,DEBIT,24.33,USD,79.1134,-1641954.78,ElectroWorld,Clothing,Women,UK,Delhi,TRUE,PROMO APPLIED,,365717.51418,Negative
2024-07-22,CREDIT,33.37,INR,1.0,-1931801.75,Paytm Mall,Health,Clinic,India,Bengaluru,TRUE,,,6340.299999999999,Negative
2023-12-22,DEBIT,18.7,GBP,97.6392,-1198974.2,Paytm Mall,Dining,FastFood,Canada,Kolkata,TRUE,MONTHLY SUBSCRIPTION,2017.0,346912.0776,Negative
2025-08-06,DEBIT,13.26,INRR,1.0,-1641954.78,Walmart,Automotive,Fuel,UAE,Gurugram,TRUE,MONTHLY SUBSCRIPTION,,2519.4,Negative
2024-03-09,DEBIT,95.39,USD,79.3628,-260260.24,Reliance,Entertainment,Streaming,Canada,Jaipur,TRUE,MANUAL ADJUSTMENT,2018.0,1438379.32348,Negative
2025-04-26,CREDIT,2.56,AED,18.8904,-1937230.12,BigBasket,Groceries,Specialty,UK,Kolkata,TRUE,CHARGEBACK REQUESTED,,9188.29056,Negative
2024-10-17,DEBIT,39.67,INR,1.0,-189457.52,Walmart,Entertainment,Streaming,Australia,Delhi,TRUE,MONTHLY SUBSCRIPTION,,7537.3,Negative
2025-05-30,REFUND,33.37,USD,78.2776,-1870808.97,Reliance,Clothing,Men,India,Hyderabad,TRUE,MANUAL ADJUSTMENT,,496303.46728000004,Negative
2025-02-12,DEBIT,10.2,INR,1.0,-1271224.87,Walmart,Education,Course,UAE,Delhi,TRUE,MANUAL ADJUSTMENT,2024.0,1937.9999999999998,Negative
2024-08-27,DEBIT,13.03,USD,73.5627,-2235419.92,BigBasket,Health,Clinic,USA,Chennai,TRUE,CHARGEBACK REQUESTED,,182119.17639,Negative
2024-02-04,DEBIT,40.54,INR,1.0,-1641954.78,Amazon,Electronics,Mobile,Australia,Gurugram,TRUE,MANUAL ADJUSTMENT,,7702.599999999999,Negative
2024-05-18,REFUND,410.56,AED,20.4811,-2420123.32,AutoZone,Groceries,Specialty,UAE,Noida,TRUE,CHARGEBACK REQUESTED,,1597656.87904,Negative
2024-04-09,DEBIT,2.31,INR,1.0,-2452266.84,Reliance,Electronics,Mobile,Australia,Kolkata,TRUE,CHARGEBACK REQUESTED,,438.90000000000003,Negative
2024-12-13,DEBIT,12.27,AED,19.7064,-1008414.51,Starbucks,Entertainment,Concert,USA,Bengaluru,TRUE,CASHBACK CREDITED,,45941.53032,Negative
2025-06-27,DEBIT,166.58,GBP,102.2818,-1641954.78,ElectroWorld,Electronics,Accessory,UAE,Pune,TRUE,,,3237239.4263600004,Negative
2023-09-18,REFUND,74.79,GBP,98.5565,-1809602.01,Walmart,Education,Books,UAE,Hyderabad,TRUE,MONTHLY SUBSCRIPTION,2021.0,1400497.72065,Negative
2025-05-20,DEBIT,20.23,INR,1.0,-2903995.58,Starbucks,Education,Course,Australia,Mumbai,TRUE,PROMO APPLIED,,3843.7000000000003,Negative
2023-12-11,DEBIT,74.7,AED,20.0461,-1143560.57,Flipkart,Entertainment,Movies,India,Noida,TRUE,MONTHLY SUBSCRIPTION,,284514.2973,Negative
2024-08-07,DEBIT,33.37,AED,21.9824,-594304.06,Zomato,Utilities,Electricity,India,Pune,TRUE,SUSPECTED FRAUD,,139375.01071999996,Negative
2024-05-06,DEBIT,20.8,INR,1.0,-1641954.78,Amazon,Dining,FastFood,UAE,Pune,TRUE,MONTHLY SUBSCRIPTION,,3952.0,Negative
2023-11-16,CREDIT,15.99,GBP,95.3074,-1705965.38,LocalMart,Travel,Hotel,India,Kolkata,TRUE,CHARGEBACK REQUESTED,,289553.41194,Negative
2024-03-13,DEBIT,77.54,GBP,103.1424,-538036.84,Paytm Mall,Entertainment,Streaming,UK,Pune,TRUE,REPEAT PURCHASE,2022.0,1519555.72224,Negative
2025-01-05,CREDIT,2.45,GBP,101.7789,-2465659.53,Swiggy,Utilities,Water,Canada,Chennai,TRUE,PROMO APPLIED,,47378.07795,Negative
2023-12-15,DEBIT,92.68,INR,1.0,-188968.97,Reliance,Travel,Taxi,Australia,Gurugram,TRUE,REPEAT PURCHASE,2015.0,17609.2,Negative
2024-09-07,CREDIT,31.82,AED,19.2786,-1131884.0,Reliance,Entertainment,Streaming,UAE,Gurugram,TRUE,MANUAL ADJUSTMENT,,116554.55988,Negative
2024-10-24,DEBIT,99.1,USD,72.4454,-1641954.78,BigBasket,Education,Books,Australia,Hyderabad,TRUE,CHARGEBACK REQUESTED,,1364074.4366,Negative
2023-10-07,CREDIT,33.37,AED,21.1078,-1162827.51,Flipkart,Health,Pharmacy,Canada,Delhi,TRUE,PROMO APPLIED,,133829.78434,Negative
2024-04-07,CREDIT,33.37,GBP,94.2242,9955.93,AutoZone,Health,Clinic,Australia,Gurugram,TRUE,MONTHLY SUBSCRIPTION,,597409.69526,Positive
2025-02-01,DEBIT,64.05,GBP,106.0458,-2679523.1,Amazon,Dining,Restaurant,UAE,Chennai,TRUE,PROMO APPLIED,,1290524.3631,Negative
2023-12-09,REFUND,33.37,USD,80.2324,-2420567.03,Walmart,Education,Books,USA,Noida,TRUE,CASHBACK CREDITED,,508697.48571999994,Negative
2024-11-14,REFUND,16.18,AED,18.2344,-1641954.78,ShopEasy,Groceries,Supermarket,India,Gurugram,TRUE,SUSPECTED FRAUD,,56056.192480000005,Negative
2025-01-14,REFUND,68.9,GBP,106.476,-446857.51,Paytm Mall,Dining,Restaurant,Canada,Noida,TRUE,CASHBACK CREDITED,,1393877.316,Negative
2024-08-25,CREDIT,74.08,USD,76.0548,-2582615.42,Myntra,Clothing,Men,UK,Gurugram,TRUE,PROMO APPLIED,,1070486.5209599999,Negative
2025-01-07,DEBIT,10.95,INR ,1.0,-1641954.78,Zomato,Dining,Cafe,USA,Pune,TRUE,,2023.0,2080.5,Negative
2024-02-08,CREDIT,200.66,USD,77.6438,-975264.37,ShopEasy,Entertainment,Streaming,Canada,Noida,TRUE,CASHBACK CREDITED,,2960200.93252,Negative
2024-04-15,REFUND,51.11,USD,79.0651,-144348.91,BigBasket,Automotive,Fuel,India,Bengaluru,TRUE,CHARGEBACK REQUESTED,,767793.27959,Negative
2024-08-30,CREDIT,35.04,USD,77.5393,-189869.59,Paytm Mall,Automotive,Repair,UK,Mumbai,TRUE,REPEAT PURCHASE,,516225.6436799999,Negative
2025-03-21,REFUND,506.19,INR,1.0,-1641954.78,ShopEasy,Electronics,Laptop,UAE,Kolkata,TRUE,CASHBACK CREDITED,,96176.1,Negative
2025-08-05,DEBIT,52.79,INR,1.0,-635037.3,Flipkart,Entertainment,Streaming,UAE,Delhi,TRUE,MONTHLY SUBSCRIPTION,,10030.1,Negative
2023-09-12,DEBIT,61.08,USD,76.6606,-2903957.03,Walmart,Dining,Restaurant,Australia,Kolkata,TRUE,SUSPECTED FRAUD,,889661.59512,Negative
2024-03-21,DEBIT,33.37,AED,19.9039,-2254570.14,ShopEasy,Travel,Hotel,Australia,Bengaluru,TRUE,CHARGEBACK REQUESTED,,126196.69717,Negative
2024-04-24,DEBIT,56.43,AED,20.4198,-1849486.21,Reliance,Groceries,Supermarket,India,Mumbai,TRUE,SUSPECTED FRAUD,2018.0,218934.96965999997,Negative
2024-01-14,DEBIT,5.69,INR,1.0,-1214483.38,ShopEasy,Automotive,Repair,Australia,Noida,TRUE,MANUAL ADJUSTMENT,2021.0,1081.1000000000001,Negative
2024-07-09,DEBIT,38.49,INR,1.0,-593478.66,Swiggy,Travel,Flight,UK,Mumbai,TRUE,MONTHLY SUBSCRIPTION,,7313.1,Negative
2024-12-30,DEBIT,304.4,INR,1.0,-1640125.76,Starbucks,Groceries,Specialty,USA,Jaipur,TRUE,REPEAT PURCHASE,,57835.99999999999,Negative
2025-03-27,CREDIT,33.37,GBP,104.5694,-1271519.11,Walmart,Groceries,Specialty,Australia,Chennai,TRUE,PROMO APPLIED,,663001.36682,Negative
2024-04-07,REFUND,33.37,INR,1.0,-1129646.62,Flipkart,Travel,Flight,UK,Hyderabad,TRUE,REPEAT PURCHASE,2016.0,6340.299999999999,Negative
2024-03-12,REFUND,207.73,INR,1.0,-1870766.73,Amazon,Dining,Restaurant,Canada,Pune,TRUE,CASHBACK CREDITED,,39468.7,Negative
2024-10-07,REFUND,133.98,GBP,100.0884,-1001376.41,LocalMart,Utilities,Water,Australia,Delhi,TRUE,,,2547870.32808,Negative
2023-10-30,CREDIT,33.37,INR,1.0,-1603747.45,BigBasket,Electronics,Mobile,UK,Noida,TRUE,SUSPECTED FRAUD,,6340.299999999999,Negative
2024-03-11,REFUND,66.77,GBP,92.6957,-1641954.78,Zomato,Travel,Hotel,UAE,Hyderabad,TRUE,MONTHLY SUBSCRIPTION,2021.0,1175965.45891,Negative
2025-02-23,DEBIT,18.37,AED,18.7167,-1617354.17,Paytm Mall,Groceries,Supermarket,Canada,Gurugram,TRUE,PROMO APPLIED,,65326.898010000004,Negative
2024-03-28,CREDIT,104.21,GBP,107.6084,-987419.15,ShopEasy,Electronics,Mobile,Canada,Hyderabad,TRUE,MANUAL ADJUSTMENT,,2130635.55916,Negative
2024-05-18,DEBIT,5.65,INR,1.0,-1641954.78,ShopEasy,Groceries,Specialty,Australia,Kolkata,TRUE,REPEAT PURCHASE,,1073.5,Negative
2024-06-04,DEBIT,187.23,GBP,97.0271,-1499850.63,Reliance,Electronics,Accessory,UAE,Bengaluru,TRUE,MANUAL ADJUSTMENT,,3451612.9472700004,Negative
2023-09-30,DEBIT,33.37,INR,1.0,-2677915.0,ShopEasy,Health,Pharmacy,UAE,Bengaluru,TRUE,CASHBACK CREDITED,2025.0,6340.299999999999,Negative
2023-12-13,DEBIT,110.78,USD,80.602,-276467.98,ElectroWorld,Clothing,Men,USA,Delhi,TRUE,"MONTHLY SUBSCRIPTION -- VERIFY
CONTACT SUPPORT",,1696527.0164,Negative
2024-02-20,DEBIT,207.87,USD,80.6608,-965639.58,Starbucks,Utilities,Water,India,Noida,TRUE,PROMO APPLIED,,3185722.49424,Negative
2025-07-16,DEBIT,44.71,INR,1.0,-1271556.91,Swiggy,Health,Pharmacy,USA,Chennai,TRUE,CHARGEBACK REQUESTED,2019.0,8494.9,Negative
2024-06-13,CREDIT,49.8,AED,20.2211,-1499982.22,ShopEasy,Travel,Flight,USA,Gurugram,TRUE,CHARGEBACK REQUESTED,,191332.0482,Negative
2024-09-16,REFUND,33.37,USD,75.1251,-1009113.86,Paytm Mall,Travel,Taxi,India,Kolkata,TRUE,PROMO APPLIED,,476315.67153,Negative
2025-01-15,DEBIT,5.31,USD,77.8981,-986128.59,Zomato,Utilities,Water,UK,Mumbai,TRUE,SUSPECTED FRAUD,,78591.39309,Negative
2023-12-12,DEBIT,70.99,USD,82.0494,-1198279.73,AutoZone,Health,Pharmacy,Australia,Gurugram,TRUE,MONTHLY SUBSCRIPTION,,1106690.51214,Negative
2025-06-20,CREDIT,33.37,USD,74.8832,-1143341.14,BigBasket,Health,Clinic,Australia,Gurugram,TRUE,REPEAT PURCHASE,,474781.95295999997,Negative
2024-02-25,DEBIT,2.43,USD,74.8097,-2580243.02,Myntra,Education,Books,India,Pune,TRUE,PROMO APPLIED,,34539.638490000005,Negative
2025-02-14,DEBIT,21.94,GBP,103.0505,-1641954.78,Amazon,Dining,Cafe,Canada,Chennai,TRUE,MONTHLY SUBSCRIPTION,,429576.3143,Negative
2025-02-26,REFUND,25.22,USD,82.2595,-2826515.57,Zomato,Health,Pharmacy,USA,Jaipur,TRUE,MONTHLY SUBSCRIPTION,,394171.0721,Negative
2024-11-08,DEBIT,8.86,USD,78.5352,-2933523.32,Flipkart,Dining,FastFood,Canada,Jaipur,TRUE,PROMO APPLIED,2017.0,132206.15568,Negative
2025-08-27,CREDIT,33.37,INR,1.0,-2466133.97,Zomato,Clothing,Women,Canada,Gurugram,TRUE,CHARGEBACK REQUESTED,,6340.299999999999,Negative
2024-12-23,DEBIT,39.01,INR,1.0,-974859.3,Starbucks,Health,Clinic,UAE,Mumbai,TRUE,MANUAL ADJUSTMENT,,7411.9,Negative
2024-02-09,DEBIT,33.37,INR,1.0,-1641954.78,Reliance,Dining,Restaurant,UK,Gurugram,TRUE,REPEAT PURCHASE,,6340.299999999999,Negative
2023-10-19,DEBIT,4.9,USD,74.7142,-565214.35,Zomato,Travel,Flight,Australia,Hyderabad,TRUE,CHARGEBACK REQUESTED,,69558.92020000001,Negative
2025-04-09,REFUND,140.2,GBP,105.891,-2682149.6,ShopEasy,Utilities,Internet,Australia,Kolkata,TRUE,,,2820724.458,Negative
2025-03-10,DEBIT,40.91,USD,79.5501,-2904076.3,ElectroWorld,Utilities,Water,UK,Delhi,TRUE,CHARGEBACK REQUESTED,2020.0,618334.97229,Negative
2024-07-15,DEBIT,6.26,GBP,99.4865,-2118166.93,ShopEasy,Dining,Restaurant,UK,Gurugram,TRUE,CASHBACK CREDITED,,118329.24309999999,Negative
2023-12-21,CREDIT,39.05,USD,78.3187,-2678695.51,Starbucks,Electronics,Laptop,India,Gurugram,TRUE,REPEAT PURCHASE,,581085.5946500001,Negative
2024-07-01,REFUND,124.84,AED,20.036,-2473344.02,Walmart,Automotive,Repair,Canada,Mumbai,TRUE,MONTHLY SUBSCRIPTION,,475245.90560000006,Negative
2024-09-04,REFUND,38.74,AED,19.1663,-2581156.37,ElectroWorld,Education,Books,Australia,Chennai,TRUE,CHARGEBACK REQUESTED,,141075.46778,Negative
2023-10-06,REFUND,33.37,USD,76.2907,-1641954.78,Reliance,Education,Course,USA,Gurugram,TRUE,,2023.0,483705.92521,Negative
2023-09-21,CREDIT,33.37,GBP,103.4349,-1624897.81,ShopEasy,Electronics,Accessory,UAE,Delhi,TRUE,CHARGEBACK REQUESTED,,655808.29647,Negative
2025-03-31,DEBIT,50.74,INR,1.0,-2122274.94,Walmart,Health,Pharmacy,UK,Chennai,TRUE,PROMO APPLIED,2021.0,9640.6,Negative
2024-09-20,REFUND,33.37,GBP,106.8686,-1557030.46,Amazon,Entertainment,Movies,Australia,Pune,TRUE,REPEAT PURCHASE,,677578.9845799999,Negative
2025-08-15,DEBIT,70.16,INR,1.0,-1561202.54,Myntra,Clothing,Women,Canada,Pune,TRUE,CHARGEBACK REQUESTED,,13330.4,Negative
2024-08-09,CREDIT,29.15,AED,19.0515,-1937874.66,Myntra,Utilities,Water,India,Jaipur,TRUE,PROMO APPLIED,,105516.73275,Negative
2024-03-07,CREDIT,43.59,USD,73.4393,-1641954.78,Myntra,Automotive,Fuel,UK,Kolkata,TRUE,MANUAL ADJUSTMENT,,608231.6265300001,Negative
2025-08-05,CREDIT,78.75,AED,20.9957,-2514989.9,BigBasket,Clothing,Men,India,Chennai,TRUE,SUSPECTED FRAUD,,314148.16125,Negative
2024-01-24,DEBIT,31.23,INR,1.0,-1625258.97,ElectroWorld,Health,Clinic,India,Bengaluru,TRUE,,,5933.7,Negative
2024-06-07,CREDIT,25.46,INR,1.0,-278310.89,Paytm Mall,Education,Books,UK,Jaipur,TRUE,CASHBACK CREDITED,,4837.400000000001,Negative
2023-10-06,DEBIT,48.98,AED,21.6213,-436990.75,ShopEasy,Travel,Hotel,USA,Kolkata,TRUE,"MONTHLY SUBSCRIPTION -- VERIFY
CONTACT SUPPORT",,201212.14205999998,Negative
2023-10-18,CREDIT,11.58,AED,18.9764,-2873873.43,BigBasket,Health,Clinic,UAE,Gurugram,TRUE,PROMO APPLIED,,41751.87528000001,Negative
2023-10-25,DEBIT,48.12,USD,74.917,-2775260.4,AutoZone,Dining,FastFood,UK,Bengaluru,TRUE,REPEAT PURCHASE,2024.0,684951.1475999999,Negative
2025-07-04,REFUND,33.37,INR,1.0,-2592522.19,Swiggy,Electronics,Mobile,Australia,Kolkata,TRUE,"REPEAT PURCHASE -- VERIFY
CONTACT SUPPORT",,6340.299999999999,Negative
2024-04-29,DEBIT,88.25,INR,1.0,-1641954.78,Myntra,Groceries,Specialty,UAE,Chennai,TRUE,,,16767.5,Negative
2025-01-04,CREDIT,24.05,USD,82.3763,-1221652.57,AutoZone,Clothing,Women,USA,Mumbai,TRUE,CHARGEBACK REQUESTED,2025.0,376418.50285000005,Negative
2024-07-21,DEBIT,3.59,AED,19.4363,-2230207.93,ShopEasy,Dining,FastFood,Australia,Chennai,TRUE,MANUAL ADJUSTMENT,,13257.500229999998,Negative
2024-03-14,DEBIT,55.78,INR,1.0,-2592870.96,ElectroWorld,Education,Books,USA,Pune,TRUE,CASHBACK CREDITED,,10598.2,Negative
2025-06-13,DEBIT,127.13,INR,1.0,-1198867.02,Walmart,Health,Clinic,Australia,Pune,TRUE,,,24154.7,Negative
2024-02-29,REFUND,33.37,USD,73.3536,-1641954.78,Swiggy,Utilities,Water,Canada,Jaipur,TRUE,MANUAL ADJUSTMENT,2018.0,465083.83008,Negative
2024-10-11,DEBIT,56.41,USD,77.3814,-174030.87,BigBasket,Groceries,Supermarket,UAE,Noida,TRUE,CHARGEBACK REQUESTED,,829366.10706,Negative
2024-01-08,DEBIT,57.73,USD,75.1395,-1561090.08,Flipkart,Health,Clinic,India,Kolkata,TRUE,MONTHLY SUBSCRIPTION,,824182.63365,Negative
2024-12-10,DEBIT,232.45,GBP,101.1413,-1641954.78,Amazon,Automotive,Fuel,Canada,Noida,TRUE,SUSPECTED FRAUD,,4466956.08515,Negative
2024-02-07,CREDIT,328.23,GBP,95.2909,-1714137.0,Myntra,Utilities,Electricity,UK,Hyderabad,TRUE,CHARGEBACK REQUESTED,,5942693.10033,Negative
2024-02-14,CREDIT,26.56,INR,1.0,-441417.35,Swiggy,Health,Pharmacy,India,Chennai,TRUE,MONTHLY SUBSCRIPTION,2018.0,5046.4,Negative
2024-10-08,DEBIT,10.53,USD,73.3593,-1076166.89,Myntra,Travel,Flight,India,Kolkata,TRUE,PROMO APPLIED,2018.0,146769.95151,Negative
2023-10-28,DEBIT,33.89,INR,1.0,-2537125.72,Reliance,Utilities,Internet,Canada,Kolkata,TRUE,SUSPECTED FRAUD,,6439.1,Negative
2024-11-07,CREDIT,101.24,GBP,101.8362,-1641954.78,Walmart,Automotive,Fuel,Canada,Noida,TRUE,CHARGEBACK REQUESTED,,1958880.40872,Negative
2023-11-20,REFUND,56.65,USD,79.64,-2583245.44,Flipkart,Groceries,Specialty,UAE,Mumbai,TRUE,,2018.0,857205.1399999999,Negative
2023-10-12,REFUND,64.55,GBP,90.1908,-975337.09,Myntra,Electronics,Mobile,UK,Delhi,TRUE,CASHBACK CREDITED,,1106145.0666,Negative
2024-05-22,DEBIT,18.84,INR,1.0,-1269359.53,Myntra,Automotive,Fuel,Australia,Jaipur,TRUE,,,3579.6,Negative
2025-08-03,DEBIT,60.76,USD,81.9135,-2933303.14,LocalMart,Utilities,Water,UK,Bengaluru,TRUE,CHARGEBACK REQUESTED,,945642.2094,Negative
2024-12-16,DEBIT,33.37,INR,1.0,-1640756.51,Flipkart,Groceries,Supermarket,UK,Chennai,TRUE,,,6340.299999999999,Negative
2023-11-30,CREDIT,67.27,USD,75.2462,-528577.82,ShopEasy,Travel,Hotel,USA,Jaipur,TRUE,MONTHLY SUBSCRIPTION,,961744.25606,Negative
2024-03-17,CREDIT,33.37,USD,74.661,-1641215.3,Swiggy,Groceries,Specialty,India,Kolkata,TRUE,CASHBACK CREDITED,,473373.1383,Negative
2024-01-29,REFUND,42.16,GBP,103.3636,-1078084.37,BigBasket,Health,Clinic,UK,Delhi,TRUE,SUSPECTED FRAUD,,827983.78144,Negative
2024-01-28,DEBIT,10.13,INR,1.0,-1131456.43,Starbucks,Dining,Cafe,UK,Bengaluru,TRUE,MANUAL ADJUSTMENT,,1924.7,Negative
2025-07-12,DEBIT,12.13,USD,74.6533,-1937191.49,AutoZone,Automotive,Fuel,UK,Kolkata,TRUE,CASHBACK CREDITED,,172053.46051000003,Negative
2025-06-17,CREDIT,33.37,USD,80.0991,-1170526.53,ShopEasy,Dining,Cafe,Australia,Hyderabad,TRUE,,,507852.32373,Negative
2024-06-26,CREDIT,31.65,INR,1.0,-441186.76,BigBasket,Electronics,Laptop,UK,Hyderabad,TRUE,CHARGEBACK REQUESTED,,6013.5,Negative
2025-07-31,REFUND,5.85,INR,1.0,-1641954.78,Paytm Mall,Clothing,Men,USA,Bengaluru,TRUE,PROMO APPLIED,2016.0,1111.5,Negative
2024-03-08,CREDIT,84.78,GBP,90.1154,-1271305.57,Reliance,Groceries,Specialty,Canada,Gurugram,TRUE,PROMO APPLIED,2024.0,1451596.88628,Negative
2024-10-13,DEBIT,18.2,USD,76.6797,-2900589.72,Starbucks,Clothing,Men,UAE,Hyderabad,TRUE,MANUAL ADJUSTMENT,,265158.4026,Negative
2024-03-17,DEBIT,14.63,INR,1.0,-538154.95,Flipkart,Clothing,Men,Australia,Noida,TRUE,,,2779.7000000000003,Negative
2024-12-05,DEBIT,20.85,INR,1.0,-2592843.07,Reliance,Health,Clinic,USA,Kolkata,TRUE,PROMO APPLIED,,3961.5000000000005,Negative
2023-09-22,DEBIT,15.97,GBP,92.1472,-1626390.25,Paytm Mall,Clothing,Women,UK,Chennai,TRUE,SUSPECTED FRAUD,2018.0,279602.24896,Negative
2024-04-07,DEBIT,33.37,GBP,101.5922,-2495482.66,Swiggy,Education,Books,Canada,Hyderabad,TRUE,MONTHLY SUBSCRIPTION,,644125.02566,Negative
2025-02-18,DEBIT,6.16,INR,1.0,-145998.19,Flipkart,Education,Course,UAE,Noida,TRUE,CASHBACK CREDITED,2016.0,1170.4,Negative
2025-08-22,DEBIT,3.91,INR,1.0,-1641954.78,AutoZone,Health,Clinic,UAE,Mumbai,TRUE,MONTHLY SUBSCRIPTION,2022.0,742.9,Negative
2024-01-02,REFUND,29.24,AED,19.7704,-1641954.78,Starbucks,Travel,Hotel,India,Gurugram,TRUE,MANUAL ADJUSTMENT,,109836.43423999997,Negative
2023-10-02,DEBIT,59.43,AED,20.9518,-2428418.73,Paytm Mall,Automotive,Repair,Australia,Pune,TRUE,MANUAL ADJUSTMENT,,236581.44006,Negative
2025-03-11,CREDIT,85.03,INR,1.0,-540029.37,Myntra,Travel,Taxi,Canada,Pune,TRUE,CASHBACK CREDITED,,16155.7,Negative
2024-08-22,DEBIT,33.37,INR,1.0,-160238.89,ElectroWorld,Education,Course,UAE,Jaipur,TRUE,SUSPECTED FRAUD,2021.0,6340.299999999999,Negative
2024-11-02,CREDIT,20.12,INR,1.0,-279643.53,Reliance,Clothing,Women,USA,Chennai,TRUE,SUSPECTED FRAUD,2017.0,3822.8,Negative
2025-04-05,CREDIT,160.55,AED,21.5189,-2866643.2,BigBasket,Utilities,Electricity,USA,Hyderabad,TRUE,PROMO APPLIED,,656423.28505,Negative
2024-05-03,DEBIT,47.39,AED,19.8167,-1024994.9,Amazon,Health,Pharmacy,Australia,Kolkata,TRUE,PROMO APPLIED,,178431.54847,Negative
2024-05-27,CREDIT,33.37,AED,19.299,-2773871.57,ShopEasy,Clothing,Men,Australia,Pune,TRUE,CASHBACK CREDITED,,122361.4497,Negative
2024-05-25,DEBIT,10.76,INR,1.0,-1626949.56,Paytm Mall,Entertainment,Concert,UAE,Pune,TRUE,CHARGEBACK REQUESTED,,2044.3999999999999,Negative
2025-04-03,REFUND,36.37,GBP,96.2957,-1641954.78,Walmart,Health,Pharmacy,Canada,Noida,TRUE,PROMO APPLIED,2021.0,665432.17571,Negative
2024-05-10,CREDIT,117.98,USD,80.6337,-1641954.78,ShopEasy,Travel,Taxi,USA,Noida,TRUE,PROMO APPLIED,2016.0,1807501.1459400002,Negative
2024-03-09,DEBIT,87.62,USD,72.1067,-1641954.78,ShopEasy,Clothing,Men,Canada,Delhi,TRUE,MANUAL ADJUSTMENT,,1200417.92026,Negative
2025-04-26,CREDIT,33.37,INR,1.0,-1985189.17,Starbucks,Utilities,Internet,Canada,Pune,TRUE,CASHBACK CREDITED,2016.0,6340.299999999999,Negative
2024-02-01,DEBIT,12.99,AED,20.2508,-1931856.98,Amazon,Health,Pharmacy,UK,Bengaluru,TRUE,REPEAT PURCHASE,,49980.999480000006,Negative
2024-06-02,CREDIT,26.35,USD,75.3592,-2901770.95,Starbucks,Dining,Cafe,USA,Gurugram,TRUE,CHARGEBACK REQUESTED,,377285.8348,Negative
2024-11-25,DEBIT,98.85,USD,81.9375,-1641685.39,Swiggy,Dining,FastFood,Canada,Chennai,TRUE,SUSPECTED FRAUD,,1538909.15625,Negative
2024-03-01,CREDIT,52.21,GBP,98.0751,-2463416.99,BigBasket,Entertainment,Concert,India,Chennai,TRUE,PROMO APPLIED,,972895.1844900001,Negative
2024-07-03,CREDIT,10.28,AED,18.3402,-1641954.78,Walmart,Education,Course,USA,Noida,TRUE,MANUAL ADJUSTMENT,2018.0,35822.07864,Negative
2024-02-02,CREDIT,47.88,USD,76.7466,-174912.95,Amazon,Dining,FastFood,USA,Delhi,TRUE,MONTHLY SUBSCRIPTION,,698179.1695200001,Negative
2024-11-08,DEBIT,5.32,INR,1.0,-529946.01,Paytm Mall,Education,Course,USA,Kolkata,TRUE,"CASHBACK CREDITED -- VERIFY
CONTACT SUPPORT",2024.0,1010.8000000000001,Negative
2023-10-08,CREDIT,33.37,USD,82.2017,-2235681.35,Walmart,Dining,Restaurant,UK,Noida,TRUE,PROMO APPLIED,,521183.43851,Negative
2024-10-13,CREDIT,37.47,INR,1.0,-2775234.32,AutoZone,Health,Clinic,Canada,Bengaluru,TRUE,MANUAL ADJUSTMENT,,7119.3,Negative
2024-10-28,DEBIT,17.89,USD,76.3201,-1200469.1,Amazon,Clothing,Men,UAE,Mumbai,TRUE,CHARGEBACK REQUESTED,,259419.65191,Negative
2023-11-28,REFUND,30.72,USD,72.6074,-2579696.24,AutoZone,Groceries,Supermarket,India,Gurugram,TRUE,PROMO APPLIED,,423794.87231999997,Negative
2023-12-04,DEBIT,32.76,INR,1.0,-965124.46,ElectroWorld,Clothing,Women,UK,Kolkata,TRUE,CHARGEBACK REQUESTED,,6224.4,Negative
2023-11-12,DEBIT,24.45,INR,1.0,-2520107.68,BigBasket,Groceries,Supermarket,India,Bengaluru,TRUE,CASHBACK CREDITED,,4645.5,Negative
2025-01-28,DEBIT,33.37,GBP,105.4575,-1077548.28,LocalMart,Electronics,Accessory,UAE,Hyderabad,TRUE,REPEAT PURCHASE,,668632.18725,Negative
2024-08-25,CREDIT,170.2,GBP,95.4012,-593459.41,LocalMart,Clothing,Men,UK,Delhi,TRUE,,,3085084.0056,Negative
2025-07-21,CREDIT,33.37,INR,1.0,-1269927.04,ShopEasy,Travel,Hotel,India,Gurugram,TRUE,REPEAT PURCHASE,,6340.299999999999,Negative
2024-09-22,DEBIT,91.96,GBP,95.5215,-2935197.35,Flipkart,Groceries,Supermarket,USA,Jaipur,TRUE,PROMO APPLIED,,1668989.8565999998,Negative
2024-09-18,DEBIT,91.79,USD,72.6217,-174905.12,BigBasket,Automotive,Fuel,India,Pune,TRUE,CHARGEBACK REQUESTED,,1266529.71017,Negative
2025-01-02,DEBIT,9.78,AED,19.5196,-1602600.6,Reliance,Groceries,Specialty,UK,Bengaluru,TRUE,MONTHLY SUBSCRIPTION,,36271.320719999996,Negative
2025-09-07,DEBIT,33.37,INR,1.0,-1641954.78,BigBasket,Groceries,Specialty,Australia,Chennai,TRUE,CHARGEBACK REQUESTED,2018.0,6340.299999999999,Negative
2023-09-15,CREDIT,273.24,INR ,1.0,-1558762.83,Swiggy,Education,Books,UK,Noida,TRUE,REPEAT PURCHASE,,51915.6,Negative
2023-09-28,CREDIT,33.37,USD,73.62,-2901403.58,BigBasket,Electronics,Accessory,UK,Gurugram,TRUE,CHARGEBACK REQUESTED,2023.0,466772.886,Negative
2025-06-03,CREDIT,9.05,USD,76.8765,-436886.43,Myntra,Health,Pharmacy,India,Mumbai,TRUE,SUSPECTED FRAUD,,132189.14174999998,Negative
2025-08-26,CREDIT,24.82,USD,80.0265,-436783.42,Starbucks,Education,Books,Australia,Pune,TRUE,MANUAL ADJUSTMENT,,377388.9687,Negative
2024-06-03,DEBIT,33.37,INR,1.0,-480285.65,Swiggy,Clothing,Women,Australia,Gurugram,TRUE,CHARGEBACK REQUESTED,,6340.299999999999,Negative
2023-12-13,DEBIT,13.1,INR,1.0,-166037.75,Zomato,Education,Course,India,Kolkata,TRUE,MONTHLY SUBSCRIPTION,,2489.0,Negative
2025-09-06,DEBIT,58.57,USD,82.7018,-1641954.78,Myntra,Automotive,Fuel,Australia,Chennai,TRUE,MANUAL ADJUSTMENT,,920330.4409400001,Negative
2025-06-22,CREDIT,59.83,AED,18.4143,-2249647.12,Swiggy,Clothing,Men,UAE,Chennai,TRUE,,,209328.23810999998,Negative
2024-09-23,REFUND,34.49,AED,19.5351,-2775595.28,Swiggy,Health,Pharmacy,Australia,Hyderabad,TRUE,MONTHLY SUBSCRIPTION,2023.0,128015.46381000002,Negative
2023-11-25,REFUND,91.79,AED,20.4901,-2119689.94,Zomato,Education,Course,India,Jaipur,TRUE,SUSPECTED FRAUD,,357349.39301000006,Negative
2024-10-03,CREDIT,10.0,INR,1.0,-2868192.05,LocalMart,Entertainment,Streaming,UAE,Jaipur,TRUE,,,1900.0,Negative
2024-10-11,DEBIT,1.64,GBP,93.4856,-1641954.78,Swiggy,Entertainment,Concert,Australia,Chennai,TRUE,MANUAL ADJUSTMENT,,29130.11296,Negative
2023-11-07,DEBIT,1332.29,INR,1.0,-260001.14,Zomato,Automotive,Repair,India,Gurugram,TRUE,REPEAT PURCHASE,2024.0,253135.1,Negative
2024-09-07,DEBIT,33.37,GBP,94.3188,-2593010.26,Paytm Mall,Education,Course,India,Mumbai,TRUE,CASHBACK CREDITED,2026.0,598009.48764,Negative
2023-11-02,DEBIT,33.37,AED,20.669,-2775034.77,Amazon,Clothing,Women,UK,Chennai,TRUE,REPEAT PURCHASE,2025.0,131047.6607,Negative
2024-09-13,DEBIT,21.18,USD,75.7268,-1713280.43,BigBasket,Electronics,Accessory,UK,Delhi,TRUE,MANUAL ADJUSTMENT,,304739.78855999996,Negative
2024-02-14,DEBIT,187.99,USD,80.9764,-457347.21,Amazon,Travel,Hotel,UK,Kolkata,TRUE,PROMO APPLIED,,2892323.15284,Negative
2023-12-05,CREDIT,31.29,USD,80.7593,-2419592.42,BigBasket,Health,Clinic,Canada,Delhi,TRUE,PROMO APPLIED,,480122.11442999996,Negative
2025-03-21,DEBIT,52.4,USD,76.3449,-481299.05,Zomato,Electronics,Laptop,USA,Bengaluru,TRUE,,,760089.8243999999,Negative
2024-07-05,DEBIT,17.0,AED,18.6397,-1652756.87,Reliance,Automotive,Fuel,India,Chennai,TRUE,MANUAL ADJUSTMENT,,60206.23100000001,Negative
2024-04-06,DEBIT,188.33,INR,1.0,-1641954.78,ShopEasy,Electronics,Mobile,USA,Delhi,TRUE,CHARGEBACK REQUESTED,,35782.700000000004,Negative
2024-07-19,DEBIT,33.37,USD,72.3149,-2231667.65,Zomato,Education,Course,UK,Kolkata,TRUE,PROMO APPLIED,,458498.1604699999,Negative
2023-11-25,DEBIT,58.65,INR,1.0,-1198325.31,BigBasket,Travel,Hotel,India,Kolkata,TRUE,MANUAL ADJUSTMENT,2023.0,11143.5,Negative
2025-07-03,DEBIT,287.47,AED,19.3699,-538109.57,Flipkart,Groceries,Specialty,UK,Delhi,TRUE,,,1057970.3790700003,Negative
2024-08-09,DEBIT,53.73,INR,1.0,-2933758.17,AutoZone,Education,Books,UAE,Hyderabad,TRUE,REPEAT PURCHASE,2018.0,10208.699999999999,Negative
2024-09-06,REFUND,41.52,USD,82.3617,-2773395.56,AutoZone,Travel,Taxi,UAE,Bengaluru,TRUE,CASHBACK CREDITED,,649734.97896,Negative
2025-01-01,CREDIT,33.37,INR,1.0,-1641954.78,LocalMart,Travel,Hotel,Canada,Pune,TRUE,MANUAL ADJUSTMENT,,6340.299999999999,Negative
2025-01-27,DEBIT,24.27,INR ,1.0,-1162865.21,Walmart,Travel,Taxi,USA,Hyderabad,TRUE,CHARGEBACK REQUESTED,,4611.3,Negative
2024-05-31,CREDIT,343.1,USD,72.2898,-2419526.75,Walmart,Education,Course,UAE,Kolkata,TRUE,PROMO APPLIED,,4712499.7722000005,Negative
2025-05-15,DEBIT,44.66,USD,76.934,-1603292.16,Reliance,Groceries,Supermarket,UK,Noida,TRUE,MONTHLY SUBSCRIPTION,,652815.7636,Negative
2025-04-27,DEBIT,19.4,USD,76.7523,-2934618.12,AutoZone,Education,Books,India,Mumbai,TRUE,REPEAT PURCHASE,,282908.9778,Negative
2025-04-28,DEBIT,103.85,INR,1.0,-2873256.68,ShopEasy,Electronics,Accessory,Canada,Delhi,TRUE,CHARGEBACK REQUESTED,,19731.5,Negative
2024-01-12,REFUND,4.4,AED,18.2196,-1824312.76,Reliance,Entertainment,Concert,UAE,Pune,TRUE,MANUAL ADJUSTMENT,,15231.5856,Negative
2023-09-13,DEBIT,2.71,USD,81.7913,-1641954.78,Zomato,Travel,Flight,UK,Pune,TRUE,PROMO APPLIED,,42114.34037,Negative
2025-09-04,REFUND,39.9,USD,82.2203,-1641954.78,AutoZone,Health,Clinic,India,Kolkata,TRUE,REPEAT PURCHASE,,623312.0942999999,Negative
2023-11-24,DEBIT,36.41,USD,80.2918,-2727816.93,Myntra,Entertainment,Concert,Australia,Pune,TRUE,,,555450.64322,Negative
2024-11-06,CREDIT,84.17,INR,1.0,-1641078.29,Flipkart,Electronics,Laptop,Australia,Bengaluru,TRUE,CASHBACK CREDITED,,15992.300000000001,Negative
2024-08-29,REFUND,5.57,USD,77.65,-973993.52,ElectroWorld,Groceries,Supermarket,India,Chennai,TRUE,REPEAT PURCHASE,,82176.99500000001,Negative
2023-11-18,CREDIT,33.37,AED,21.7646,-2775302.32,Paytm Mall,Electronics,Mobile,UK,Noida,TRUE,MANUAL ADJUSTMENT,,137994.09338,Negative
2024-01-15,REFUND,33.37,INR,1.0,-539932.62,AutoZone,Education,Books,Canada,Kolkata,TRUE,PROMO APPLIED,2018.0,6340.299999999999,Negative
2024-02-04,DEBIT,33.37,INR,1.0,-2764662.03,Reliance,Automotive,Fuel,India,Jaipur,TRUE,PROMO APPLIED,,6340.299999999999,Negative
2025-04-14,REFUND,12.22,INR,1.0,-260492.03,AutoZone,Education,Books,UAE,Jaipur,TRUE,MANUAL ADJUSTMENT,,2321.8,Negative
2024-04-19,CREDIT,178.28,USD,82.9635,-145995.11,Paytm Mall,Travel,Flight,UAE,Bengaluru,TRUE,REPEAT PURCHASE,,2810239.2282000002,Negative
2025-04-06,DEBIT,33.37,INR,1.0,-1641954.78,Swiggy,Clothing,Men,UAE,Gurugram,TRUE,REPEAT PURCHASE,,6340.299999999999,Negative
2024-05-22,REFUND,33.37,USD,78.7066,-1641954.78,AutoZone,Health,Pharmacy,UK,Hyderabad,TRUE,REPEAT PURCHASE,2018.0,499023.4559799999,Negative
2023-11-30,CREDIT,125.02,USD,79.5532,-1105490.15,ShopEasy,Utilities,Water,USA,Gurugram,TRUE,,,1889690.80216,Negative
2025-07-14,CREDIT,33.37,INR,1.0,-1641954.78,ElectroWorld,Clothing,Women,India,Mumbai,TRUE,CASHBACK CREDITED,,6340.299999999999,Negative
2024-09-27,DEBIT,369.53,INR,1.0,-490108.12,Zomato,Education,Books,USA,Hyderabad,TRUE,PROMO APPLIED,,70210.7,Negative
2024-10-26,DEBIT,31.69,USD,77.8201,-2825119.57,AutoZone,Education,Course,Australia,Pune,TRUE,REPEAT PURCHASE,,468562.60411,Negative
2025-01-06,REFUND,24.32,GBP,102.102,-541892.93,ElectroWorld,Dining,Restaurant,USA,Gurugram,TRUE,,2020.0,471792.9216,Negative
2024-11-10,CREDIT,113.1,INR,1.0,-1850559.71,AutoZone,Entertainment,Streaming,Australia,Jaipur,TRUE,MONTHLY SUBSCRIPTION,2017.0,21489.0,Negative
2024-07-28,REFUND,62.63,GBP,103.0176,-2580674.4,AutoZone,Health,Clinic,India,Mumbai,TRUE,REPEAT PURCHASE,,1225878.53472,Negative
2023-09-24,DEBIT,27.23,AED,21.7704,-1198012.2,BigBasket,Education,Books,USA,Gurugram,TRUE,MANUAL ADJUSTMENT,2025.0,112633.51848,Negative
2024-06-30,CREDIT,33.37,INR,1.0,-1931577.81,Amazon,Health,Clinic,Australia,Noida,TRUE,CHARGEBACK REQUESTED,,6340.299999999999,Negative
2025-01-25,DEBIT,14.5,USD,74.3022,-556985.44,ShopEasy,Electronics,Laptop,UAE,Bengaluru,TRUE,MANUAL ADJUSTMENT,2023.0,204702.56100000002,Negative
2025-09-04,CREDIT,33.37,INR,1.0,-1641954.78,AutoZone,Clothing,Women,UK,Bengaluru,TRUE,MONTHLY SUBSCRIPTION,2019.0,6340.299999999999,Negative
2023-09-20,DEBIT,37.45,USD,82.6843,-2452505.58,Myntra,Dining,FastFood,Canada,Gurugram,TRUE,REPEAT PURCHASE,2023.0,588340.13665,Negative
2024-08-31,DEBIT,33.37,USD,74.6098,-1641954.78,BigBasket,Travel,Hotel,Australia,Hyderabad,TRUE,CASHBACK CREDITED,2025.0,473048.51494,Negative
2025-01-02,DEBIT,31.4,INR,1.0,-2873919.68,Walmart,Clothing,Men,India,Jaipur,TRUE,REPEAT PURCHASE,,5966.0,Negative
2024-07-17,DEBIT,26.5,USD,72.8057,-1641954.78,Amazon,Clothing,Men,Australia,Jaipur,TRUE,CHARGEBACK REQUESTED,2021.0,366576.6995,Negative
2024-12-20,CREDIT,5.38,INR,1.0,-259297.92,AutoZone,Groceries,Supermarket,India,Kolkata,TRUE,CASHBACK CREDITED,,1022.1999999999999,Negative
2024-02-08,DEBIT,0.98,INR,1.0,-1850336.91,Myntra,Clothing,Men,UAE,Hyderabad,TRUE,,,186.2,Negative
2025-06-28,DEBIT,20.8,INR,1.0,-489934.93,Paytm Mall,Clothing,Men,Canada,Noida,TRUE,,,3952.0,Negative
2023-12-09,CREDIT,33.37,USD,74.8623,-1985668.1,Starbucks,Groceries,Supermarket,UAE,Bengaluru,TRUE,MONTHLY SUBSCRIPTION,,474649.44069,Negative
2024-11-19,CREDIT,33.37,GBP,98.3183,-2901757.77,ElectroWorld,Travel,Flight,USA,Gurugram,TRUE,PROMO APPLIED,,623367.5174899999,Negative
2024-01-17,DEBIT,33.37,USD,74.4739,-1641954.78,Amazon,Entertainment,Movies,USA,Delhi,TRUE,SUSPECTED FRAUD,2020.0,472186.86817,Negative
2024-12-04,REFUND,33.37,INR,1.0,-2579982.27,BigBasket,Automotive,Repair,India,Pune,TRUE,REPEAT PURCHASE,,6340.299999999999,Negative
2024-04-15,CREDIT,24.93,AED,20.8119,-2908636.66,Paytm Mall,Entertainment,Concert,Australia,Noida,TRUE,CHARGEBACK REQUESTED,,98579.72673000001,Negative
2024-04-13,DEBIT,93.13,AED,20.7193,-1641954.78,Paytm Mall,Electronics,Accessory,India,Mumbai,TRUE,MONTHLY SUBSCRIPTION,,366621.79771,Negative
2025-07-22,DEBIT,26.36,USD,75.2042,-1221422.0,Paytm Mall,Automotive,Fuel,UK,Bengaluru,TRUE,MONTHLY SUBSCRIPTION,2018.0,376652.71527999995,Negative
2024-06-06,CREDIT,54.47,INR,1.0,-2514599.23,AutoZone,Electronics,Mobile,USA,Bengaluru,TRUE,CHARGEBACK REQUESTED,,10349.3,Negative
2025-05-26,REFUND,34.33,USD,77.4339,-1807045.73,ShopEasy,Education,Course,UK,Mumbai,TRUE,MONTHLY SUBSCRIPTION,,505078.09952999995,Negative
2025-06-02,DEBIT,65.37,GBP,98.4058,-1641954.78,Starbucks,Utilities,Water,UAE,Pune,TRUE,SUSPECTED FRAUD,2023.0,1222229.55774,Negative
2025-07-05,CREDIT,35.92,GBP,98.6369,-1076053.26,Flipkart,Entertainment,Streaming,India,Pune,TRUE,SUSPECTED FRAUD,2025.0,673177.11512,Negative
2024-11-24,CREDIT,19.61,USD,75.181,-1412740.29,Swiggy,Dining,FastFood,India,Jaipur,TRUE,SUSPECTED FRAUD,2018.0,280116.8879,Negative
2024-03-31,CREDIT,11.98,USD,82.5252,-556800.92,Myntra,Automotive,Repair,USA,Kolkata,TRUE,MANUAL ADJUSTMENT,2025.0,187843.86023999998,Negative
2023-11-08,DEBIT,33.37,USD,76.1796,-557298.36,Reliance,Clothing,Men,UAE,Kolkata,TRUE,MANUAL ADJUSTMENT,2019.0,483001.51787999994,Negative
2024-11-14,REFUND,151.46,INR,1.0,-1641954.78,Swiggy,Dining,FastFood,Australia,Delhi,TRUE,CASHBACK CREDITED,,28777.4,Negative
2025-06-18,CREDIT,139.78,USD,78.3588,-1559259.77,Myntra,Education,Course,Canada,Gurugram,TRUE,CASHBACK CREDITED,2023.0,2081068.68216,Negative
2024-12-31,CREDIT,33.89,AED,19.3564,-2514333.16,Zomato,Electronics,Accessory,UAE,Jaipur,TRUE,MANUAL ADJUSTMENT,,124637.79524000002,Negative
2025-01-10,DEBIT,33.37,GBP,90.8794,-2775613.55,Starbucks,Travel,Flight,UAE,Jaipur,TRUE,SUSPECTED FRAUD,2017.0,576202.6598200001,Negative
2024-11-30,DEBIT,33.37,USD,78.8844,-2582053.8,Amazon,Travel,Taxi,USA,Jaipur,TRUE,MANUAL ADJUSTMENT,,500150.76131999993,Negative
2023-10-23,REFUND,9.51,INR,1.0,-555036.89,Zomato,Utilities,Electricity,India,Bengaluru,TRUE,,,1806.8999999999999,Negative
2024-08-01,DEBIT,33.37,AED,18.6861,-2625264.19,ShopEasy,Automotive,Repair,Canada,Delhi,TRUE,MONTHLY SUBSCRIPTION,,118475.47982999998,Negative
2024-03-31,CREDIT,38.53,AED,18.001,-1825611.98,BigBasket,Travel,Hotel,Australia,Pune,TRUE,MANUAL ADJUSTMENT,2017.0,131779.92070000002,Negative
2023-09-20,CREDIT,19.71,USD,79.5601,-277715.7,ElectroWorld,Utilities,Internet,USA,Bengaluru,TRUE,MONTHLY SUBSCRIPTION,,297944.61849,Negative
2024-12-27,CREDIT,15.25,USD,75.4207,-1150379.36,Zomato,Clothing,Men,UK,Chennai,TRUE,CASHBACK CREDITED,2017.0,218531.47825,Negative
2024-08-26,CREDIT,19.22,GBP,97.9446,-1641954.78,Walmart,Education,Books,India,Mumbai,TRUE,"REPEAT PURCHASE -- VERIFY
CONTACT SUPPORT",,357674.09027999995,Negative
2024-06-05,DEBIT,46.75,INR,1.0,-1639692.28,Walmart,Dining,Cafe,Canada,Pune,TRUE,PROMO APPLIED,,8882.5,Negative
2024-02-06,DEBIT,9.39,INR,1.0,-1713965.56,LocalMart,Groceries,Specialty,UK,Jaipur,TRUE,CASHBACK CREDITED,2024.0,1784.1000000000001,Negative
2023-10-29,DEBIT,30.83,USD,82.1664,-1641954.78,AutoZone,Automotive,Repair,Australia,Gurugram,TRUE,,2018.0,481306.12127999996,Negative
2024-09-30,DEBIT,9.18,INR,1.0,-2652949.78,Zomato,Groceries,Specialty,UAE,Bengaluru,TRUE,REPEAT PURCHASE,2024.0,1744.2,Negative
2024-03-06,DEBIT,33.37,INR,1.0,-281494.57,Flipkart,Electronics,Mobile,USA,Mumbai,TRUE,REPEAT PURCHASE,,6340.299999999999,Negative
2024-05-25,REFUND,32.55,AED,20.9292,-1162778.93,Zomato,Education,Books,Australia,Kolkata,TRUE,CHARGEBACK REQUESTED,,129436.63739999999,Negative
2024-03-28,REFUND,16.38,AED,19.0502,-1641954.78,Amazon,Travel,Flight,Canada,Noida,TRUE,"MONTHLY SUBSCRIPTION -- VERIFY
CONTACT SUPPORT",,59288.032439999995,Negative
2024-02-10,DEBIT,4.87,USD,73.4543,-2308504.27,AutoZone,Dining,Restaurant,USA,Jaipur,TRUE,MONTHLY SUBSCRIPTION,,67967.26379,Negative
2024-11-12,DEBIT,28.01,INR,1.0,-1199612.3,LocalMart,Groceries,Supermarket,UK,Kolkata,TRUE,,2016.0,5321.900000000001,Negative
2024-06-18,DEBIT,7.01,GBP,93.5409,-1641954.78,Zomato,Dining,FastFood,Australia,Delhi,TRUE,CASHBACK CREDITED,,124587.12470999999,Negative
2025-03-24,CREDIT,6.9,GBP ,106.1186,-2308501.83,ShopEasy,Dining,FastFood,India,Gurugram,TRUE,CHARGEBACK REQUESTED,,139121.4846,Negative
2024-04-22,DEBIT,33.37,INR,1.0,-1008922.24,Reliance,Entertainment,Streaming,Canada,Bengaluru,TRUE,CASHBACK CREDITED,2018.0,6340.299999999999,Negative
2024-02-28,DEBIT,33.37,USD,74.2125,-1641954.78,Paytm Mall,Travel,Taxi,India,Delhi,TRUE,MANUAL ADJUSTMENT,2021.0,470529.51375,Negative
2025-07-31,DEBIT,3.92,USD,73.2021,-280486.08,Reliance,Travel,Hotel,UK,Noida,TRUE,CHARGEBACK REQUESTED,2019.0,54520.92408,Negative
2025-07-07,DEBIT,33.37,USD,77.1736,-975105.65,Zomato,Dining,Cafe,UAE,Hyderabad,TRUE,MONTHLY SUBSCRIPTION,2016.0,489303.77607999987,Negative
2024-10-14,CREDIT,35.99,GBP,90.5074,-2623182.08,Zomato,Electronics,Laptop,UK,Chennai,TRUE,,,618898.65194,Negative
2025-08-13,REFUND,51.48,USD,78.8773,-1773974.96,ElectroWorld,Dining,FastFood,Australia,Pune,TRUE,CASHBACK CREDITED,,771514.64676,Negative
2025-08-15,CREDIT,74.04,INRR,1.0,-1200013.2,ElectroWorld,Electronics,Mobile,UK,Mumbai,TRUE,CHARGEBACK REQUESTED,2025.0,14067.6,Negative
2024-09-05,DEBIT,3372.06,GBP,93.1657,-165792.96,Reliance,Entertainment,Movies,Australia,Noida,TRUE,,,59690462.76498,Negative
2025-07-31,CREDIT,10.05,USD,78.7772,-2118158.91,Paytm Mall,Health,Clinic,India,Pune,TRUE,MANUAL ADJUSTMENT,2025.0,150425.0634,Negative
2023-09-30,REFUND,33.37,INR,1.0,-1889635.68,Zomato,Travel,Flight,India,Noida,TRUE,CASHBACK CREDITED,,6340.299999999999,Negative
2025-01-06,REFUND,43.76,INR,1.0,-159541.63,Reliance,Clothing,Men,UK,Chennai,TRUE,CASHBACK CREDITED,,8314.4,Negative
2024-04-17,DEBIT,9.15,USD,81.2975,-1641954.78,Myntra,Travel,Taxi,Australia,Hyderabad,TRUE,,,141335.70375,Negative
2024-01-22,DEBIT,33.37,USD,79.3007,-1412968.24,Starbucks,Electronics,Mobile,Canada,Chennai,TRUE,PROMO APPLIED,,502790.22821,Negative
2025-01-24,DEBIT,5.88,INR,1.0,-556682.74,ShopEasy,Entertainment,Concert,USA,Chennai,TRUE,CHARGEBACK REQUESTED,2016.0,1117.2,Negative
2025-06-20,REFUND,174.42,USD,81.569,-1641954.78,Swiggy,Education,Course,UK,Jaipur,TRUE,MANUAL ADJUSTMENT,2024.0,2703180.3462,Negative
2024-08-23,DEBIT,27.62,INR,1.0,-1641954.78,Amazon,Travel,Hotel,UK,Delhi,TRUE,PROMO APPLIED,2021.0,5247.8,Negative
2024-12-26,DEBIT,13.1,USD,77.1133,-1713320.67,ShopEasy,Health,Clinic,UAE,Gurugram,TRUE,MANUAL ADJUSTMENT,,191935.0037,Negative
2024-12-03,DEBIT,26.86,INR,1.0,-1412660.65,Zomato,Entertainment,Concert,UK,Kolkata,TRUE,PROMO APPLIED,2021.0,5103.4,Negative
2024-10-24,CREDIT,113.97,GBP,92.991,-1076140.34,ShopEasy,Automotive,Fuel,Canada,Bengaluru,TRUE,"PROMO APPLIED -- VERIFY
CONTACT SUPPORT",,2013655.0113,Negative
2025-03-30,DEBIT,153.29,USD,81.8495,-1807409.32,Myntra,Dining,Cafe,UK,Noida,TRUE,MANUAL ADJUSTMENT,,2383874.87245,Negative
2023-12-29,REFUND,10.23,INR,1.0,-1641954.78,Paytm Mall,Automotive,Fuel,USA,Kolkata,TRUE,CHARGEBACK REQUESTED,,1943.7,Negative
2023-10-06,CREDIT,9.72,GBP,92.5132,-1641954.78,Paytm Mall,Dining,FastFood,UK,Kolkata,TRUE,PROMO APPLIED,2015.0,170853.37776,Negative
2025-09-03,CREDIT,40.53,AED,21.1678,-1641954.78,ShopEasy,Automotive,Repair,Australia,Hyderabad,TRUE,,,163006.87746,Negative
2024-06-30,DEBIT,33.37,GBP,104.3226,-1641954.78,AutoZone,Dining,Cafe,Australia,Hyderabad,TRUE,,2024.0,661436.58078,Negative
2025-01-29,DEBIT,21.27,USD,72.9787,-1641954.78,Amazon,Education,Books,Australia,Delhi,TRUE,,,294928.82031000004,Negative
2024-08-31,REFUND,10.65,AED,18.0598,-1807571.71,AutoZone,Clothing,Men,UAE,Gurugram,TRUE,SUSPECTED FRAUD,,36544.005300000004,Negative
2025-05-30,DEBIT,23.63,USD,77.1829,-1641954.78,Swiggy,Health,Clinic,Canada,Hyderabad,TRUE,MONTHLY SUBSCRIPTION,2019.0,346528.06613,Negative
2025-03-20,CREDIT,9.69,USD,73.9523,-987624.99,ElectroWorld,Clothing,Women,India,Bengaluru,TRUE,MANUAL ADJUSTMENT,,136153.57953,Negative
2024-07-19,DEBIT,60.7,GBP,103.2106,-2653317.99,Reliance,Travel,Taxi,Canada,Delhi,TRUE,CASHBACK CREDITED,2018.0,1190327.8498,Negative
2025-03-31,DEBIT,33.37,GBP,103.8934,-2402703.8,ShopEasy,Education,Course,Canada,Noida,TRUE,CASHBACK CREDITED,,658715.32402,Negative
2024-12-06,DEBIT,33.37,AED,20.8533,-166456.41,Starbucks,Electronics,Accessory,Australia,Gurugram,TRUE,MANUAL ADJUSTMENT,,132216.17799,Negative
2024-01-17,DEBIT,80.45,INR,1.0,-1641954.78,Walmart,Electronics,Accessory,UAE,Mumbai,TRUE,MANUAL ADJUSTMENT,2016.0,15285.5,Negative
2025-01-05,DEBIT,2.31,GBP,94.1605,-1500912.1,BigBasket,Groceries,Supermarket,Canada,Mumbai,TRUE,CHARGEBACK REQUESTED,,41327.04345,Negative
2024-12-25,DEBIT,33.37,AED,21.5148,-1641954.78,Amazon,Utilities,Internet,Canada,Jaipur,TRUE,REPEAT PURCHASE,,136410.28644,Negative
2024-07-19,DEBIT,33.37,INR,1.0,-1288597.44,Starbucks,Entertainment,Streaming,Canada,Kolkata,TRUE,CASHBACK CREDITED,,6340.299999999999,Negative
2024-08-01,DEBIT,33.37,INR,1.0,-1130011.9,Reliance,Utilities,Water,UAE,Chennai,TRUE,SUSPECTED FRAUD,,6340.299999999999,Negative
2024-05-28,CREDIT,32.51,AED,18.2684,-974223.62,Paytm Mall,Clothing,Men,Canada,Hyderabad,TRUE,MANUAL ADJUSTMENT,,112842.07995999999,Negative
2025-02-05,DEBIT,124.09,INR,1.0,-1807709.56,ElectroWorld,Groceries,Specialty,Australia,Mumbai,TRUE,,,23577.100000000002,Negative
2025-08-16,REFUND,32.89,AED,19.7717,-1272967.18,AutoZone,Clothing,Men,UAE,Mumbai,TRUE,SUSPECTED FRAUD,,123555.33047,Negative
2024-05-11,REFUND,28.91,USD,72.3532,-1984887.82,Reliance,Education,Books,Canada,Kolkata,TRUE,CASHBACK CREDITED,,397428.89228000003,Negative
2023-12-29,CREDIT,10.03,INR,1.0,-2679491.08,Zomato,Groceries,Supermarket,USA,Kolkata,TRUE,CASHBACK CREDITED,,1905.6999999999998,Negative
2024-05-27,DEBIT,46.74,INR,1.0,-1641954.78,Flipkart,Groceries,Supermarket,Canada,Chennai,TRUE,MONTHLY SUBSCRIPTION,,8880.6,Negative
2025-08-12,DEBIT,13.82,AED,20.5424,-1935765.5,Reliance,Dining,Restaurant,Australia,Chennai,TRUE,,,53940.233920000006,Negative
2024-08-26,DEBIT,102.01,AED,19.1843,-1641954.78,Starbucks,Health,Pharmacy,UAE,Kolkata,TRUE,MONTHLY SUBSCRIPTION,,371828.18417,Negative
2023-12-22,DEBIT,2.71,AED,21.7454,-1935963.31,LocalMart,Education,Books,Australia,Chennai,TRUE,PROMO APPLIED,2016.0,11196.70646,Negative
2025-06-14,CREDIT,33.37,AED,20.2884,-2308454.73,Flipkart,Clothing,Men,UK,Mumbai,TRUE,CASHBACK CREDITED,2023.0,128634.54251999997,Negative
2024-06-23,DEBIT,14.02,USD,81.7501,-2237366.09,Paytm Mall,Automotive,Repair,Canada,Hyderabad,TRUE,,2022.0,217765.91638,Negative
2024-02-04,DEBIT,33.37,INR,1.0,-2625291.48,ShopEasy,Clothing,Women,UK,Chennai,TRUE,,2017.0,6340.299999999999,Negative
2025-04-16,DEBIT,67.33,USD,74.5761,-2119137.63,Walmart,Utilities,Electricity,UK,Pune,TRUE,CASHBACK CREDITED,2025.0,954029.6744699999,Negative
2024-06-15,DEBIT,69.35,AED,20.3435,-1641954.78,LocalMart,Travel,Taxi,India,Kolkata,TRUE,PROMO APPLIED,,268056.12775,Negative
2023-09-20,REFUND,80.98,USD,79.8965,-2825949.14,Walmart,Education,Books,Australia,Kolkata,TRUE,CASHBACK CREDITED,2021.0,1229303.5283000001,Negative
2025-06-19,DEBIT,26.0,GBP,94.7081,-1559525.95,AutoZone,Travel,Taxi,UAE,Pune,TRUE,SUSPECTED FRAUD,2026.0,467858.014,Negative
2025-03-03,REFUND,10.19,GBP,92.6065,-565140.89,LocalMart,Automotive,Fuel,India,Jaipur,TRUE,PROMO APPLIED,2021.0,179295.44465,Negative
2024-04-30,DEBIT,11.45,INR,1.0,-974401.24,LocalMart,Utilities,Electricity,India,Chennai,TRUE,PROMO APPLIED,2021.0,2175.5,Negative
2025-06-19,REFUND,8.57,USD,73.7325,-1163203.41,Swiggy,Entertainment,Streaming,USA,Gurugram,TRUE,CHARGEBACK REQUESTED,2018.0,120058.62975,Negative
2023-11-12,CREDIT,129.99,AED,21.4899,-2232012.51,Amazon,Entertainment,Movies,UK,Jaipur,TRUE,,,530759.69919,Negative
2024-09-17,DEBIT,33.37,INRR,1.0,-1483643.17,Starbucks,Clothing,Women,USA,Noida,TRUE,,,6340.299999999999,Negative
2023-11-29,DEBIT,9.82,GBP,107.2207,-1641954.78,ShopEasy,Groceries,Supermarket,UK,Jaipur,TRUE,SUSPECTED FRAUD,,200052.38205999997,Negative
2024-10-05,CREDIT,28.49,AED,18.7293,-1500868.05,Amazon,Groceries,Supermarket,UAE,Kolkata,TRUE,,,101383.57382999998,Negative
2025-07-27,CREDIT,106.26,GBP,92.607,-258157.72,Myntra,Groceries,Specialty,UK,Kolkata,TRUE,SUSPECTED FRAUD,,1869679.7658000002,Negative
2025-09-05,DEBIT,58.37,GBP,109.2352,-1641954.78,Zomato,Health,Pharmacy,Canada,Kolkata,TRUE,CASHBACK CREDITED,,1211451.13856,Negative
2023-10-13,DEBIT,131.07,USD,79.1929,-1931492.62,BigBasket,Dining,FastFood,UAE,Jaipur,TRUE,PROMO APPLIED,,1972164.5465699998,Negative
2024-09-05,DEBIT,6.04,USD,75.0299,-986129.25,Flipkart,Electronics,Laptop,UAE,Kolkata,TRUE,,2021.0,86104.31324,Negative
2023-11-30,CREDIT,142.68,INR,1.0,-1077740.43,ElectroWorld,Dining,Cafe,Australia,Delhi,TRUE,MANUAL ADJUSTMENT,,27109.2,Negative
2024-01-29,REFUND,6.43,USD,73.4025,-1284371.94,Myntra,Utilities,Water,UK,Delhi,TRUE,CHARGEBACK REQUESTED,,89675.83425,Negative
2025-04-17,DEBIT,33.67,AED ,19.9245,-434758.08,Flipkart,Groceries,Specialty,India,Pune,TRUE,CASHBACK CREDITED,,127463.00385,Negative
2024-05-18,REFUND,7.35,INR,1.0,-1641954.78,AutoZone,Dining,FastFood,UAE,Mumbai,TRUE,"MANUAL ADJUSTMENT -- VERIFY
CONTACT SUPPORT",,1396.5,Negative
2023-10-06,DEBIT,9.19,AED,19.2073,-1143071.25,AutoZone,Utilities,Electricity,Canada,Delhi,TRUE,MONTHLY SUBSCRIPTION,2016.0,33537.86653,Negative
2024-08-04,DEBIT,27.62,INR,1.0,-2119100.86,ShopEasy,Groceries,Supermarket,Canada,Mumbai,TRUE,MONTHLY SUBSCRIPTION,,5247.8,Negative
2025-05-12,DEBIT,247.86,USD,77.2131,-2463270.61,ShopEasy,Clothing,Men,Canada,Pune,TRUE,MONTHLY SUBSCRIPTION,,3636227.40354,Negative
2025-07-25,CREDIT,33.37,INR,1.0,-1641954.78,Starbucks,Electronics,Mobile,UAE,Bengaluru,TRUE,MONTHLY SUBSCRIPTION,,6340.299999999999,Negative
2024-09-12,CREDIT,45.46,AED,20.8892,-1641861.18,Walmart,Utilities,Water,UAE,Noida,TRUE,REPEAT PURCHASE,,180428.37608,Negative
2025-01-15,DEBIT,58.98,GBP,109.4609,-281083.9,Flipkart,Travel,Hotel,Canada,Jaipur,TRUE,MANUAL ADJUSTMENT,2024.0,1226640.7375799997,Negative
2024-11-18,DEBIT,8.93,USD,73.9966,-2466135.23,Swiggy,Clothing,Women,Australia,Chennai,TRUE,CASHBACK CREDITED,2026.0,125550.03121999999,Negative
2024-02-22,CREDIT,12.13,USD,75.6755,-1626382.26,Flipkart,Dining,Restaurant,India,Chennai,TRUE,REPEAT PURCHASE,,174409.32485,Negative
2024-04-26,DEBIT,42.62,INR,1.0,-2773539.83,BigBasket,Entertainment,Movies,Australia,Bengaluru,TRUE,MONTHLY SUBSCRIPTION,,8097.799999999999,Negative
2025-03-21,REFUND,49.47,AED,19.0203,-489886.86,Zomato,Education,Course,USA,Gurugram,TRUE,SUSPECTED FRAUD,,178777.50579,Negative
2024-03-07,CREDIT,147.47,,21.5387,-1500741.51,AutoZone,Clothing,Women,UK,Delhi,TRUE,SUSPECTED FRAUD,,603499.2969099999,Negative
2024-01-13,REFUND,46.72,INR,1.0,-2622987.0,LocalMart,Education,Books,Canada,Mumbai,TRUE,,,8876.8,Negative
2023-10-21,DEBIT,33.37,USD,74.2129,-1200383.89,LocalMart,Education,Books,Canada,Noida,TRUE,,,470532.04987,Negative
2024-07-30,DEBIT,33.37,USD,74.3093,-2494999.58,BigBasket,Dining,Restaurant,UK,Jaipur,TRUE,MONTHLY SUBSCRIPTION,2025.0,471143.2547899999,Negative
2025-05-05,REFUND,9.48,INR,1.0,-2902143.07,Amazon,Groceries,Specialty,USA,Chennai,TRUE,MONTHLY SUBSCRIPTION,2024.0,1801.2,Negative
2024-07-14,REFUND,9.56,USD,78.564,-258949.69,AutoZone,Automotive,Repair,USA,Gurugram,TRUE,CASHBACK CREDITED,,142703.6496,Negative
2025-01-15,CREDIT,53.47,AED,18.5253,-1641954.78,ShopEasy,Groceries,Specialty,UK,Pune,TRUE,REPEAT PURCHASE,,188204.08029,Negative
2025-03-03,DEBIT,10.73,GBP,98.2904,-2607554.4,Amazon,Education,Books,UAE,Chennai,TRUE,PROMO APPLIED,,200384.63848000002,Negative
2023-12-26,DEBIT,55.45,INR,1.0,-1641954.78,Amazon,Travel,Taxi,USA,Pune,TRUE,SUSPECTED FRAUD,,10535.5,Negative
2024-04-20,CREDIT,508.26,USD,74.8009,-2678640.93,AutoZone,Utilities,Internet,India,Noida,TRUE,REPEAT PURCHASE,,7223478.03246,Negative
2025-07-02,DEBIT,121.31,INR,1.0,-1931917.64,Paytm Mall,Groceries,Supermarket,Canada,Hyderabad,TRUE,CASHBACK CREDITED,2022.0,23048.9,Negative
2024-03-11,DEBIT,31.38,USD ,80.3892,-2118478.9,ElectroWorld,Groceries,Specialty,Australia,Chennai,TRUE,"CHARGEBACK REQUESTED -- VERIFY
CONTACT SUPPORT",,479296.48824000004,Negative
2024-04-22,CREDIT,33.37,USD,82.5601,-1270714.47,Walmart,Health,Pharmacy,UK,Hyderabad,TRUE,MONTHLY SUBSCRIPTION,,523455.80203,Negative
2024-08-03,DEBIT,33.37,GBP,96.3588,-1641954.78,Swiggy,Education,Course,UAE,Noida,TRUE,MANUAL ADJUSTMENT,,610943.69964,Negative
2024-08-31,DEBIT,33.37,AED,19.2894,-1624733.71,Starbucks,Utilities,Internet,India,Bengaluru,TRUE,CASHBACK CREDITED,,122300.58282,Negative
2025-09-02,REFUND,153.76,GBP,107.408,-1641954.78,Myntra,Groceries,Supermarket,UAE,Chennai,TRUE,MANUAL ADJUSTMENT,,3137860.2751999996,Negative
2025-07-05,CREDIT,39.11,INR,1.0,-2514704.97,AutoZone,Automotive,Fuel,USA,Bengaluru,TRUE,REPEAT PURCHASE,,7430.9,Negative
2024-10-14,CREDIT,4.29,INR,1.0,-441483.63,Paytm Mall,Entertainment,Concert,Australia,Mumbai,TRUE,SUSPECTED FRAUD,2022.0,815.1,Negative
2024-12-21,DEBIT,15.05,USD,81.7295,-2914165.65,Zomato,Education,Books,India,Pune,TRUE,PROMO APPLIED,,233705.50525000005,Negative
2024-03-02,DEBIT,33.37,INR,1.0,-2462846.4,Zomato,Education,Books,Australia,Bengaluru,TRUE,CASHBACK CREDITED,,6340.299999999999,Negative
2024-11-02,DEBIT,126.49,USD,79.4812,-1641954.78,Flipkart,Education,Books,UAE,Kolkata,TRUE,CASHBACK CREDITED,,1910179.6277199998,Negative
2025-02-12,DEBIT,67.37,GBP,97.4,-1641954.78,Myntra,Travel,Hotel,Canada,Kolkata,TRUE,MANUAL ADJUSTMENT,,1246749.2200000002,Negative
2025-03-18,CREDIT,33.37,AED,20.3076,-2626320.78,Starbucks,Clothing,Women,UK,Kolkata,TRUE,CHARGEBACK REQUESTED,2021.0,128756.27627999999,Negative
2023-12-09,DEBIT,3.02,USD,82.7014,-2254512.85,Zomato,Travel,Hotel,Australia,Mumbai,TRUE,SUSPECTED FRAUD,,47454.06332000001,Negative
2024-01-28,DEBIT,69.82,INR,1.0,-1169081.59,Reliance,Groceries,Specialty,Australia,Mumbai,TRUE,PROMO APPLIED,,13265.8,Negative
2024-10-03,CREDIT,33.37,AED,18.7995,-1271151.15,BigBasket,Dining,Restaurant,USA,Hyderabad,TRUE,,,119194.46985,Negative
2023-11-26,DEBIT,33.37,INR,1.0,-434809.09,Zomato,Automotive,Repair,UK,Noida,TRUE,MANUAL ADJUSTMENT,2019.0,6340.299999999999,Negative
2024-05-27,DEBIT,65.2,USD,80.9179,-1412626.26,Reliance,Automotive,Repair,India,Delhi,TRUE,,,1002410.9452000001,Negative
2024-01-05,DEBIT,33.37,GBP,94.6467,-2110479.01,LocalMart,Health,Clinic,Australia,Pune,TRUE,MONTHLY SUBSCRIPTION,,600088.4720099999,Negative
2024-01-12,DEBIT,390.67,INR,1.0,-1527606.7,Myntra,Utilities,Internet,USA,Pune,TRUE,PROMO APPLIED,,74227.3,Negative
2025-02-15,CREDIT,7.28,INR,1.0,-1641954.78,ElectroWorld,Electronics,Laptop,Canada,Gurugram,TRUE,,,1383.2,Negative
2025-06-30,DEBIT,24.25,USD,74.5793,-281926.04,BigBasket,Health,Clinic,UK,Kolkata,TRUE,SUSPECTED FRAUD,,343624.12475,Negative
2024-05-06,DEBIT,33.37,INR,1.0,-160112.49,Swiggy,Groceries,Specialty,UAE,Gurugram,TRUE,"MANUAL ADJUSTMENT -- VERIFY
CONTACT SUPPORT",,6340.299999999999,Negative
2024-07-29,REFUND,70.6,INR,1.0,-1641954.78,Swiggy,Health,Pharmacy,UK,Bengaluru,TRUE,,,13413.999999999998,Negative
2025-07-11,DEBIT,33.37,INR,1.0,-1131132.23,Flipkart,Health,Clinic,UAE,Kolkata,TRUE,MONTHLY SUBSCRIPTION,,6340.299999999999,Negative
2025-03-06,CREDIT,353.21,INR,1.0,-1641954.78,Paytm Mall,Dining,FastFood,Australia,Hyderabad,TRUE,CASHBACK CREDITED,,67109.9,Negative
2025-01-18,DEBIT,15.72,INR,1.0,-1163450.06,Walmart,Health,Pharmacy,UAE,Pune,TRUE,CHARGEBACK REQUESTED,,2986.8,Negative
2025-05-23,DEBIT,133.73,INR,1.0,-174396.66,Zomato,Automotive,Fuel,USA,Jaipur,TRUE,SUSPECTED FRAUD,2017.0,25408.699999999997,Negative
2024-03-20,DEBIT,33.37,AED,20.1954,-1483107.78,Paytm Mall,Electronics,Accessory,UK,Gurugram,TRUE,CASHBACK CREDITED,2015.0,128044.89461999999,Negative
2025-05-01,REFUND,33.37,INR,1.0,-2904132.14,AutoZone,Education,Books,UAE,Mumbai,TRUE,,,6340.299999999999,Negative
2024-06-07,DEBIT,261.54,GBP,93.8375,-2901601.04,Walmart,Utilities,Internet,India,Pune,TRUE,MONTHLY SUBSCRIPTION,2016.0,4663029.352500001,Negative
2024-02-17,CREDIT,7.0,INR,1.0,-1641954.78,Reliance,Education,Books,Australia,Delhi,TRUE,PROMO APPLIED,,1330.0,Negative
2025-05-07,CREDIT,205.97,GBP,107.5776,-260501.47,Zomato,Automotive,Fuel,UAE,Mumbai,TRUE,,2020.0,4209974.07168,Negative
2025-07-23,DEBIT,33.37,USD,82.2538,-2582869.94,LocalMart,Utilities,Water,UK,Delhi,TRUE,PROMO APPLIED,2020.0,521513.76813999994,Negative
2023-10-28,DEBIT,33.37,AED,18.4939,-1163395.02,Zomato,Electronics,Mobile,UK,Bengaluru,TRUE,CHARGEBACK REQUESTED,2015.0,117256.87417,Negative
2025-04-15,DEBIT,45.17,AED,18.151,-1935745.03,Amazon,Clothing,Women,UAE,Kolkata,TRUE,PROMO APPLIED,,155777.3273,Negative
2024-12-10,DEBIT,6.73,INR,1.0,-143624.23,ElectroWorld,Clothing,Men,UK,Chennai,TRUE,SUSPECTED FRAUD,,1278.7,Negative
2025-08-27,CREDIT,153.42,USD,81.9654,-175161.36,ElectroWorld,Education,Course,Canada,Chennai,TRUE,MANUAL ADJUSTMENT,,2389275.01692,Negative
2024-12-01,CREDIT,14.05,INR,1.0,-2085688.23,Amazon,Clothing,Men,UK,Pune,TRUE,PROMO APPLIED,,2669.5,Negative
2024-07-27,DEBIT,167.55,USD,76.5875,-2235131.57,BigBasket,Education,Books,Australia,Jaipur,TRUE,"SUSPECTED FRAUD -- VERIFY
CONTACT SUPPORT",,2438124.7687500003,Negative
2024-08-16,DEBIT,1.01,USD,79.016,-1705811.43,Paytm Mall,Groceries,Supermarket,Canada,Pune,TRUE,PROMO APPLIED,2021.0,15163.1704,Negative
2025-06-12,DEBIT,21.33,INRR,1.0,-1641954.78,Reliance,Travel,Flight,UAE,Noida,TRUE,CHARGEBACK REQUESTED,,4052.7,Negative
2025-01-10,DEBIT,6.67,USD,77.8764,-446849.19,Zomato,Automotive,Repair,India,Jaipur,TRUE,MANUAL ADJUSTMENT,2018.0,98692.76172000001,Negative
2025-05-17,CREDIT,15.15,INR,1.0,-276390.52,ElectroWorld,Electronics,Accessory,UK,Mumbai,TRUE,CHARGEBACK REQUESTED,,2878.5,Negative
2025-06-08,DEBIT,505.14,USD,77.0196,-279931.48,Paytm Mall,Dining,Restaurant,Australia,Hyderabad,TRUE,PROMO APPLIED,,7392079.34136,Negative
2025-04-01,DEBIT,33.37,INR,1.0,-1641954.78,Paytm Mall,Travel,Flight,India,Chennai,TRUE,CASHBACK CREDITED,,6340.299999999999,Negative
2024-07-09,REFUND,48.13,AED,21.551,-2236585.16,Myntra,Groceries,Specialty,USA,Hyderabad,TRUE,SUSPECTED FRAUD,,197077.4297,Negative
2024-02-17,DEBIT,21.74,USD,80.2499,-2452265.68,Paytm Mall,Dining,Restaurant,Canada,Delhi,TRUE,MONTHLY SUBSCRIPTION,,331480.23694,Negative
2024-04-19,REFUND,33.37,INR,1.0,-2118142.58,Amazon,Automotive,Repair,UAE,Delhi,TRUE,PROMO APPLIED,2017.0,6340.299999999999,Negative
2025-06-12,REFUND,24.29,USD,73.1076,-2903926.49,LocalMart,Education,Course,India,Delhi,TRUE,CHARGEBACK REQUESTED,,337398.88476,Negative
2024-01-22,CREDIT,11.79,AED,21.2403,-2933679.87,Paytm Mall,Entertainment,Movies,USA,Gurugram,TRUE,CHARGEBACK REQUESTED,,47580.396029999996,Negative
2025-05-20,DEBIT,59.18,USD,80.067,-1641954.78,LocalMart,Entertainment,Concert,UAE,Noida,TRUE,PROMO APPLIED,,900289.3613999998,Negative
2025-02-25,DEBIT,75.06,AED,19.3438,-175485.43,Flipkart,Dining,Restaurant,UK,Mumbai,TRUE,PROMO APPLIED,2021.0,275869.66932000004,Negative
2024-11-07,CREDIT,33.89,AED,21.7511,-1641954.78,Myntra,Electronics,Laptop,UAE,Hyderabad,TRUE,REPEAT PURCHASE,,140057.50801000002,Negative
2025-02-23,CREDIT,11.31,INR,1.0,-1557929.1,Myntra,Groceries,Specialty,USA,Gurugram,TRUE,CHARGEBACK REQUESTED,,2148.9,Negative
2025-05-17,DEBIT,3.12,AED,19.1178,-2825225.67,LocalMart,Travel,Flight,UAE,Mumbai,TRUE,,,11333.03184,Negative
2024-03-04,CREDIT,23.53,USD,76.3946,-2903217.92,Paytm Mall,Travel,Hotel,UAE,Mumbai,TRUE,CHARGEBACK REQUESTED,2017.0,341537.33822,Negative
2025-08-14,CREDIT,42.77,AED,20.4881,-1130902.5,Myntra,Education,Course,India,Kolkata,TRUE,PROMO APPLIED,,166492.44703,Negative
2024-07-14,CREDIT,9.88,INR,1.0,-2873422.22,Amazon,Health,Clinic,UAE,Kolkata,TRUE,SUSPECTED FRAUD,,1877.2,Negative
2023-10-27,DEBIT,14.43,INRR,1.0,-1641954.78,BigBasket,Groceries,Supermarket,Australia,Delhi,TRUE,,2026.0,2741.7,Negative
2025-04-28,CREDIT,5.91,USD,72.0079,-174329.8,Myntra,Clothing,Women,Australia,Jaipur,TRUE,SUSPECTED FRAUD,,80857.67091000002,Negative
2024-02-21,DEBIT,33.37,USD,75.4633,-277541.09,Starbucks,Travel,Hotel,USA,Delhi,TRUE,,2019.0,478459.96099,Negative
2025-04-22,DEBIT,94.21,GBP,91.1558,-1078115.5,Paytm Mall,Automotive,Repair,UK,Jaipur,TRUE,MANUAL ADJUSTMENT,2018.0,1631679.70442,Negative
2025-07-10,DEBIT,33.37,USD,75.2273,-1641954.78,BigBasket,Health,Pharmacy,India,Delhi,TRUE,CASHBACK CREDITED,2018.0,476963.65018999996,Negative
2024-07-10,DEBIT,7.07,USD,72.2379,-1642411.74,LocalMart,Groceries,Specialty,Canada,Kolkata,TRUE,,2022.0,97037.17107,Negative
2025-03-19,CREDIT,2.09,INR,1.0,-2904228.92,ShopEasy,Health,Pharmacy,India,Noida,TRUE,REPEAT PURCHASE,,397.09999999999997,Negative
2024-09-23,DEBIT,24.09,AED,18.8495,-2904092.04,BigBasket,Travel,Hotel,Canada,Delhi,TRUE,SUSPECTED FRAUD,2015.0,86276.04645,Negative
2025-06-11,CREDIT,33.37,INR,1.0,-1641954.78,ElectroWorld,Automotive,Repair,Canada,Noida,TRUE,SUSPECTED FRAUD,,6340.299999999999,Negative
2025-09-08,DEBIT,103.55,AED,18.6688,-2119597.66,Starbucks,Entertainment,Movies,UK,Pune,TRUE,SUSPECTED FRAUD,2016.0,367299.3056,Negative
2024-02-22,REFUND,26.34,GBP,97.284,-2481944.58,Reliance,Travel,Taxi,Australia,Mumbai,TRUE,SUSPECTED FRAUD,2025.0,486867.5064,Negative
2023-11-20,DEBIT,173.92,USD,73.0738,-528929.08,Zomato,Entertainment,Concert,UK,Mumbai,TRUE,CHARGEBACK REQUESTED,,2414709.10624,Negative
2024-07-08,DEBIT,15.33,USD,80.3828,-2467766.08,Zomato,Clothing,Men,UK,Jaipur,TRUE,REPEAT PURCHASE,2023.0,234130.98156000001,Negative
2024-07-11,CREDIT,13.55,USD,80.9978,-1198018.98,Swiggy,Education,Course,UK,Jaipur,TRUE,"REPEAT PURCHASE -- VERIFY
CONTACT SUPPORT",2016.0,208528.8361,Negative
2025-01-12,DEBIT,32.36,INR,1.0,-1214010.56,Starbucks,Groceries,Specialty,UAE,Bengaluru,TRUE,PROMO APPLIED,2016.0,6148.4,Negative
2024-07-26,REFUND,18.67,USD,81.9492,-2236854.31,BigBasket,Electronics,Accessory,UK,Delhi,TRUE,CASHBACK CREDITED,,290698.39716000005,Negative
2024-06-23,DEBIT,13.14,GBP,103.0018,-595138.56,ElectroWorld,Clothing,Women,UK,Delhi,TRUE,MANUAL ADJUSTMENT,,257154.29388000004,Negative
2025-09-11,DEBIT,16.55,INR,1.0,-2462996.11,Paytm Mall,Electronics,Mobile,Canada,Chennai,TRUE,CASHBACK CREDITED,,3144.5,Negative
2024-02-27,CREDIT,30.97,USD,73.0063,-595419.41,Walmart,Automotive,Repair,Canada,Chennai,TRUE,MANUAL ADJUSTMENT,,429590.97109,Negative
2023-12-22,CREDIT,11.32,AED,20.7422,-447469.98,Paytm Mall,Dining,Cafe,India,Jaipur,TRUE,PROMO APPLIED,,44612.32376,Negative
2025-02-04,DEBIT,173.49,AED,21.4569,-542657.95,Paytm Mall,Health,Pharmacy,USA,Mumbai,TRUE,REPEAT PURCHASE,,707285.9403900001,Negative
2024-07-02,REFUND,4.39,INR,1.0,-1162540.64,Paytm Mall,Health,Clinic,USA,Pune,TRUE,,,834.0999999999999,Negative
2024-11-29,DEBIT,33.37,INR,1.0,-1641954.78,Walmart,Health,Clinic,USA,Delhi,TRUE,MANUAL ADJUSTMENT,2023.0,6340.299999999999,Negative
2024-07-21,CREDIT,33.37,USD,81.2163,-145303.27,Flipkart,Electronics,Mobile,USA,Chennai,TRUE,MONTHLY SUBSCRIPTION,,514935.70689,Negative
2024-02-24,CREDIT,21.21,USD,78.4371,-1641954.78,Amazon,Clothing,Women,UK,Bengaluru,TRUE,PROMO APPLIED,,316093.66929,Negative
2024-06-03,CREDIT,71.77,USD,82.0702,-2775561.7,Reliance,Utilities,Water,India,Pune,TRUE,SUSPECTED FRAUD,2023.0,1119133.86826,Negative
2025-05-05,CREDIT,33.37,INR,1.0,-2515030.45,Amazon,Automotive,Fuel,India,Bengaluru,TRUE,CASHBACK CREDITED,,6340.299999999999,Negative
2023-12-22,REFUND,24.42,INR,1.0,-2466123.02,LocalMart,Entertainment,Movies,USA,Jaipur,TRUE,REPEAT PURCHASE,,4639.8,Negative
2023-11-16,REFUND,22.27,USD,77.8558,-2680213.32,AutoZone,Electronics,Laptop,Canada,Delhi,TRUE,MANUAL ADJUSTMENT,2018.0,329431.24654,Negative
2024-10-15,CREDIT,33.37,GBP,92.8738,-1000543.88,Amazon,Entertainment,Streaming,USA,Bengaluru,TRUE,SUSPECTED FRAUD,,588847.75414,Negative
2024-07-31,DEBIT,33.37,USD,79.2186,-2607505.02,Walmart,Health,Pharmacy,Canada,Hyderabad,TRUE,,,502269.68957999995,Negative
2023-11-21,DEBIT,14.81,INR,1.0,-1150627.1,ElectroWorld,Electronics,Accessory,India,Bengaluru,TRUE,SUSPECTED FRAUD,,2813.9,Negative
2024-05-20,REFUND,129.37,INR,1.0,-165890.49,Flipkart,Entertainment,Movies,Canada,Pune,TRUE,REPEAT PURCHASE,,24580.3,Negative
2024-08-30,CREDIT,14.09,INR,1.0,-1705734.67,Flipkart,Electronics,Mobile,Canada,Pune,TRUE,REPEAT PURCHASE,,2677.1,Negative
2025-02-07,CREDIT,95.99,AED ,20.5517,-1270656.22,Zomato,Groceries,Specialty,Australia,Kolkata,TRUE,MONTHLY SUBSCRIPTION,,374823.95976999996,Negative
2025-02-05,DEBIT,237.75,INRR,1.0,-1200288.72,LocalMart,Entertainment,Concert,UK,Delhi,TRUE,REPEAT PURCHASE,,45172.5,Negative
2023-09-18,CREDIT,43.72,AED,19.4576,-1774496.27,Reliance,Electronics,Mobile,USA,Jaipur,TRUE,CHARGEBACK REQUESTED,,161630.39167999997,Negative
2025-08-06,DEBIT,21.6,USD,74.4629,-1641954.78,AutoZone,Entertainment,Streaming,USA,Jaipur,TRUE,REPEAT PURCHASE,2024.0,305595.7416,Negative
2023-12-24,DEBIT,41.83,AED,20.2854,-1170547.45,LocalMart,Health,Pharmacy,India,Bengaluru,TRUE,MONTHLY SUBSCRIPTION,,161222.27358,Negative
2024-01-11,REFUND,73.59,GBP,93.5408,-2481787.37,ShopEasy,Dining,Restaurant,UK,Jaipur,TRUE,PROMO APPLIED,2023.0,1307896.8196800002,Negative
2024-04-05,CREDIT,17.09,USD,76.0861,-987295.46,Swiggy,Electronics,Mobile,Australia,Chennai,TRUE,,,247059.17531000002,Negative
2025-04-21,CREDIT,33.37,INR,1.0,-2237073.63,Flipkart,Entertainment,Concert,Australia,Mumbai,TRUE,MONTHLY SUBSCRIPTION,,6340.299999999999,Negative
2024-10-20,CREDIT,1.3,INR,1.0,-281953.68,Flipkart,Clothing,Men,India,Pune,TRUE,REPEAT PURCHASE,,247.0,Negative
2025-02-27,DEBIT,80.88,INR,1.0,-1935624.35,Myntra,Automotive,Repair,UK,Pune,TRUE,,,15367.199999999999,Negative
2023-10-23,DEBIT,16.86,AED,20.5794,-446630.13,AutoZone,Education,Books,Canada,Kolkata,TRUE,MONTHLY SUBSCRIPTION,,65924.04996,Negative
2024-09-03,CREDIT,6.11,INR,1.0,-440794.98,Myntra,Health,Pharmacy,UK,Gurugram,TRUE,CASHBACK CREDITED,,1160.9,Negative
2025-06-12,CREDIT,33.37,AED,21.6372,-1991189.82,Zomato,Entertainment,Movies,USA,Chennai,TRUE,REPEAT PURCHASE,2023.0,137186.33915999997,Negative
2025-03-30,REFUND,5.12,INR,1.0,-595163.04,Walmart,Travel,Taxi,India,Delhi,TRUE,CHARGEBACK REQUESTED,,972.8000000000001,Negative
2025-04-27,CREDIT,24.16,INR,1.0,-2579234.98,ElectroWorld,Health,Pharmacy,Canada,Hyderabad,TRUE,MONTHLY SUBSCRIPTION,2024.0,4590.4,Negative
2024-04-18,DEBIT,12.89,USD,82.4358,-1483469.56,Amazon,Utilities,Electricity,Australia,Kolkata,TRUE,PROMO APPLIED,,201893.51778,Negative
2024-01-17,REFUND,28.19,USD,77.4323,-1150728.45,BigBasket,Education,Course,Canada,Chennai,TRUE,MANUAL ADJUSTMENT,,414735.14203000005,Negative
2024-09-29,CREDIT,253.6,GBP,97.777,-1641954.78,BigBasket,Travel,Taxi,UAE,Hyderabad,TRUE,PROMO APPLIED,2021.0,4711286.967999999,Negative
2024-05-15,REFUND,45.26,USD,79.7126,-1561265.63,Swiggy,Automotive,Fuel,UK,Gurugram,TRUE,REPEAT PURCHASE,,685480.53244,Negative
2024-10-11,CREDIT,33.37,INR,1.0,-2463619.21,AutoZone,Travel,Hotel,UAE,Chennai,TRUE,SUSPECTED FRAUD,,6340.299999999999,Negative
2023-10-15,REFUND,7.62,USD,79.5543,-977225.16,BigBasket,Electronics,Mobile,UAE,Noida,TRUE,MONTHLY SUBSCRIPTION,,115178.71553999999,Negative
2024-05-18,CREDIT,43.36,INR,1.0,-986075.53,Swiggy,Dining,FastFood,UK,Delhi,TRUE,,2021.0,8238.4,Negative
2025-02-19,DEBIT,33.37,GBP,109.9684,-1557397.79,Starbucks,Electronics,Laptop,Australia,Chennai,TRUE,PROMO APPLIED,,697232.64652,Negative
2025-05-23,DEBIT,13.78,INR,1.0,-203917.75,Swiggy,Travel,Taxi,Australia,Hyderabad,TRUE,REPEAT PURCHASE,,2618.2,Negative
2024-03-30,CREDIT,17.19,INR,1.0,-974157.43,Zomato,Groceries,Supermarket,UAE,Delhi,TRUE,,,3266.1000000000004,Negative
2023-11-08,DEBIT,162.55,INR,1.0,-1642408.21,LocalMart,Health,Pharmacy,UK,Gurugram,TRUE,REPEAT PURCHASE,,30884.500000000004,Negative
2024-06-23,CREDIT,17.0,USD,75.1854,-481720.6,LocalMart,Utilities,Internet,USA,Gurugram,TRUE,SUSPECTED FRAUD,2017.0,242848.842,Negative
2024-02-17,DEBIT,76.54,GBP,91.4183,-540723.95,AutoZone,Clothing,Women,UK,Chennai,TRUE,MANUAL ADJUSTMENT,,1329459.76958,Negative
2024-01-19,DEBIT,32.08,AED,19.5042,-1197992.84,ElectroWorld,Education,Books,India,Kolkata,TRUE,MANUAL ADJUSTMENT,,118881.99984,Negative
2024-08-19,DEBIT,15.88,USD,72.3759,-1641954.78,Flipkart,Clothing,Men,UAE,Hyderabad,TRUE,CASHBACK CREDITED,,218372.56548000002,Negative
2025-05-16,DEBIT,36.75,INR,1.0,-2122249.57,Flipkart,Health,Clinic,UK,Kolkata,TRUE,CASHBACK CREDITED,,6982.5,Negative
2025-03-23,DEBIT,60.4,USD,78.7625,-2464163.11,Flipkart,Dining,Cafe,USA,Jaipur,TRUE,CASHBACK CREDITED,2023.0,903878.4500000001,Negative
2024-10-09,DEBIT,33.37,INR,1.0,-965358.92,AutoZone,Health,Pharmacy,Australia,Mumbai,TRUE,CASHBACK CREDITED,,6340.299999999999,Negative
2023-10-06,DEBIT,33.37,GBP,101.4792,-1808667.38,Walmart,Entertainment,Streaming,Australia,Mumbai,TRUE,PROMO APPLIED,,643408.5717600001,Negative
2023-11-09,DEBIT,33.37,INR,1.0,-1025156.47,Paytm Mall,Dining,Restaurant,UK,Kolkata,TRUE,PROMO APPLIED,2019.0,6340.299999999999,Negative
2024-07-07,DEBIT,33.37,USD,78.6469,-985944.85,LocalMart,Groceries,Specialty,India,Hyderabad,TRUE,MANUAL ADJUSTMENT,2025.0,498644.94006999995,Negative
2025-04-24,DEBIT,33.37,GBP,102.801,-2118762.31,Zomato,Education,Books,Australia,Bengaluru,TRUE,REPEAT PURCHASE,,651789.1803,Negative
2025-05-01,DEBIT,33.37,USD,78.2049,-2653571.55,Zomato,Education,Course,Australia,Chennai,TRUE,,2019.0,495842.5274699999,Negative
2025-04-05,DEBIT,41.7,INR,1.0,-1641954.78,BigBasket,Travel,Flight,UK,Kolkata,TRUE,CHARGEBACK REQUESTED,,7923.000000000001,Negative
2024-11-10,CREDIT,139.86,INR,1.0,-1675595.59,Flipkart,Electronics,Mobile,USA,Mumbai,TRUE,MONTHLY SUBSCRIPTION,,26573.4,Negative
2025-05-10,CREDIT,15.18,INR,1.0,-1131508.96,Starbucks,Entertainment,Streaming,USA,Kolkata,TRUE,CHARGEBACK REQUESTED,,2884.2,Negative
2024-10-07,CREDIT,45.28,USD,78.8139,-542744.98,ElectroWorld,Electronics,Laptop,India,Chennai,TRUE,PROMO APPLIED,,678051.74448,Negative
2025-04-30,CREDIT,1.41,USD,82.5343,-2236588.54,Flipkart,Utilities,Water,UAE,Kolkata,TRUE,"CASHBACK CREDITED -- VERIFY
CONTACT SUPPORT",,22110.93897,Negative
2023-12-16,CREDIT,24.56,AED,18.5635,-1641954.78,Swiggy,Dining,Cafe,USA,Chennai,TRUE,REPEAT PURCHASE,,86624.7164,Negative
2025-07-24,CREDIT,138.79,USD,80.7774,-1641954.78,BigBasket,Health,Clinic,UAE,Hyderabad,TRUE,CHARGEBACK REQUESTED,,2130108.11574,Negative
2023-11-06,REFUND,6.83,AED,20.8121,-1937205.64,Starbucks,Utilities,Electricity,UK,Chennai,TRUE,CASHBACK CREDITED,2018.0,27007.862170000004,Negative
2025-06-17,CREDIT,14.17,AED,20.4185,-1705727.63,Amazon,Health,Clinic,India,Jaipur,TRUE,CASHBACK CREDITED,2017.0,54972.72755,Negative
2024-12-06,DEBIT,27.76,USD,72.7396,-175976.1,Myntra,Groceries,Specialty,India,Delhi,TRUE,CHARGEBACK REQUESTED,2018.0,383657.74624,Negative
2024-07-06,DEBIT,36.54,AED,18.037,-1559638.41,LocalMart,Education,Course,UAE,Gurugram,TRUE,REPEAT PURCHASE,2015.0,125223.67619999999,Negative
2023-12-07,DEBIT,51.83,GBP,96.0744,-1935739.59,Walmart,Dining,FastFood,India,Delhi,TRUE,PROMO APPLIED,,946111.86888,Negative
2025-03-12,CREDIT,17.54,USD,77.6939,-144849.69,Paytm Mall,Groceries,Specialty,India,Noida,TRUE,CASHBACK CREDITED,2021.0,258922.69113999998,Negative
2024-02-11,DEBIT,31.82,USD,73.7343,-490140.44,BigBasket,Automotive,Repair,UAE,Jaipur,TRUE,PROMO APPLIED,,445782.83094,Negative
2024-07-16,CREDIT,186.77,AED,21.3545,-1641954.78,Paytm Mall,Dining,FastFood,Canada,Hyderabad,TRUE,MANUAL ADJUSTMENT,2021.0,757792.1933500001,Negative
2025-05-11,REFUND,3.36,INR,1.0,-1641998.66,Walmart,Entertainment,Streaming,Canada,Noida,TRUE,REPEAT PURCHASE,,638.4,Negative
2024-09-22,CREDIT,70.49,AED,20.4567,-1617140.34,Swiggy,Automotive,Repair,USA,Noida,TRUE,CASHBACK CREDITED,,273978.62877,Negative
2025-06-02,DEBIT,433.86,AED,18.4118,-1641954.78,Reliance,Entertainment,Concert,UAE,Gurugram,TRUE,REPEAT PURCHASE,,1517747.27412,Negative
2024-03-03,CREDIT,33.37,USD,78.6739,-1641954.78,Amazon,Health,Pharmacy,Australia,Bengaluru,TRUE,MONTHLY SUBSCRIPTION,,498816.12817,Negative
2024-01-30,CREDIT,33.37,USD,76.9569,-2933763.36,Reliance,Electronics,Laptop,UAE,Noida,TRUE,SUSPECTED FRAUD,,487929.83306999994,Negative
2025-07-28,REFUND,16.93,USD,72.2687,-529954.47,LocalMart,Groceries,Specialty,UAE,Pune,TRUE,SUSPECTED FRAUD,,232466.72728999998,Negative
2024-02-23,DEBIT,28.33,GBP,94.0094,-175535.44,BigBasket,Electronics,Mobile,Canada,Jaipur,TRUE,MONTHLY SUBSCRIPTION,2021.0,506024.39738,Negative
2024-01-04,REFUND,33.37,INR,1.0,-2466355.54,Amazon,Entertainment,Streaming,USA,Delhi,TRUE,,,6340.299999999999,Negative
2024-08-30,DEBIT,32.47,INR,1.0,-490329.87,Myntra,Health,Clinic,UK,Pune,TRUE,CHARGEBACK REQUESTED,,6169.3,Negative
2024-05-19,DEBIT,2.78,INR,1.0,-2208530.99,AutoZone,Health,Pharmacy,Canada,Gurugram,TRUE,,2023.0,528.1999999999999,Negative
2024-12-25,CREDIT,47.76,INR,1.0,-2583093.24,BigBasket,Utilities,Internet,USA,Kolkata,TRUE,PROMO APPLIED,,9074.4,Negative
2024-03-22,DEBIT,56.24,INR,1.0,-1714880.31,Walmart,Entertainment,Streaming,USA,Gurugram,TRUE,,2018.0,10685.6,Negative
2024-04-04,REFUND,33.37,AED,19.1922,-1675513.37,AutoZone,Electronics,Accessory,UK,Hyderabad,TRUE,CASHBACK CREDITED,,121684.30565999998,Negative
2024-08-01,CREDIT,32.68,USD,78.2388,-2112421.0,AutoZone,Clothing,Men,UK,Kolkata,TRUE,MONTHLY SUBSCRIPTION,,485800.35696,Negative
2025-02-05,DEBIT,7.95,USD,79.8088,-2514337.13,BigBasket,Education,Course,UAE,Bengaluru,TRUE,SUSPECTED FRAUD,,120551.1924,Negative
2024-04-18,DEBIT,13.89,INR,1.0,-2868665.43,Reliance,Health,Clinic,Australia,Gurugram,TRUE,SUSPECTED FRAUD,2017.0,2639.1,Negative
2025-02-05,REFUND,5.08,AED,19.6731,-1641954.78,Myntra,Clothing,Men,Australia,Jaipur,TRUE,REPEAT PURCHASE,2022.0,18988.476120000003,Negative
2025-01-09,CREDIT,11.41,GBP,95.743,-2254432.74,Reliance,Entertainment,Movies,India,Noida,TRUE,CASHBACK CREDITED,,207561.2497,Negative
2023-09-29,CREDIT,33.37,USD,82.8029,-1641954.78,Paytm Mall,Entertainment,Concert,Australia,Jaipur,TRUE,,2015.0,524995.2268699999,Negative
2024-09-23,CREDIT,60.11,INR,1.0,-1641954.78,Flipkart,Dining,Cafe,UK,Jaipur,TRUE,CASHBACK CREDITED,2016.0,11420.9,Negative
2025-06-20,DEBIT,11.1,INR,1.0,-2921968.12,LocalMart,Education,Books,USA,Jaipur,TRUE,SUSPECTED FRAUD,,2109.0,Negative
2024-11-13,CREDIT,95.62,INR,1.0,-542435.1,Zomato,Clothing,Women,Australia,Noida,TRUE,MONTHLY SUBSCRIPTION,,18167.8,Negative
2025-01-14,CREDIT,77.57,USD,76.2979,-2626379.67,LocalMart,Education,Course,Canada,Delhi,TRUE,SUSPECTED FRAUD,,1124501.3395699998,Negative
2024-08-16,DEBIT,1.29,GBP,104.4083,-1143523.22,BigBasket,Groceries,Specialty,USA,Bengaluru,TRUE,MANUAL ADJUSTMENT,,25590.47433,Negative
2025-04-05,DEBIT,11.91,INR,1.0,-2678646.88,Flipkart,Clothing,Men,UK,Bengaluru,TRUE,,,2262.9,Negative
2024-11-04,CREDIT,5.26,INR,1.0,-2119578.12,Reliance,Automotive,Fuel,USA,Chennai,TRUE,MANUAL ADJUSTMENT,2025.0,999.4,Negative
2025-05-29,DEBIT,63.94,INR,1.0,-1641954.78,Starbucks,Clothing,Women,Australia,Jaipur,TRUE,PROMO APPLIED,2019.0,12148.6,Negative
2024-11-01,DEBIT,264.38,AED,18.1336,-1641954.78,Swiggy,Entertainment,Movies,UAE,Bengaluru,TRUE,MANUAL ADJUSTMENT,,910890.6219200001,Negative
2025-03-01,DEBIT,33.37,USD,76.8535,-542373.83,Paytm Mall,Utilities,Electricity,Australia,Bengaluru,TRUE,,,487274.2460499999,Negative
2025-08-12,DEBIT,29.6,GBP,98.7555,-1642326.93,Paytm Mall,Health,Clinic,India,Pune,TRUE,SUSPECTED FRAUD,2019.0,555400.932,Negative
2024-04-08,CREDIT,32.69,INR,1.0,-2678675.98,Reliance,Clothing,Men,UAE,Jaipur,TRUE,SUSPECTED FRAUD,,6211.099999999999,Negative
2025-03-29,REFUND,181.68,AED,20.6451,-1807331.84,Flipkart,Groceries,Supermarket,Canada,Chennai,TRUE,REPEAT PURCHASE,,712652.33592,Negative
2025-09-10,DEBIT,4.72,USD,77.4542,-2902379.68,ShopEasy,Electronics,Accessory,India,Kolkata,TRUE,MONTHLY SUBSCRIPTION,,69460.92655999999,Negative
2023-12-24,REFUND,24.35,GBP,94.2787,-2514808.37,Walmart,Groceries,Supermarket,UK,Chennai,TRUE,REPEAT PURCHASE,,436180.40555,Negative
2024-03-04,DEBIT,45.53,USD,76.0029,-1199188.92,Amazon,Clothing,Women,India,Chennai,TRUE,PROMO APPLIED,,657478.28703,Negative
2025-02-12,CREDIT,143.7,GBP ,105.4787,-1641464.42,Amazon,Health,Clinic,Australia,Bengaluru,TRUE,PROMO APPLIED,,2879884.9461,Negative
2024-02-19,DEBIT,245.38,INR,1.0,-281913.91,ElectroWorld,Travel,Flight,UAE,Pune,TRUE,PROMO APPLIED,,46622.2,Negative
2024-04-28,CREDIT,22.5,USD,74.6078,-155527.14,ElectroWorld,Utilities,Water,UAE,Noida,TRUE,CHARGEBACK REQUESTED,,318948.345,Negative
2024-08-30,DEBIT,33.37,INR,1.0,-490742.28,Reliance,Dining,Restaurant,USA,Noida,TRUE,REPEAT PURCHASE,,6340.299999999999,Negative
2025-03-13,CREDIT,127.6,INR,1.0,-1170605.45,Reliance,Health,Clinic,USA,Delhi,TRUE,PROMO APPLIED,,24244.0,Negative
2023-09-28,DEBIT,131.42,AED,20.8943,-1008324.45,Amazon,Clothing,Women,Australia,Bengaluru,TRUE,"MONTHLY SUBSCRIPTION -- VERIFY
CONTACT SUPPORT",,521726.49214000005,Negative
2025-06-05,CREDIT,45.47,INR,1.0,-2538922.9,Zomato,Automotive,Repair,USA,Chennai,TRUE,REPEAT PURCHASE,,8639.3,Negative
2023-09-13,REFUND,3.01,INR,1.0,-554622.43,Starbucks,Health,Pharmacy,India,Chennai,TRUE,SUSPECTED FRAUD,,571.9,Negative
2025-02-22,DEBIT,173.15,USD,76.6164,-2874006.25,BigBasket,Groceries,Supermarket,USA,Hyderabad,TRUE,,,2520564.6354,Negative
2024-06-27,DEBIT,370.95,GBP,93.4564,-974839.79,Myntra,Entertainment,Movies,Canada,Kolkata,TRUE,PROMO APPLIED,,6586853.8001999995,Negative
2025-02-16,DEBIT,2.11,INR,1.0,-1199676.57,Amazon,Dining,FastFood,Canada,Chennai,TRUE,SUSPECTED FRAUD,2019.0,400.9,Negative
2025-05-07,DEBIT,28.98,USD,73.4854,-595544.81,ElectroWorld,Entertainment,Concert,UK,Pune,TRUE,SUSPECTED FRAUD,2023.0,404625.30947999994,Negative
2024-12-28,DEBIT,168.46,INR,1.0,-2238454.37,AutoZone,Entertainment,Streaming,India,Bengaluru,TRUE,PROMO APPLIED,,32007.4,Negative
2024-12-03,DEBIT,33.37,AED,19.1394,-1641954.78,AutoZone,Electronics,Accessory,Australia,Pune,TRUE,SUSPECTED FRAUD,,121349.53781999998,Negative
2025-04-05,REFUND,16.64,INR,1.0,-1214351.85,Amazon,Automotive,Repair,UK,Kolkata,TRUE,,,3161.6,Negative
2024-01-13,DEBIT,32.98,USD,77.9089,-1641954.78,Walmart,Entertainment,Movies,Australia,Pune,TRUE,SUSPECTED FRAUD,,488192.7491799999,Negative
2024-07-05,DEBIT,8.05,INR,1.0,-2775578.04,Swiggy,Clothing,Women,UAE,Gurugram,TRUE,CASHBACK CREDITED,,1529.5000000000002,Negative
2024-05-28,DEBIT,40.99,INR,1.0,-1641954.78,Reliance,Dining,Restaurant,Canada,Gurugram,TRUE,SUSPECTED FRAUD,,7788.1,Negative
2025-04-17,REFUND,2.06,INRR,1.0,-2065827.92,Zomato,Electronics,Mobile,Canada,Gurugram,TRUE,MONTHLY SUBSCRIPTION,,391.40000000000003,Negative
2025-01-26,CREDIT,61.95,INR,1.0,-159491.51,Myntra,Entertainment,Movies,Canada,Noida,TRUE,,2019.0,11770.5,Negative
2024-08-09,DEBIT,68.89,GBP ,108.8107,-175081.74,Flipkart,Education,Course,Australia,Jaipur,TRUE,MONTHLY SUBSCRIPTION,,1424234.13337,Negative
2024-01-03,CREDIT,6.14,INR,1.0,-2669884.19,Walmart,Automotive,Fuel,UK,Gurugram,TRUE,CHARGEBACK REQUESTED,,1166.6,Negative
2024-06-01,REFUND,398.98,USD,72.9681,-1168306.71,Starbucks,Utilities,Electricity,India,Mumbai,TRUE,MANUAL ADJUSTMENT,2016.0,5531434.382220001,Negative
2024-08-11,CREDIT,81.12,GBP,108.9038,-2678362.33,BigBasket,Health,Pharmacy,USA,Mumbai,TRUE,,,1678512.48864,Negative
2023-12-08,DEBIT,11.33,INR,1.0,-2933438.06,BigBasket,Utilities,Internet,Australia,Gurugram,TRUE,MANUAL ADJUSTMENT,2015.0,2152.7,Negative
2024-06-15,DEBIT,102.47,INR,1.0,-1641954.78,Paytm Mall,Groceries,Specialty,Australia,Pune,TRUE,MONTHLY SUBSCRIPTION,,19469.3,Negative
2025-08-08,DEBIT,29.11,GBP,90.7641,-1163168.28,ShopEasy,Groceries,Supermarket,Australia,Jaipur,TRUE,,2018.0,502007.16069,Negative
2024-07-19,REFUND,217.42,GBP,105.023,-2873751.24,ShopEasy,Dining,Restaurant,UAE,Bengaluru,TRUE,REPEAT PURCHASE,,4338479.125399999,Negative
2024-03-26,REFUND,140.88,USD ,76.0577,-2308423.41,LocalMart,Electronics,Accessory,Australia,Jaipur,TRUE,MANUAL ADJUSTMENT,,2035851.6674399998,Negative
2023-11-22,CREDIT,107.2,AED,19.2049,-1641954.78,Paytm Mall,Automotive,Repair,UAE,Jaipur,TRUE,REPEAT PURCHASE,,391165.4032,Negative
2025-07-09,DEBIT,33.37,INR,1.0,-2774544.6,ElectroWorld,Travel,Taxi,Australia,Kolkata,TRUE,MONTHLY SUBSCRIPTION,,6340.299999999999,Negative
2025-02-13,REFUND,38.39,GBP,94.8386,-1130345.39,Swiggy,Clothing,Women,UAE,Pune,TRUE,REPEAT PURCHASE,,691762.23226,Negative
2024-09-25,REFUND,11.12,GBP ,100.6806,-1626944.18,AutoZone,Dining,Cafe,Canada,Mumbai,TRUE,,2024.0,212717.97168,Negative
2024-03-26,DEBIT,33.37,GBP,99.9431,-1270137.12,ShopEasy,Entertainment,Streaming,Canada,Kolkata,TRUE,REPEAT PURCHASE,,633669.2369299999,Negative
2024-09-22,DEBIT,10.48,AED,18.8335,-2463345.16,LocalMart,Clothing,Men,India,Chennai,TRUE,,,37501.2652,Negative
2024-07-24,DEBIT,41.38,USD,77.7639,-2308161.41,Paytm Mall,Dining,Cafe,Canada,Bengaluru,TRUE,REPEAT PURCHASE,2024.0,611395.3345800001,Negative
2025-04-11,CREDIT,134.43,INR,1.0,-2868672.38,LocalMart,Utilities,Electricity,UAE,Jaipur,TRUE,MANUAL ADJUSTMENT,,25541.7,Negative
2025-02-14,CREDIT,33.37,INR,1.0,-260065.33,LocalMart,Travel,Flight,UAE,Pune,TRUE,,2023.0,6340.299999999999,Negative
2025-05-20,CREDIT,38.87,AED,19.698,-596167.19,Reliance,Travel,Flight,USA,Chennai,TRUE,MANUAL ADJUSTMENT,2017.0,145475.6394,Negative
2024-01-29,DEBIT,32.55,GBP,104.0557,-2677876.56,LocalMart,Dining,FastFood,USA,Bengaluru,TRUE,,,643532.47665,Negative
2025-08-18,CREDIT,8.64,USD,77.4673,-1936080.75,AutoZone,Automotive,Repair,Canada,Noida,TRUE,SUSPECTED FRAUD,,127170.31967999999,Negative
2024-07-31,CREDIT,42.49,INR,1.0,-447090.71,BigBasket,Travel,Taxi,UK,Bengaluru,TRUE,SUSPECTED FRAUD,,8073.1,Negative
2025-02-21,DEBIT,32.73,INR,1.0,-1641954.78,AutoZone,Education,Books,Australia,Jaipur,TRUE,,2025.0,6218.7,Negative
2023-12-09,REFUND,19.78,INR,1.0,-593488.55,Paytm Mall,Education,Books,USA,Bengaluru,TRUE,PROMO APPLIED,,3758.2000000000003,Negative
2025-05-06,DEBIT,50.3,USD,73.5407,-2463684.95,Swiggy,Health,Clinic,Australia,Bengaluru,TRUE,,,702828.4699,Negative
2024-02-27,CREDIT,111.2,USD,81.4656,-2120432.27,Zomato,Entertainment,Concert,UAE,Bengaluru,TRUE,CASHBACK CREDITED,,1721205.1968,Negative
2024-09-02,REFUND,5.33,USD,82.201,-1284490.22,AutoZone,Dining,FastFood,Canada,Mumbai,TRUE,MONTHLY SUBSCRIPTION,,83244.9527,Negative
2024-11-08,CREDIT,76.04,USD,72.2637,-1653090.86,AutoZone,Automotive,Fuel,Canada,Pune,TRUE,CASHBACK CREDITED,,1044037.0321200002,Negative
2024-09-30,CREDIT,124.16,INR,1.0,-1849548.29,Paytm Mall,Travel,Taxi,UAE,Hyderabad,TRUE,MONTHLY SUBSCRIPTION,,23590.399999999998,Negative
2024-07-02,DEBIT,47.83,USD,77.2008,-2936185.3,Myntra,Clothing,Women,India,Chennai,TRUE,PROMO APPLIED,,701577.71016,Negative
2024-06-18,DEBIT,246.69,USD,82.3956,-2933912.84,Amazon,Entertainment,Movies,Canada,Gurugram,TRUE,CASHBACK CREDITED,,3861972.40716,Negative
2024-04-10,CREDIT,19.13,INR,1.0,-1559080.13,Amazon,Entertainment,Streaming,UAE,Delhi,TRUE,REPEAT PURCHASE,2020.0,3634.7,Negative
2025-02-13,DEBIT,33.37,GBP,95.1251,-1603472.68,ShopEasy,Groceries,Specialty,UAE,Chennai,TRUE,SUSPECTED FRAUD,2023.0,603121.67153,Negative
2023-10-03,REFUND,8.64,INR,1.0,-1000546.68,Walmart,Groceries,Supermarket,Canada,Jaipur,TRUE,CASHBACK CREDITED,,1641.6000000000001,Negative
2024-10-09,DEBIT,87.33,GBP,97.4304,-1641954.78,LocalMart,Health,Clinic,USA,Jaipur,TRUE,MONTHLY SUBSCRIPTION,,1616633.3980800002,Negative
2024-09-25,DEBIT,17.13,USD,78.7143,-1624742.27,Amazon,Education,Course,UAE,Gurugram,TRUE,CASHBACK CREDITED,,256191.43220999994,Negative
2023-10-06,CREDIT,33.37,GBP ,109.0121,-1641954.78,Paytm Mall,Education,Books,USA,Bengaluru,TRUE,SUSPECTED FRAUD,,691169.41763,Negative
2023-09-16,DEBIT,25.93,AED,18.7522,-1000863.78,BigBasket,Health,Pharmacy,India,Chennai,TRUE,REPEAT PURCHASE,2016.0,92386.46373999999,Negative
2024-06-05,DEBIT,33.37,USD,81.9868,-2254314.64,Swiggy,Travel,Hotel,UAE,Hyderabad,TRUE,REPEAT PURCHASE,,519820.90804,Negative
2025-04-05,CREDIT,21.87,INR,1.0,-2653494.55,AutoZone,Dining,Restaurant,UK,Hyderabad,TRUE,SUSPECTED FRAUD,2018.0,4155.3,Negative
2025-02-18,DEBIT,40.02,GBP,94.1037,-1641954.78,Reliance,Electronics,Mobile,Canada,Hyderabad,TRUE,CASHBACK CREDITED,,715545.71406,Negative
2023-10-23,DEBIT,24.31,INR,1.0,-1641954.78,Zomato,Electronics,Accessory,India,Noida,TRUE,,2016.0,4618.9,Negative
2024-08-24,REFUND,46.89,GBP,108.4514,-277775.72,AutoZone,Dining,Restaurant,Canada,Noida,TRUE,SUSPECTED FRAUD,2022.0,966204.36774,Negative
2025-05-08,REFUND,28.42,INR,1.0,-1270559.7,Swiggy,Health,Clinic,UK,Bengaluru,TRUE,MANUAL ADJUSTMENT,2024.0,5399.8,Negative
2025-06-25,DEBIT,33.37,USD,74.6604,-2874108.04,Zomato,Dining,Restaurant,USA,Delhi,TRUE,SUSPECTED FRAUD,2021.0,473369.3341199999,Negative
2025-06-02,DEBIT,33.37,AED,20.9985,-1871225.64,AutoZone,Travel,Flight,India,Gurugram,TRUE,MANUAL ADJUSTMENT,,133136.78955,Negative
2025-02-20,DEBIT,33.37,INR,1.0,-1602595.71,Swiggy,Education,Books,India,Chennai,TRUE,CHARGEBACK REQUESTED,,6340.299999999999,Negative
2023-12-13,DEBIT,11.84,INR,1.0,-2237726.75,Walmart,Clothing,Men,USA,Bengaluru,TRUE,CASHBACK CREDITED,2021.0,2249.6,Negative
2025-01-12,DEBIT,110.84,USD,74.3786,-2922498.78,AutoZone,Education,Course,India,Pune,TRUE,MANUAL ADJUSTMENT,2021.0,1566383.56456,Negative
2024-07-30,DEBIT,13.82,USD,74.0245,-1824371.94,Starbucks,Entertainment,Movies,India,Delhi,TRUE,CASHBACK CREDITED,2023.0,194373.5321,Negative
2025-04-10,DEBIT,33.37,INR,1.0,-1713228.27,Paytm Mall,Automotive,Repair,Canada,Noida,TRUE,MONTHLY SUBSCRIPTION,,6340.299999999999,Negative
2024-10-08,CREDIT,17.56,GBP,93.222,-976491.22,ShopEasy,Electronics,Mobile,UK,Chennai,TRUE,MONTHLY SUBSCRIPTION,,311025.8807999999,Negative
2025-05-21,CREDIT,11.17,AED,21.4059,-1641954.78,Walmart,Clothing,Men,India,Mumbai,TRUE,REPEAT PURCHASE,2020.0,45429.74157,Negative
2024-01-09,DEBIT,38.84,GBP,93.0532,-529866.73,Flipkart,Automotive,Fuel,Australia,Jaipur,TRUE,CHARGEBACK REQUESTED,,686695.3947200001,Negative
2024-11-19,DEBIT,313.55,INR,1.0,-1025313.24,Walmart,Clothing,Women,USA,Noida,TRUE,MANUAL ADJUSTMENT,,59574.5,Negative
2025-04-29,DEBIT,25.5,USD,76.5304,-175201.18,AutoZone,Entertainment,Streaming,USA,Bengaluru,TRUE,MANUAL ADJUSTMENT,,370789.788,Negative
2025-08-21,CREDIT,26.46,USD,78.9867,-965365.14,Walmart,Education,Books,USA,Pune,TRUE,CASHBACK CREDITED,2015.0,397097.73558,Negative
2025-06-21,DEBIT,33.37,AED,19.8844,-1889302.23,Swiggy,Automotive,Repair,Australia,Pune,TRUE,CHARGEBACK REQUESTED,,126073.06132,Negative
2024-12-02,DEBIT,15.97,GBP,95.2649,-1641954.78,ShopEasy,Education,Course,India,Noida,TRUE,MANUAL ADJUSTMENT,2017.0,289062.28607,Negative
2025-04-24,DEBIT,33.37,USD,77.3503,-1641954.78,Myntra,Education,Course,Canada,Noida,TRUE,REPEAT PURCHASE,,490424.10708999995,Negative
2025-04-18,CREDIT,42.36,INR,1.0,-2902377.32,Walmart,Clothing,Men,Canada,Kolkata,TRUE,MANUAL ADJUSTMENT,,8048.4,Negative
2023-09-24,DEBIT,3.92,INR ,1.0,-1270927.57,Paytm Mall,Education,Books,India,Noida,TRUE,PROMO APPLIED,,744.8,Negative
2024-11-28,REFUND,33.7,INR,1.0,-985805.73,ElectroWorld,Utilities,Electricity,India,Pune,TRUE,PROMO APPLIED,,6403.000000000001,Negative
2023-12-20,CREDIT,41.83,INR,1.0,-1130550.27,Walmart,Utilities,Internet,Australia,Noida,TRUE,CASHBACK CREDITED,,7947.7,Negative
2025-09-05,DEBIT,84.7,INR,1.0,-2538193.07,LocalMart,Entertainment,Streaming,Canada,Hyderabad,TRUE,,,16093.0,Negative
2025-09-09,DEBIT,33.37,AED,19.2549,-2868988.64,ShopEasy,Utilities,Internet,USA,Jaipur,TRUE,PROMO APPLIED,,122081.84246999999,Negative
2025-03-29,DEBIT,35.25,INR,1.0,-554584.2,LocalMart,Utilities,Internet,Canada,Jaipur,TRUE,REPEAT PURCHASE,2017.0,6697.5,Negative
2024-03-15,DEBIT,32.75,GBP,107.8689,-2237168.48,Reliance,Electronics,Laptop,UAE,Kolkata,TRUE,REPEAT PURCHASE,,671214.23025,Negative
2024-10-20,DEBIT,3.94,INR,1.0,-1169215.72,ShopEasy,Education,Course,UK,Noida,TRUE,CASHBACK CREDITED,2016.0,748.6,Negative
2024-05-30,DEBIT,30.66,AED,18.4746,-2119617.38,Reliance,Groceries,Specialty,Canada,Mumbai,TRUE,CASHBACK CREDITED,,107621.93484,Negative
2025-01-09,DEBIT,347.86,USD,81.3744,-1641954.78,Flipkart,Groceries,Specialty,UK,Noida,TRUE,SUSPECTED FRAUD,,5378310.76896,Negative
2024-07-25,CREDIT,78.25,USD,82.2626,-2874110.11,AutoZone,Electronics,Laptop,USA,Jaipur,TRUE,MONTHLY SUBSCRIPTION,2021.0,1223039.2055000002,Negative
2024-05-12,CREDIT,41.29,AED,20.4951,-1641954.78,Myntra,Electronics,Accessory,UAE,Kolkata,TRUE,,,160786.10901000001,Negative
2025-09-08,REFUND,233.71,INR,1.0,-1641954.78,Myntra,Automotive,Fuel,UK,Hyderabad,TRUE,REPEAT PURCHASE,,44404.9,Negative
2025-04-12,DEBIT,70.39,INR,1.0,-175986.27,BigBasket,Automotive,Repair,Australia,Noida,TRUE,,,13374.1,Negative
2024-07-23,CREDIT,239.7,INR,1.0,-1675920.42,LocalMart,Education,Books,Australia,Hyderabad,TRUE,PROMO APPLIED,,45543.0,Negative
2025-02-03,REFUND,60.7,AED,19.3369,-182773.86,Flipkart,Dining,Cafe,Australia,Noida,TRUE,PROMO APPLIED,,223012.4677,Negative
2025-03-26,DEBIT,166.36,USD,74.5058,-2875085.62,Swiggy,Travel,Flight,Australia,Gurugram,TRUE,MONTHLY SUBSCRIPTION,,2355009.12872,Negative
2024-11-19,DEBIT,34.49,INR,1.0,-1641954.78,Zomato,Clothing,Men,Canada,Pune,TRUE,,,6553.1,Negative
2025-07-21,CREDIT,33.37,USD,75.8634,-2538900.16,Paytm Mall,Education,Course,Canada,Kolkata,TRUE,CASHBACK CREDITED,2020.0,480996.71501999995,Negative
2025-04-06,CREDIT,19.99,INR,1.0,-1270666.21,AutoZone,Electronics,Accessory,Australia,Pune,TRUE,PROMO APPLIED,,3798.1,Negative
2024-12-07,DEBIT,53.12,GBP,108.9814,-1641954.78,LocalMart,Groceries,Supermarket,Canada,Mumbai,TRUE,SUSPECTED FRAUD,,1099927.47392,Negative
2025-02-09,CREDIT,14.82,AED,19.7098,-2118506.92,Myntra,Utilities,Electricity,India,Bengaluru,TRUE,SUSPECTED FRAUD,2016.0,55498.85484,Negative
2024-03-04,CREDIT,33.37,INR,1.0,-445389.82,Walmart,Entertainment,Concert,Canada,Jaipur,TRUE,,,6340.299999999999,Negative
2023-09-17,DEBIT,102.95,GBP,95.8149,-1641954.78,ShopEasy,Travel,Taxi,UK,Delhi,TRUE,PROMO APPLIED,2015.0,1874187.35145,Negative
2025-01-07,DEBIT,95.67,AED,21.8515,-1001138.36,Flipkart,Entertainment,Movies,UK,Bengaluru,TRUE,REPEAT PURCHASE,,397201.27095000003,Negative
2024-08-28,REFUND,790.93,INR,1.0,-1168889.67,Starbucks,Health,Pharmacy,India,Mumbai,TRUE,CASHBACK CREDITED,,150276.69999999998,Negative
2024-02-09,DEBIT,186.85,USD,75.7001,-2903983.53,Paytm Mall,Education,Books,UK,Chennai,TRUE,MANUAL ADJUSTMENT,,2687467.1001500003,Negative
2024-11-21,REFUND,17.42,USD,78.0498,-1870874.15,ElectroWorld,Utilities,Internet,Canada,Pune,TRUE,MONTHLY SUBSCRIPTION,,258329.22804000005,Negative
2023-09-20,DEBIT,33.37,USD,77.8383,-1651990.47,Walmart,Utilities,Water,USA,Kolkata,TRUE,CASHBACK CREDITED,,493518.17348999996,Negative
2024-02-09,DEBIT,31.77,USD,73.8232,-2467222.2,Reliance,Electronics,Accessory,USA,Hyderabad,TRUE,CHARGEBACK REQUESTED,,445618.98216,Negative
2024-04-11,CREDIT,33.74,USD,72.7796,-1560732.32,Flipkart,Travel,Flight,India,Pune,TRUE,MONTHLY SUBSCRIPTION,,466560.90376,Negative
2025-05-04,REFUND,176.08,INR,1.0,-1150715.14,Flipkart,Travel,Hotel,Canada,Bengaluru,TRUE,CHARGEBACK REQUESTED,,33455.200000000004,Negative
2023-10-15,CREDIT,152.49,INR,1.0,-2495106.37,AutoZone,Health,Clinic,USA,Noida,TRUE,CHARGEBACK REQUESTED,,28973.100000000002,Negative
2024-03-30,DEBIT,138.87,USD,80.3544,-1984851.63,Starbucks,Dining,Cafe,USA,Chennai,TRUE,REPEAT PURCHASE,2022.0,2120174.9503200003,Negative
2024-12-21,DEBIT,64.5,INR,1.0,-1170332.96,Zomato,Travel,Taxi,Canada,Bengaluru,TRUE,CHARGEBACK REQUESTED,2017.0,12255.0,Negative
2025-03-03,REFUND,33.37,INR,1.0,-1641954.78,LocalMart,Travel,Flight,Canada,Gurugram,TRUE,MONTHLY SUBSCRIPTION,,6340.299999999999,Negative
2024-10-05,CREDIT,8.81,USD,73.7015,-976089.48,Swiggy,Groceries,Supermarket,UK,Gurugram,TRUE,CASHBACK CREDITED,2025.0,123368.94085,Negative
2024-09-14,DEBIT,5.16,INR,1.0,-1641954.78,BigBasket,Automotive,Repair,Canada,Chennai,TRUE,MONTHLY SUBSCRIPTION,,980.4,Negative
2024-10-04,CREDIT,29.41,USD,79.5683,-964922.0,BigBasket,Electronics,Mobile,India,Chennai,TRUE,MANUAL ADJUSTMENT,2020.0,444619.70356999995,Negative
2025-08-21,CREDIT,69.2,USD,77.2289,-1641954.78,Flipkart,Education,Course,USA,Mumbai,TRUE,CHARGEBACK REQUESTED,,1015405.5772,Negative
2025-06-17,DEBIT,225.48,USD,82.0236,-2230400.32,Reliance,Clothing,Women,Canada,Gurugram,TRUE,,2023.0,3513989.4523199997,Negative
2023-12-22,DEBIT,46.16,GBP,108.6736,-160194.21,Swiggy,Entertainment,Movies,USA,Mumbai,TRUE,PROMO APPLIED,,953110.94144,Negative
2024-05-14,DEBIT,109.13,USD,79.796,-2582212.57,ElectroWorld,Automotive,Fuel,Australia,Hyderabad,TRUE,REPEAT PURCHASE,,1654546.1212000002,Negative
2024-06-21,CREDIT,16.11,INR,1.0,-174476.43,Paytm Mall,Health,Pharmacy,UAE,Pune,TRUE,MANUAL ADJUSTMENT,,3060.9,Negative
2025-03-31,DEBIT,50.19,INR,1.0,-553826.19,Zomato,Electronics,Accessory,UK,Mumbai,TRUE,MONTHLY SUBSCRIPTION,,9536.1,Negative
2023-12-08,CREDIT,83.04,INR,1.0,-1641954.78,Flipkart,Travel,Taxi,Canada,Chennai,TRUE,MANUAL ADJUSTMENT,,15777.6,Negative
2024-04-04,CREDIT,263.24,USD,76.6029,-541776.94,LocalMart,Electronics,Mobile,UK,Mumbai,TRUE,SUSPECTED FRAUD,,3831340.005240001,Negative
2025-06-17,CREDIT,455.83,AED,19.6143,-2625844.68,ShopEasy,Clothing,Men,Australia,Noida,TRUE,,,1698749.4101099998,Negative
2023-11-16,DEBIT,24.73,USD,80.5193,-1625672.56,LocalMart,Clothing,Men,Canada,Chennai,TRUE,MONTHLY SUBSCRIPTION,2018.0,378336.03491,Negative
2024-10-30,DEBIT,245.64,GBP,98.185,-1641954.78,Paytm Mall,Health,Pharmacy,Australia,Mumbai,TRUE,,,4582451.045999999,Negative
2025-09-01,DEBIT,18.53,AED,20.9069,-2826452.01,Paytm Mall,Health,Pharmacy,USA,Bengaluru,TRUE,CHARGEBACK REQUESTED,,73606.92283000001,Negative
2024-06-14,DEBIT,3.84,AED,19.7323,-2624404.4,Reliance,Health,Clinic,Canada,Hyderabad,TRUE,CASHBACK CREDITED,,14396.68608,Negative
2024-02-20,DEBIT,91.55,GBP,105.3572,-1641954.78,Amazon,Utilities,Water,USA,Chennai,TRUE,SUSPECTED FRAUD,,1832635.8154000002,Negative
2025-05-27,DEBIT,3.93,USD,72.325,-1849463.42,Reliance,Entertainment,Concert,UK,Delhi,TRUE,MONTHLY SUBSCRIPTION,2022.0,54005.07750000001,Negative
2024-04-10,DEBIT,8.46,USD,82.9848,-1559512.95,Walmart,Dining,Cafe,USA,Kolkata,TRUE,PROMO APPLIED,2023.0,133389.76752000002,Negative
2025-07-15,DEBIT,103.6,AED,20.5889,-189691.59,Paytm Mall,Travel,Taxi,Canada,Chennai,TRUE,PROMO APPLIED,2021.0,405271.9075999999,Negative
2023-11-23,CREDIT,105.48,INR,1.0,-1199361.83,Reliance,Utilities,Water,UAE,Chennai,TRUE,MONTHLY SUBSCRIPTION,,20041.2,Negative
2024-05-16,DEBIT,20.56,INR,1.0,-2122201.66,AutoZone,Health,Clinic,UK,Noida,TRUE,REPEAT PURCHASE,,3906.3999999999996,Negative
2023-10-09,DEBIT,33.37,USD,78.22,-1871073.59,Myntra,Travel,Flight,UAE,Jaipur,TRUE,PROMO APPLIED,,495938.266,Negative
2025-07-29,DEBIT,91.3,INR,1.0,-1625243.35,Reliance,Groceries,Supermarket,USA,Bengaluru,TRUE,PROMO APPLIED,,17347.0,Negative
2025-03-12,CREDIT,173.15,INR,1.0,-1641954.78,ShopEasy,Clothing,Men,Canada,Chennai,TRUE,REPEAT PURCHASE,,32898.5,Negative
2023-12-16,DEBIT,9.45,GBP,104.2831,-1641954.78,Myntra,Groceries,Specialty,Australia,Kolkata,TRUE,MONTHLY SUBSCRIPTION,2020.0,187240.30604999998,Negative
2024-12-05,DEBIT,95.14,USD,76.3724,-1984157.88,Zomato,Clothing,Women,Australia,Noida,TRUE,,,1380553.32584,Negative
2024-07-15,DEBIT,33.37,USD,78.6761,-2934469.63,Paytm Mall,Travel,Flight,Australia,Delhi,TRUE,CHARGEBACK REQUESTED,,498830.07683,Negative
2024-09-21,DEBIT,7.21,INR,1.0,-1985165.8,LocalMart,Education,Course,UK,Pune,TRUE,MANUAL ADJUSTMENT,,1369.9,Negative
2024-06-20,DEBIT,33.37,GBP,103.7829,-143861.27,Amazon,Health,Pharmacy,Australia,Bengaluru,TRUE,MANUAL ADJUSTMENT,2019.0,658014.72087,Negative
2024-03-17,DEBIT,33.37,USD,82.8506,-1162753.28,Paytm Mall,Travel,Taxi,UAE,Jaipur,TRUE,PROMO APPLIED,,525297.65918,Negative
2025-09-08,CREDIT,33.37,USD,81.107,-1936929.41,Reliance,Automotive,Fuel,India,Jaipur,TRUE,PROMO APPLIED,,514242.71209999995,Negative
2024-07-15,DEBIT,33.37,AED,20.7912,-2238367.62,Flipkart,Utilities,Internet,India,Noida,TRUE,,,131822.44535999998,Negative
2023-11-04,CREDIT,17.95,USD,74.9443,-1641954.78,Swiggy,Travel,Flight,Australia,Pune,TRUE,PROMO APPLIED,2016.0,255597.53514999998,Negative
2023-12-13,DEBIT,33.37,INR,1.0,-2579173.05,Zomato,Groceries,Specialty,UK,Jaipur,TRUE,MONTHLY SUBSCRIPTION,2025.0,6340.299999999999,Negative
2025-04-20,CREDIT,4.82,GBP,91.2653,-1641954.78,Myntra,Electronics,Mobile,Canada,Bengaluru,TRUE,MANUAL ADJUSTMENT,,83580.76174,Negative
2024-04-12,DEBIT,30.24,AED,18.0924,-1824942.15,Amazon,Health,Clinic,Australia,Pune,TRUE,CASHBACK CREDITED,2022.0,103951.69344,Negative
2024-04-30,DEBIT,12.05,USD,77.176,-2682236.07,Amazon,Dining,Cafe,UAE,Pune,TRUE,CASHBACK CREDITED,,176694.45200000002,Negative
2024-10-02,CREDIT,203.04,USD,79.2544,-1641954.78,ShopEasy,Education,Course,Canada,Gurugram,TRUE,SUSPECTED FRAUD,,3057444.54144,Negative
2023-12-03,CREDIT,23.99,AED,19.974,-2236938.47,ShopEasy,Utilities,Water,UAE,Chennai,TRUE,,2022.0,91043.48939999999,Negative
2025-01-30,CREDIT,60.18,INR,1.0,-1272702.72,Zomato,Automotive,Fuel,USA,Noida,TRUE,PROMO APPLIED,,11434.2,Negative
2023-11-13,REFUND,17.34,USD,73.6019,-1626398.92,Walmart,Electronics,Accessory,USA,Gurugram,TRUE,CHARGEBACK REQUESTED,,242488.81974,Negative
2023-12-21,CREDIT,21.97,USD,80.3104,-2900605.99,LocalMart,Clothing,Women,Canada,Mumbai,TRUE,SUSPECTED FRAUD,2023.0,335239.70272,Negative
2024-09-23,REFUND,119.67,INR,1.0,-1675980.26,AutoZone,Education,Course,Canada,Bengaluru,TRUE,PROMO APPLIED,,22737.3,Negative
2025-06-01,CREDIT,22.28,GBP,93.8408,-2624415.54,Myntra,Groceries,Specialty,UAE,Hyderabad,TRUE,,2021.0,397246.87456,Negative
2025-07-31,CREDIT,286.71,INR,1.0,-2235959.13,Walmart,Groceries,Supermarket,India,Kolkata,TRUE,PROMO APPLIED,,54474.899999999994,Negative
2025-01-24,DEBIT,240.89,INR,1.0,-1641954.78,Myntra,Groceries,Supermarket,India,Bengaluru,TRUE,CHARGEBACK REQUESTED,,45769.1,Negative
2024-02-15,CREDIT,96.04,INR,1.0,-1483046.23,AutoZone,Electronics,Mobile,Australia,Pune,TRUE,SUSPECTED FRAUD,,18247.600000000002,Negative
2025-01-25,DEBIT,108.04,INR,1.0,-1641954.78,Walmart,Health,Clinic,Australia,Noida,TRUE,MANUAL ADJUSTMENT,,20527.600000000002,Negative
2024-04-25,DEBIT,5.47,INRR,1.0,-2922232.46,LocalMart,Entertainment,Concert,Australia,Hyderabad,TRUE,CASHBACK CREDITED,,1039.3,Negative
2025-07-31,DEBIT,23.26,INR,1.0,-2235228.68,LocalMart,Travel,Flight,Australia,Bengaluru,TRUE,CASHBACK CREDITED,2018.0,4419.400000000001,Negative
2023-09-28,REFUND,87.8,AED,21.0133,-144168.67,ElectroWorld,Clothing,Men,USA,Noida,TRUE,MONTHLY SUBSCRIPTION,,350543.8706,Negative
2025-03-16,DEBIT,3.96,USD,74.8613,-1641954.78,Walmart,Entertainment,Streaming,India,Jaipur,TRUE,CASHBACK CREDITED,2019.0,56325.64212,Negative
2024-12-19,DEBIT,13.84,AED,18.0888,-446763.04,ElectroWorld,Groceries,Specialty,India,Gurugram,TRUE,PROMO APPLIED,,47566.30848,Negative
2025-07-28,CREDIT,10.39,INR,1.0,-2237108.82,Flipkart,Health,Clinic,UK,Bengaluru,TRUE,REPEAT PURCHASE,,1974.1000000000001,Negative
2023-12-27,DEBIT,99.75,USD,78.213,-2465585.93,Starbucks,Education,Books,UK,Noida,TRUE,MONTHLY SUBSCRIPTION,,1482331.8824999998,Negative
2024-12-29,DEBIT,33.37,INR,1.0,-1604774.69,BigBasket,Automotive,Repair,Australia,Bengaluru,TRUE,REPEAT PURCHASE,2025.0,6340.299999999999,Negative
2025-08-24,DEBIT,51.76,GBP,105.8271,-1558788.71,Swiggy,Dining,FastFood,UK,Bengaluru,TRUE,PROMO APPLIED,2022.0,1040746.03224,Negative
2025-01-13,DEBIT,131.0,INR,1.0,-2466421.04,Myntra,Travel,Flight,Canada,Mumbai,TRUE,CHARGEBACK REQUESTED,,24890.0,Negative
2024-05-18,DEBIT,30.66,INR,1.0,-1865728.94,AutoZone,Utilities,Internet,India,Jaipur,TRUE,CHARGEBACK REQUESTED,,5825.4,Negative
2024-12-06,CREDIT,24.98,AED,21.4058,-2933432.4,Swiggy,Dining,Cafe,India,Mumbai,TRUE,REPEAT PURCHASE,,101596.20795999999,Negative
2025-03-22,REFUND,33.37,GBP,96.5883,-1284181.39,LocalMart,Dining,Restaurant,Canada,Mumbai,TRUE,,,612398.79849,Negative
2023-09-13,CREDIT,10.59,USD,78.974,-1641954.78,BigBasket,Travel,Flight,USA,Chennai,TRUE,PROMO APPLIED,2018.0,158903.5854,Negative
2024-12-07,DEBIT,33.37,USD,81.7991,-1625102.35,ShopEasy,Travel,Hotel,UAE,Pune,TRUE,REPEAT PURCHASE,2024.0,518630.83372999995,Negative
2025-04-08,CREDIT,349.01,GBP,104.7129,-1604206.37,Starbucks,Utilities,Water,UAE,Kolkata,TRUE,MANUAL ADJUSTMENT,2022.0,6943711.35351,Negative
2023-12-03,CREDIT,15.74,USD,82.8921,-2774915.34,Flipkart,Dining,Restaurant,India,Gurugram,TRUE,MONTHLY SUBSCRIPTION,,247897.11426,Negative
2024-09-25,DEBIT,12.97,INR,1.0,-2230275.45,Swiggy,Travel,Hotel,Canada,Jaipur,TRUE,SUSPECTED FRAUD,2025.0,2464.3,Negative
2025-04-24,DEBIT,33.37,GBP,99.9924,-1641954.78,Flipkart,Health,Pharmacy,UAE,Pune,TRUE,MANUAL ADJUSTMENT,2023.0,633981.81372,Negative
2023-09-18,DEBIT,75.8,INR ,1.0,-2868065.03,ShopEasy,Entertainment,Concert,Canada,Noida,TRUE,CASHBACK CREDITED,,14402.0,Negative
2024-03-07,CREDIT,21.36,USD,80.0378,-1641954.78,Reliance,Entertainment,Movies,UAE,Gurugram,TRUE,REPEAT PURCHASE,,324825.40752,Negative
2024-06-16,DEBIT,18.63,USD,73.8385,-1560131.04,BigBasket,Automotive,Repair,UAE,Kolkata,TRUE,REPEAT PURCHASE,,261366.13844999997,Negative
2024-04-11,DEBIT,13.32,AED,21.5999,-1641954.78,Reliance,Utilities,Internet,UK,Gurugram,TRUE,SUSPECTED FRAUD,,54665.02692000001,Negative
2024-07-13,DEBIT,1.02,USD,82.6854,-2933144.11,Myntra,Health,Pharmacy,India,Mumbai,TRUE,MONTHLY SUBSCRIPTION,,16024.43052,Negative
2023-10-10,REFUND,4.76,INR ,1.0,-1143061.98,Starbucks,Entertainment,Streaming,UAE,Delhi,TRUE,CHARGEBACK REQUESTED,2015.0,904.4,Negative
2025-06-04,DEBIT,28.01,AED,21.0804,-1676320.34,Starbucks,Entertainment,Streaming,Canada,Chennai,TRUE,CASHBACK CREDITED,2021.0,112187.78076000002,Negative
2023-11-02,DEBIT,67.0,INR,1.0,-2592612.62,ShopEasy,Groceries,Specialty,UAE,Kolkata,TRUE,CASHBACK CREDITED,2021.0,12730.0,Negative
2025-04-20,DEBIT,49.47,AED,18.8554,-2652804.79,Myntra,Dining,Cafe,UK,Gurugram,TRUE,SUSPECTED FRAUD,2024.0,177227.56121999997,Negative
2024-08-05,DEBIT,6.21,USD,82.8495,-2579215.82,Paytm Mall,Groceries,Specialty,Australia,Bengaluru,TRUE,PROMO APPLIED,,97754.12505,Negative
2025-07-23,DEBIT,33.52,USD,82.3054,-174413.42,Zomato,Utilities,Electricity,UK,Bengaluru,TRUE,SUSPECTED FRAUD,,524186.63152000005,Negative
2024-05-26,CREDIT,48.86,INR,1.0,-1640927.28,Walmart,Electronics,Laptop,UK,Jaipur,TRUE,SUSPECTED FRAUD,2018.0,9283.4,Negative
2024-05-14,DEBIT,4.07,INR,1.0,-2903164.72,Starbucks,Entertainment,Movies,UAE,Mumbai,TRUE,MONTHLY SUBSCRIPTION,,773.3000000000001,Negative
2023-11-09,CREDIT,19.91,USD,74.7128,-2626386.7,ShopEasy,Dining,Restaurant,UK,Kolkata,TRUE,,2023.0,282631.05112,Negative
2025-04-01,DEBIT,7.55,GBP,98.807,-2867030.38,BigBasket,Entertainment,Streaming,UAE,Pune,TRUE,PROMO APPLIED,2015.0,141738.6415,Negative
2024-10-29,DEBIT,33.37,INR,1.0,-976788.61,Starbucks,Health,Pharmacy,Canada,Hyderabad,TRUE,,2018.0,6340.299999999999,Negative
2025-04-24,REFUND,2.66,USD,79.2946,-1603637.14,Myntra,Dining,Restaurant,Canada,Hyderabad,TRUE,MANUAL ADJUSTMENT,,40075.490840000006,Negative
2024-03-19,REFUND,5.2,AED,21.3618,-2249366.06,LocalMart,Clothing,Men,India,Noida,TRUE,CASHBACK CREDITED,2024.0,21105.4584,Negative
2024-03-18,DEBIT,33.37,INR,1.0,-1602628.75,ElectroWorld,Travel,Flight,Canada,Bengaluru,TRUE,MONTHLY SUBSCRIPTION,,6340.299999999999,Negative
2024-07-14,DEBIT,57.15,USD,73.097,-1617314.12,BigBasket,Health,Pharmacy,India,Chennai,TRUE,,,793723.7744999998,Negative
2023-11-29,DEBIT,18.5,INR,1.0,-1641954.78,ShopEasy,Travel,Flight,Australia,Noida,TRUE,SUSPECTED FRAUD,,3515.0,Negative
2024-05-11,CREDIT,33.37,INR,1.0,-182783.39,ShopEasy,Entertainment,Streaming,USA,Hyderabad,TRUE,MANUAL ADJUSTMENT,,6340.299999999999,Negative
2025-08-01,CREDIT,54.94,INR,1.0,-556160.59,Amazon,Electronics,Accessory,UAE,Mumbai,TRUE,SUSPECTED FRAUD,,10438.6,Negative
2024-03-30,REFUND,175.77,INR,1.0,-2902121.98,Starbucks,Utilities,Electricity,USA,Bengaluru,TRUE,PROMO APPLIED,,33396.3,Negative
2023-12-15,DEBIT,73.59,USD,79.6648,-1774309.07,Swiggy,Dining,Cafe,USA,Hyderabad,TRUE,SUSPECTED FRAUD,,1113881.20008,Negative
2024-01-30,REFUND,33.37,AED,20.1739,-1270118.32,BigBasket,Entertainment,Streaming,Canada,Kolkata,TRUE,CASHBACK CREDITED,,127908.57817,Negative
2025-03-20,DEBIT,34.5,USD,75.6201,-2774024.6,LocalMart,Groceries,Specialty,India,Kolkata,TRUE,REPEAT PURCHASE,,495689.7554999999,Negative
2024-05-20,REFUND,48.94,AED,20.434,-2678386.8,AutoZone,Health,Pharmacy,India,Pune,TRUE,,2024.0,190007.5924,Negative
2024-03-31,DEBIT,16.01,USD,75.1555,-974714.41,AutoZone,Automotive,Repair,Canada,Delhi,TRUE,SUSPECTED FRAUD,,228615.51545,Negative
2024-04-27,DEBIT,13.74,INR,1.0,-1653367.52,Reliance,Travel,Flight,Australia,Jaipur,TRUE,REPEAT PURCHASE,,2610.6,Negative
2024-11-18,REFUND,18.71,INR ,1.0,-2581179.7,BigBasket,Clothing,Men,UAE,Pune,TRUE,,2025.0,3554.9,Negative
2025-06-06,REFUND,33.37,GBP,98.2639,-974183.93,Zomato,Entertainment,Concert,UAE,Noida,TRUE,MANUAL ADJUSTMENT,,623022.60517,Negative
2025-01-30,REFUND,169.38,INR,1.0,-1641954.78,ShopEasy,Clothing,Women,USA,Noida,TRUE,SUSPECTED FRAUD,2022.0,32182.2,Negative
2024-07-04,DEBIT,47.27,USD,76.4789,-1560154.68,Amazon,Entertainment,Movies,USA,Noida,TRUE,MONTHLY SUBSCRIPTION,,686879.94457,Negative
2023-12-15,DEBIT,216.04,GBP,98.8171,-1625673.0,AutoZone,Groceries,Supermarket,India,Chennai,TRUE,CASHBACK CREDITED,,4056204.7939599995,Negative
2024-05-07,CREDIT,224.04,USD,76.9609,-281494.79,ShopEasy,Dining,FastFood,Canada,Delhi,TRUE,MONTHLY SUBSCRIPTION,,3276040.8068399993,Negative
2024-10-31,REFUND,25.62,USD,81.6073,-481215.73,ShopEasy,Health,Pharmacy,India,Noida,TRUE,PROMO APPLIED,,397248.01494,Negative
2024-03-19,DEBIT,33.37,USD,79.1647,-2514188.38,Starbucks,Utilities,Water,Canada,Jaipur,TRUE,MONTHLY SUBSCRIPTION,,501927.94740999996,Negative
2025-03-20,CREDIT,407.84,GBP,107.5312,-1641954.78,BigBasket,Travel,Flight,India,Chennai,TRUE,CASHBACK CREDITED,2020.0,8332549.67552,Negative
2024-09-23,DEBIT,12.14,USD,80.6438,-2902597.24,Zomato,Utilities,Internet,UAE,Jaipur,TRUE,SUSPECTED FRAUD,2022.0,186012.98908,Negative
2024-06-27,DEBIT,128.0,AED,18.3004,-1150843.94,ElectroWorld,Travel,Flight,UAE,Pune,TRUE,,2019.0,445065.728,Negative
2024-07-19,CREDIT,20.19,AED,20.9365,-1641954.78,LocalMart,Groceries,Supermarket,Australia,Gurugram,TRUE,REPEAT PURCHASE,,80314.50765,Negative
2024-05-30,CREDIT,147.86,USD,75.9945,-1625479.48,Myntra,Electronics,Mobile,UK,Pune,TRUE,MANUAL ADJUSTMENT,2019.0,2134943.8863000004,Negative
2023-10-04,CREDIT,20.13,INR,1.0,-1641954.78,Amazon,Automotive,Fuel,UK,Delhi,TRUE,PROMO APPLIED,,3824.7,Negative
2023-12-16,DEBIT,42.63,INR,1.0,-2866664.52,Reliance,Automotive,Repair,India,Noida,TRUE,CHARGEBACK REQUESTED,2015.0,8099.700000000001,Negative
2025-07-20,CREDIT,6.32,USD,74.6928,-258678.27,Starbucks,Automotive,Fuel,UK,Pune,TRUE,SUSPECTED FRAUD,2021.0,89691.11424000001,Negative
2024-01-19,DEBIT,81.64,USD,75.0498,-145857.63,Paytm Mall,Entertainment,Concert,UK,Pune,TRUE,CASHBACK CREDITED,,1164142.47768,Negative
2024-02-22,DEBIT,55.54,GBP,97.5367,-2826250.48,Starbucks,Utilities,Electricity,USA,Kolkata,TRUE,MONTHLY SUBSCRIPTION,2019.0,1029265.78042,Negative
2025-07-10,DEBIT,9.43,USD,80.9929,-2900789.94,ElectroWorld,Health,Pharmacy,UK,Delhi,TRUE,MONTHLY SUBSCRIPTION,2025.0,145114.97893,Negative
2024-05-07,REFUND,25.8,INR,1.0,-1131896.9,Swiggy,Utilities,Internet,Australia,Delhi,TRUE,CASHBACK CREDITED,2026.0,4902.0,Negative
2024-06-09,REFUND,34.66,AED,19.907,-541822.22,Myntra,Automotive,Repair,UAE,Jaipur,TRUE,MANUAL ADJUSTMENT,,131095.55779999998,Negative
2025-04-30,DEBIT,10.75,GBP,106.2203,-1807621.2,Myntra,Electronics,Mobile,UK,Mumbai,TRUE,CASHBACK CREDITED,2018.0,216954.96274999998,Negative
2024-08-06,CREDIT,33.37,USD,81.4829,-2237103.63,Amazon,Travel,Hotel,Canada,Delhi,TRUE,CASHBACK CREDITED,,516626.03086999996,Negative
2024-03-16,DEBIT,92.45,AED,21.2002,-1676040.27,AutoZone,Utilities,Internet,India,Bengaluru,TRUE,,,372392.1131,Negative
2025-01-09,CREDIT,51.54,AED,19.3996,-529049.31,Reliance,Dining,Restaurant,UK,Gurugram,TRUE,MONTHLY SUBSCRIPTION,2016.0,189972.52296,Negative
2025-02-19,REFUND,54.66,GBP,91.5004,-2462513.02,Myntra,Education,Books,UAE,Chennai,TRUE,REPEAT PURCHASE,2020.0,950268.2541599999,Negative
2025-06-11,CREDIT,35.12,USD,76.5784,-1641954.78,Zomato,Travel,Hotel,Australia,Mumbai,TRUE,CHARGEBACK REQUESTED,,510992.34751999995,Negative
2024-07-23,CREDIT,137.47,USD,75.918,-2868741.19,Paytm Mall,Electronics,Laptop,USA,Bengaluru,TRUE,PROMO APPLIED,,1982925.0174000002,Negative
2024-02-24,CREDIT,30.06,USD,80.9396,-1641954.78,Starbucks,Utilities,Electricity,India,Jaipur,TRUE,MANUAL ADJUSTMENT,2025.0,462278.43143999996,Negative
2025-06-24,DEBIT,14.53,USD,79.7264,-2625837.42,LocalMart,Groceries,Specialty,India,Chennai,TRUE,,2018.0,220100.67247999998,Negative
2024-09-09,DEBIT,13.66,USD,82.4878,-2231228.49,LocalMart,Education,Course,UAE,Hyderabad,TRUE,MANUAL ADJUSTMENT,,214088.83612,Negative
2024-03-01,CREDIT,134.47,USD,77.0086,-277648.45,Paytm Mall,Dining,Restaurant,Canada,Kolkata,TRUE,MANUAL ADJUSTMENT,,1967515.82398,Negative
2024-04-16,DEBIT,9.2,USD,76.8569,-189918.8,Reliance,Education,Books,Canada,Mumbai,TRUE,SUSPECTED FRAUD,,134345.86119999998,Negative
2024-02-11,CREDIT,18.25,INR,1.0,-2582754.98,BigBasket,Electronics,Laptop,India,Hyderabad,TRUE,REPEAT PURCHASE,2023.0,3467.5,Negative
2023-10-03,CREDIT,33.37,USD,73.937,-1024193.86,ElectroWorld,Dining,Restaurant,Australia,Kolkata,TRUE,SUSPECTED FRAUD,,468782.7611,Negative
2024-09-11,CREDIT,94.75,GBP,92.557,-1640659.57,Swiggy,Clothing,Men,India,Delhi,TRUE,REPEAT PURCHASE,,1666257.3925,Negative
2024-09-14,REFUND,80.83,INR,1.0,-2626511.13,ShopEasy,Groceries,Specialty,India,Noida,TRUE,MANUAL ADJUSTMENT,,15357.699999999999,Negative
2025-02-11,REFUND,8.3,USD,81.7902,-1807575.86,LocalMart,Clothing,Women,India,Delhi,TRUE,CHARGEBACK REQUESTED,,128983.14540000002,Negative
2024-08-22,CREDIT,23.84,GBP,102.6849,-1625684.92,Swiggy,Health,Clinic,India,Kolkata,TRUE,PROMO APPLIED,,465121.52303999994,Negative
2024-11-18,REFUND,20.69,USD,82.0187,-1284306.76,Zomato,Automotive,Repair,UAE,Bengaluru,TRUE,SUSPECTED FRAUD,2022.0,322423.71157,Negative
2024-11-07,DEBIT,22.95,INR,1.0,-2538801.21,Zomato,Health,Pharmacy,Australia,Kolkata,TRUE,MONTHLY SUBSCRIPTION,,4360.5,Negative
2024-07-24,CREDIT,3.51,INR,1.0,-1641954.78,AutoZone,Utilities,Water,Australia,Gurugram,TRUE,,,666.9,Negative
2024-06-15,REFUND,33.37,USD,79.1533,-1143123.04,Swiggy,Clothing,Women,Australia,Noida,TRUE,,,501855.66799,Negative
2025-05-23,DEBIT,2.91,AED,20.0156,-182709.14,Zomato,Health,Clinic,USA,Hyderabad,TRUE,CHARGEBACK REQUESTED,,11066.62524,Negative
2025-04-03,DEBIT,14.39,USD,75.3747,-1705934.41,Reliance,Electronics,Laptop,UAE,Jaipur,TRUE,PROMO APPLIED,,206081.96727000002,Negative
2025-07-04,DEBIT,6.3,USD,72.3407,-260550.43,Flipkart,Education,Course,UK,Pune,TRUE,CHARGEBACK REQUESTED,,86591.8179,Negative
2023-11-01,DEBIT,167.56,INR,1.0,-1641954.78,Reliance,Travel,Flight,India,Delhi,TRUE,,,31836.4,Negative
2025-07-16,DEBIT,10.62,USD,80.3287,-1935471.98,ShopEasy,Automotive,Repair,UAE,Bengaluru,TRUE,CASHBACK CREDITED,,162087.25086,Negative
2025-02-13,DEBIT,33.37,USD,80.0953,-1641954.78,Swiggy,Education,Course,Canada,Kolkata,TRUE,SUSPECTED FRAUD,2025.0,507828.23058999993,Negative
2025-06-08,DEBIT,33.37,INR,1.0,-447121.75,Walmart,Electronics,Mobile,Australia,Gurugram,TRUE,MONTHLY SUBSCRIPTION,,6340.299999999999,Negative
2023-10-17,DEBIT,57.39,AED,19.0535,-1823787.61,AutoZone,Groceries,Supermarket,UK,Gurugram,TRUE,PROMO APPLIED,2016.0,207761.26935,Negative
2025-05-23,DEBIT,1.67,GBP,98.1869,-1807332.68,Zomato,Dining,FastFood,UAE,Gurugram,TRUE,CASHBACK CREDITED,,31154.703369999996,Negative
2024-05-24,CREDIT,33.37,GBP,99.0267,-2122231.2,ShopEasy,Dining,Cafe,India,Mumbai,TRUE,MANUAL ADJUSTMENT,,627858.98601,Negative
2024-08-27,DEBIT,42.52,INR,1.0,-540263.28,Flipkart,Groceries,Specialty,India,Bengaluru,TRUE,,,8078.8,Negative
2024-10-07,CREDIT,18.81,INR,1.0,-2467732.91,Zomato,Utilities,Water,UAE,Kolkata,TRUE,"PROMO APPLIED -- VERIFY
CONTACT SUPPORT",,3573.8999999999996,Negative
2025-04-24,DEBIT,33.37,USD,75.2608,-1641954.78,Flipkart,Electronics,Mobile,UAE,Mumbai,TRUE,MANUAL ADJUSTMENT,,477176.05023999995,Negative
2024-02-04,CREDIT,33.37,GBP,103.4678,-1824329.44,ShopEasy,Electronics,Mobile,UAE,Gurugram,TRUE,MONTHLY SUBSCRIPTION,2021.0,656016.8923399999,Negative
2024-02-16,CREDIT,11.27,AED,18.2162,-189705.51,LocalMart,Clothing,Men,USA,Delhi,TRUE,MONTHLY SUBSCRIPTION,,39006.34906,Negative
2024-05-24,CREDIT,15.11,INR,1.0,-1641954.78,Zomato,Electronics,Accessory,India,Pune,TRUE,REPEAT PURCHASE,2019.0,2870.9,Negative
2024-03-09,DEBIT,13.93,GBP,96.1531,-1288671.96,Paytm Mall,Travel,Taxi,India,Gurugram,TRUE,REPEAT PURCHASE,,254488.40976999997,Negative
2025-05-24,DEBIT,46.28,INR,1.0,-593632.07,Swiggy,Electronics,Laptop,Australia,Noida,TRUE,PROMO APPLIED,,8793.2,Negative
2025-07-16,CREDIT,33.37,AED,20.8761,-182707.69,Flipkart,Clothing,Women,Australia,Gurugram,TRUE,,2024.0,132360.73683,Negative
2023-11-11,DEBIT,11.28,USD,81.5601,-176008.23,Amazon,Groceries,Specialty,Canada,Gurugram,TRUE,,,174799.60632,Negative
2025-02-12,DEBIT,8.07,AED,20.2766,-2465211.18,Reliance,Clothing,Men,Canada,Bengaluru,TRUE,MANUAL ADJUSTMENT,,31090.11078,Negative
2024-06-12,DEBIT,96.69,INR,1.0,-1713064.19,Walmart,Electronics,Laptop,UK,Bengaluru,TRUE,MONTHLY SUBSCRIPTION,,18371.1,Negative
2025-03-11,DEBIT,33.37,USD,72.2627,-143734.46,ShopEasy,Clothing,Women,UAE,Noida,TRUE,MANUAL ADJUSTMENT,2024.0,458167.19680999994,Negative
2025-06-28,DEBIT,62.1,USD,82.8888,-2900950.02,LocalMart,Groceries,Specialty,India,Hyderabad,TRUE,MANUAL ADJUSTMENT,,978004.9512,Negative
2024-11-04,DEBIT,307.35,INR,1.0,-2238000.32,Flipkart,Utilities,Internet,India,Chennai,TRUE,PROMO APPLIED,,58396.50000000001,Negative
2025-08-15,CREDIT,65.92,INR,1.0,-1850040.44,LocalMart,Entertainment,Streaming,Canada,Mumbai,TRUE,MANUAL ADJUSTMENT,,12524.800000000001,Negative
2023-12-06,CREDIT,42.22,GBP,106.3974,-1653243.31,Swiggy,Health,Pharmacy,Australia,Jaipur,TRUE,MONTHLY SUBSCRIPTION,,853498.6633199999,Negative
2024-12-20,DEBIT,34.8,INR,1.0,-1676391.83,BigBasket,Electronics,Laptop,UAE,Mumbai,TRUE,MONTHLY SUBSCRIPTION,,6611.999999999999,Negative
2025-05-31,CREDIT,18.42,GBP,109.5394,-2774425.13,Flipkart,Electronics,Laptop,India,Bengaluru,TRUE,PROMO APPLIED,,383365.99212000007,Negative
2025-04-20,DEBIT,20.12,INR,1.0,-2230656.98,Flipkart,Automotive,Fuel,UAE,Kolkata,TRUE,CASHBACK CREDITED,,3822.8,Negative
2024-10-29,DEBIT,26.49,USD,82.9964,-2624998.68,Reliance,Automotive,Fuel,UK,Bengaluru,TRUE,CHARGEBACK REQUESTED,,417729.18084,Negative
2024-05-29,DEBIT,1.94,GBP,107.667,-1008515.86,Starbucks,Electronics,Mobile,UK,Gurugram,TRUE,,,39686.0562,Negative
2024-12-09,CREDIT,4.78,GBP,91.7544,-166385.85,Amazon,Utilities,Internet,UAE,Hyderabad,TRUE,MONTHLY SUBSCRIPTION,,83331.34608,Negative
2025-03-01,DEBIT,14.52,GBP,107.1063,-2581193.1,Reliance,Utilities,Internet,USA,Gurugram,TRUE,PROMO APPLIED,2022.0,295484.86043999996,Negative
2025-08-02,DEBIT,31.61,INR,1.0,-1641954.78,Paytm Mall,Groceries,Supermarket,Canada,Kolkata,TRUE,,2021.0,6005.9,Negative
2025-06-29,DEBIT,2.57,USD,72.6766,-1637589.61,LocalMart,Education,Books,UK,Gurugram,TRUE,SUSPECTED FRAUD,2016.0,35487.983779999995,Negative
2024-08-25,DEBIT,7.62,USD,79.754,-595114.74,Amazon,Automotive,Repair,UK,Mumbai,TRUE,MONTHLY SUBSCRIPTION,2017.0,115467.84120000001,Negative
2024-01-11,DEBIT,32.04,AED,21.2326,-1000629.67,ElectroWorld,Automotive,Fuel,Australia,Delhi,TRUE,MANUAL ADJUSTMENT,,129255.57576,Negative
2024-04-22,CREDIT,12.49,INR,1.0,-1889606.41,Flipkart,Utilities,Water,India,Kolkata,TRUE,PROMO APPLIED,,2373.1,Negative
2025-06-04,CREDIT,17.85,AED,18.0086,-2236638.63,Flipkart,Dining,FastFood,UK,Noida,TRUE,MONTHLY SUBSCRIPTION,,61076.16690000001,Negative
2024-08-04,CREDIT,33.37,USD,72.7833,-2466722.35,Zomato,Automotive,Fuel,UAE,Mumbai,TRUE,,,461467.9569899999,Negative
2023-11-11,DEBIT,11.0,INR,1.0,-1556884.16,ShopEasy,Utilities,Water,Australia,Noida,TRUE,CHARGEBACK REQUESTED,,2090.0,Negative
2024-02-27,REFUND,33.37,USD,79.3014,-2936102.62,Flipkart,Travel,Hotel,USA,Jaipur,TRUE,,,502794.66642,Negative
2024-10-29,REFUND,36.55,GBP,102.7619,-480303.93,Reliance,Dining,Cafe,Australia,Delhi,TRUE,SUSPECTED FRAUD,,713630.01455,Negative
2024-04-25,REFUND,33.37,USD,80.2414,-1850231.04,Zomato,Health,Clinic,Canada,Noida,TRUE,PROMO APPLIED,2015.0,508754.5484199999,Negative
2024-01-26,CREDIT,14.05,USD,78.0946,-159558.14,Flipkart,Groceries,Supermarket,USA,Gurugram,TRUE,MONTHLY SUBSCRIPTION,,208473.5347,Negative
2024-03-15,DEBIT,12.74,GBP,98.478,-2933769.73,AutoZone,Automotive,Fuel,Australia,Pune,TRUE,MONTHLY SUBSCRIPTION,2020.0,238375.8468,Negative
2024-09-20,REFUND,33.37,INR,1.0,-173585.96,ShopEasy,Entertainment,Concert,Australia,Chennai,TRUE,"CHARGEBACK REQUESTED -- VERIFY
CONTACT SUPPORT",,6340.299999999999,Negative
2024-10-30,CREDIT,103.4,INR,1.0,-2581137.0,BigBasket,Travel,Flight,Australia,Hyderabad,TRUE,REPEAT PURCHASE,,19646.0,Negative
2024-04-18,CREDIT,33.37,AED,19.9021,-2120818.95,ShopEasy,Groceries,Specialty,Canada,Chennai,TRUE,CHARGEBACK REQUESTED,,126185.28463,Negative
2024-10-13,DEBIT,30.12,INR,1.0,-1641954.78,BigBasket,Travel,Flight,India,Gurugram,TRUE,CASHBACK CREDITED,,5722.8,Negative
2023-11-09,CREDIT,41.63,GBP,100.1681,-1560436.62,LocalMart,Dining,Restaurant,UK,Delhi,TRUE,CHARGEBACK REQUESTED,2024.0,792299.6205699999,Negative
2023-12-24,DEBIT,19.79,USD,79.9029,-2681609.47,ElectroWorld,Travel,Flight,UK,Jaipur,TRUE,SUSPECTED FRAUD,,300442.89429,Negative
2024-02-02,DEBIT,2.94,INR,1.0,-2466888.3,Walmart,Entertainment,Streaming,UK,Delhi,TRUE,REPEAT PURCHASE,,558.6,Negative
2025-02-07,CREDIT,33.37,AED,19.5398,-447117.23,Myntra,Utilities,Electricity,Australia,Kolkata,TRUE,REPEAT PURCHASE,,123888.19393999998,Negative
2024-01-16,DEBIT,121.9,GBP,97.1448,-1126577.89,LocalMart,Utilities,Water,USA,Delhi,TRUE,CASHBACK CREDITED,,2249970.7128000003,Negative
2023-11-25,DEBIT,297.54,INR,1.0,-1712915.42,Starbucks,Dining,FastFood,India,Delhi,TRUE,,2026.0,56532.600000000006,Negative
2025-06-12,CREDIT,97.78,AED,20.3927,-1560683.43,Paytm Mall,Groceries,Specialty,Canada,Hyderabad,TRUE,REPEAT PURCHASE,,378859.65914000006,Negative
2024-11-23,DEBIT,35.41,USD,72.3429,-281512.27,LocalMart,Health,Pharmacy,Canada,Hyderabad,TRUE,,2025.0,486715.79691,Negative
2025-05-26,CREDIT,6.14,USD,78.9011,-2902275.86,Zomato,Travel,Flight,India,Kolkata,TRUE,SUSPECTED FRAUD,2015.0,92046.02325999999,Negative
2024-09-23,DEBIT,14.99,USD ,82.3619,-1641954.78,Amazon,Entertainment,Movies,UK,Hyderabad,TRUE,MONTHLY SUBSCRIPTION,2021.0,234574.92739000003,Negative
2024-01-18,DEBIT,33.37,GBP,103.7994,-2933130.2,Amazon,Travel,Hotel,Canada,Gurugram,TRUE,CASHBACK CREDITED,,658119.3358199999,Negative
2024-05-01,CREDIT,13.49,INR,1.0,-1641954.78,BigBasket,Clothing,Men,Australia,Delhi,TRUE,SUSPECTED FRAUD,,2563.1,Negative
2024-01-07,DEBIT,33.37,AED,18.3199,-1025096.2,BigBasket,Travel,Taxi,Australia,Hyderabad,TRUE,,2018.0,116153.66197,Negative
2025-06-04,DEBIT,33.37,USD,77.528,-976766.51,Zomato,Automotive,Repair,USA,Pune,TRUE,REPEAT PURCHASE,,491550.7784,Negative
2025-05-23,CREDIT,16.71,USD,79.8973,-1639726.26,Reliance,Health,Clinic,UK,Chennai,TRUE,SUSPECTED FRAUD,,253665.93777,Negative
2024-07-05,DEBIT,27.64,GBP,93.3368,-1641954.78,BigBasket,Groceries,Supermarket,UK,Mumbai,TRUE,PROMO APPLIED,2024.0,490167.53887999995,Negative
2024-11-15,CREDIT,24.57,INR,1.0,-1641954.78,LocalMart,Utilities,Water,UK,Noida,TRUE,CASHBACK CREDITED,,4668.3,Negative
2025-01-04,CREDIT,29.42,AED,19.4943,-1131666.57,Myntra,Clothing,Women,UK,Mumbai,TRUE,MANUAL ADJUSTMENT,,108969.23813999999,Negative
2025-09-10,DEBIT,220.41,USD,72.0747,-480948.74,Flipkart,Groceries,Supermarket,UK,Pune,TRUE,REPEAT PURCHASE,,3018337.0791300004,Negative
2023-12-11,CREDIT,9.2,GBP,93.9297,-1076395.75,BigBasket,Travel,Taxi,Canada,Chennai,TRUE,PROMO APPLIED,2017.0,164189.11559999996,Negative
2024-08-30,REFUND,21.2,INR,1.0,-2119213.52,BigBasket,Dining,FastFood,Canada,Bengaluru,TRUE,PROMO APPLIED,,4028.0,Negative
2024-11-12,REFUND,33.37,AED,18.5358,-1639935.86,Myntra,Education,Course,Canada,Hyderabad,TRUE,CASHBACK CREDITED,2022.0,117522.53274,Negative
2024-11-04,CREDIT,20.19,INR,1.0,-1641954.78,Myntra,Education,Books,Canada,Bengaluru,TRUE,CHARGEBACK REQUESTED,2025.0,3836.1000000000004,Negative
2025-05-03,CREDIT,20.68,INR,1.0,-1640789.75,Zomato,Utilities,Water,Canada,Pune,TRUE,PROMO APPLIED,,3929.2,Negative
2024-07-26,DEBIT,15.98,INR,1.0,-1641954.78,ShopEasy,Clothing,Women,Canada,Kolkata,TRUE,MANUAL ADJUSTMENT,,3036.2000000000003,Negative
2024-01-19,CREDIT,2.74,USD,76.122,-2208549.5,ShopEasy,Dining,Restaurant,UK,Gurugram,TRUE,SUSPECTED FRAUD,,39629.1132,Negative
2024-07-30,CREDIT,158.26,GBP,99.3861,-2117724.46,Zomato,Automotive,Repair,USA,Hyderabad,TRUE,REPEAT PURCHASE,2021.0,2988480.39534,Negative
2024-09-17,DEBIT,35.05,USD,79.5712,-1641954.78,Flipkart,Clothing,Men,India,Gurugram,TRUE,MONTHLY SUBSCRIPTION,,529904.4064,Negative
2024-07-22,CREDIT,10.61,USD,80.549,-1561061.22,Reliance,Education,Course,India,Noida,TRUE,PROMO APPLIED,,162378.7291,Negative
2025-05-15,CREDIT,47.07,INR,1.0,-159565.16,BigBasket,Travel,Flight,UK,Jaipur,TRUE,REPEAT PURCHASE,,8943.3,Negative
2025-06-01,DEBIT,1034.92,USD,82.2339,-1641954.78,BigBasket,Clothing,Women,UK,Kolkata,TRUE,PROMO APPLIED,2020.0,16170046.479720004,Negative
2024-04-27,REFUND,11.29,AED,18.0734,-1705754.82,Flipkart,Utilities,Internet,Australia,Bengaluru,TRUE,MANUAL ADJUSTMENT,,38769.25034,Negative
2024-08-07,CREDIT,33.37,INR,1.0,-1641107.28,BigBasket,Automotive,Fuel,Canada,Noida,TRUE,CHARGEBACK REQUESTED,,6340.299999999999,Negative
2025-07-24,CREDIT,88.35,AED,19.7056,-965213.97,Amazon,Utilities,Electricity,UAE,Delhi,TRUE,PROMO APPLIED,,330788.05439999996,Negative
2025-09-06,CREDIT,12.41,INR,1.0,-175594.06,Walmart,Education,Books,Canada,Bengaluru,TRUE,CHARGEBACK REQUESTED,2018.0,2357.9,Negative
2023-11-04,REFUND,33.37,INR,1.0,-2235413.4,Reliance,Electronics,Mobile,UAE,Delhi,TRUE,MANUAL ADJUSTMENT,,6340.299999999999,Negative
2025-06-24,DEBIT,99.14,INR,1.0,-1808766.5,Swiggy,Entertainment,Streaming,UK,Delhi,TRUE,SUSPECTED FRAUD,2019.0,18836.6,Negative
2024-03-24,REFUND,2.72,AED,21.6889,-2208261.93,AutoZone,Automotive,Repair,India,Hyderabad,TRUE,CASHBACK CREDITED,,11208.823520000002,Negative
2025-07-23,DEBIT,120.45,INR,1.0,-1130987.11,Amazon,Electronics,Accessory,USA,Kolkata,TRUE,CASHBACK CREDITED,,22885.5,Negative
2024-11-19,DEBIT,33.37,AED,19.3693,-144841.79,Flipkart,Travel,Flight,UK,Mumbai,TRUE,REPEAT PURCHASE,,122807.17279,Negative
2025-04-30,DEBIT,9.81,USD,80.6693,-1557877.15,BigBasket,Dining,Cafe,UK,Kolkata,TRUE,CASHBACK CREDITED,,150359.50827000002,Negative
2025-04-14,CREDIT,21.94,GBP,95.4909,-1169046.68,Flipkart,Electronics,Mobile,UK,Gurugram,TRUE,CHARGEBACK REQUESTED,,398063.36574,Negative
2025-07-29,DEBIT,15.34,GBP,96.6564,-1641954.78,Flipkart,Dining,Restaurant,Canada,Chennai,TRUE,CASHBACK CREDITED,2022.0,281714.74344,Negative
2023-09-23,CREDIT,74.79,AED,21.59,-1641954.78,Amazon,Dining,Restaurant,Australia,Mumbai,TRUE,CASHBACK CREDITED,,306796.059,Negative
2025-04-24,CREDIT,33.37,GBP,97.222,-2825698.18,Swiggy,Travel,Flight,Canada,Chennai,TRUE,MANUAL ADJUSTMENT,,616416.6465999999,Negative
2024-04-29,DEBIT,33.37,INR,1.0,-1641954.78,Flipkart,Travel,Hotel,Canada,Delhi,TRUE,CASHBACK CREDITED,,6340.299999999999,Negative
2025-01-06,DEBIT,11.99,USD,81.4627,-1641785.62,LocalMart,Education,Course,UK,Chennai,TRUE,REPEAT PURCHASE,,185580.17687,Negative
2024-10-06,DEBIT,195.98,USD,72.2165,-1604031.86,Starbucks,Groceries,Supermarket,UK,Bengaluru,TRUE,CASHBACK CREDITED,,2689068.0373,Negative
2025-07-14,DEBIT,1.59,INR,1.0,-1825555.18,LocalMart,Travel,Flight,UK,Gurugram,TRUE,SUSPECTED FRAUD,,302.1,Negative
2023-11-27,DEBIT,45.38,AED,18.4581,-1641954.78,Amazon,Education,Books,India,Delhi,TRUE,MONTHLY SUBSCRIPTION,,159149.42982000002,Negative
2024-11-05,DEBIT,36.25,USD,82.1222,-1130070.37,LocalMart,Health,Pharmacy,India,Delhi,TRUE,REPEAT PURCHASE,2024.0,565616.6525000001,Negative
2025-01-06,CREDIT,210.72,AED,18.8549,-1641954.78,BigBasket,Automotive,Fuel,Canada,Hyderabad,TRUE,MANUAL ADJUSTMENT,2017.0,754889.8603200001,Negative
2023-09-15,CREDIT,44.09,INR,1.0,-2592352.15,Starbucks,Clothing,Men,USA,Jaipur,TRUE,MONTHLY SUBSCRIPTION,2025.0,8377.1,Negative
2023-09-26,CREDIT,33.14,AED,18.5811,-1199638.52,BigBasket,Dining,Cafe,Australia,Bengaluru,TRUE,CHARGEBACK REQUESTED,,116997.75426,Negative
2024-10-22,CREDIT,33.37,AED,20.2873,-564880.48,Paytm Mall,Clothing,Men,USA,Chennai,TRUE,CHARGEBACK REQUESTED,,128627.56818999999,Negative
2024-10-30,CREDIT,30.46,INR,1.0,-2463529.37,Amazon,Entertainment,Concert,Canada,Chennai,TRUE,CASHBACK CREDITED,2020.0,5787.400000000001,Negative
2023-12-17,CREDIT,19.46,USD,75.3101,-1560121.73,ShopEasy,Dining,Restaurant,UK,Kolkata,TRUE,CASHBACK CREDITED,,278451.56374,Negative
2024-07-04,DEBIT,23.47,USD,77.0154,-1641954.78,Swiggy,Automotive,Fuel,India,Gurugram,TRUE,MANUAL ADJUSTMENT,,343434.77322,Negative
2025-06-25,DEBIT,13.62,USD,82.4094,-2873281.84,AutoZone,Travel,Flight,Australia,Delhi,TRUE,"CASHBACK CREDITED -- VERIFY
CONTACT SUPPORT",,213259.04532,Negative
2023-10-14,DEBIT,33.37,INR,1.0,-280976.64,LocalMart,Utilities,Water,Australia,Gurugram,TRUE,CHARGEBACK REQUESTED,2015.0,6340.299999999999,Negative
2024-06-18,DEBIT,33.37,GBP,106.1807,-1675765.69,Reliance,Dining,FastFood,UAE,Mumbai,TRUE,PROMO APPLIED,2024.0,673217.4922099999,Negative
2025-03-19,DEBIT,18.67,AED,18.4344,-1850310.09,Flipkart,Clothing,Women,UAE,Delhi,TRUE,"CHARGEBACK REQUESTED -- VERIFY
CONTACT SUPPORT",,65392.347120000006,Negative
2025-02-06,DEBIT,265.91,USD,81.1138,-541342.92,Swiggy,Automotive,Repair,UK,Pune,TRUE,MANUAL ADJUSTMENT,,4098104.40602,Negative
2023-12-07,REFUND,42.32,GBP,97.963,-1652778.03,Reliance,Dining,Cafe,Australia,Gurugram,TRUE,CHARGEBACK REQUESTED,,787700.8903999999,Negative
2025-07-15,CREDIT,21.47,USD,74.6147,-2904239.65,ShopEasy,Automotive,Fuel,India,Jaipur,TRUE,SUSPECTED FRAUD,,304375.74571,Negative
2025-02-27,CREDIT,138.65,GBP,106.6408,-1641954.78,Starbucks,Electronics,Accessory,UK,Jaipur,TRUE,,,2809291.9148,Negative
2023-09-16,CREDIT,22.5,INR,1.0,-2120233.66,AutoZone,Dining,Restaurant,USA,Gurugram,TRUE,REPEAT PURCHASE,2023.0,4275.0,Negative
2023-11-27,DEBIT,33.37,INR,1.0,-1221432.78,Myntra,Automotive,Repair,UK,Kolkata,TRUE,REPEAT PURCHASE,,6340.299999999999,Negative
2025-02-06,CREDIT,7.02,AED,18.4901,-1641954.78,Myntra,Automotive,Fuel,USA,Mumbai,TRUE,SUSPECTED FRAUD,,24662.09538,Negative
2025-01-23,DEBIT,70.24,GBP,91.9249,-2467284.56,Paytm Mall,Electronics,Mobile,UK,Pune,TRUE,MONTHLY SUBSCRIPTION,,1226792.94544,Negative
2024-09-23,DEBIT,14.18,INR,1.0,-1675994.05,ElectroWorld,Travel,Flight,USA,Kolkata,TRUE,CASHBACK CREDITED,,2694.2,Negative
2025-03-30,DEBIT,14.42,INR,1.0,-1641954.78,LocalMart,Entertainment,Streaming,UK,Delhi,TRUE,SUSPECTED FRAUD,,2739.8,Negative
2024-06-10,CREDIT,33.37,USD,78.3444,-2913311.1,Myntra,Travel,Hotel,USA,Jaipur,TRUE,SUSPECTED FRAUD,,496726.99931999994,Negative
2025-05-20,CREDIT,33.37,GBP,103.8634,-1641954.78,Myntra,Clothing,Men,UK,Delhi,TRUE,SUSPECTED FRAUD,,658525.1150199999,Negative
2024-06-18,CREDIT,14.79,USD,76.7499,-1641954.78,Walmart,Dining,FastFood,UAE,Mumbai,TRUE,REPEAT PURCHASE,2017.0,215674.89398999998,Negative
2023-12-17,DEBIT,76.6,AED,18.2573,-1284114.01,BigBasket,Electronics,Accessory,Australia,Bengaluru,TRUE,CASHBACK CREDITED,2018.0,265716.7442,Negative
2023-11-12,REFUND,31.58,INR,1.0,-447196.14,ShopEasy,Groceries,Supermarket,UK,Pune,TRUE,SUSPECTED FRAUD,,6000.2,Negative
2024-06-01,DEBIT,42.8,USD,81.4737,-1641954.78,Flipkart,Entertainment,Movies,UAE,Pune,TRUE,,2020.0,662544.1283999999,Negative
2025-06-14,DEBIT,28.26,AED,19.577,-1641954.78,ElectroWorld,Clothing,Men,Australia,Pune,TRUE,MONTHLY SUBSCRIPTION,,105116.74380000001,Negative
2024-06-08,CREDIT,298.59,USD,77.0675,-1625058.36,Starbucks,Electronics,Mobile,UK,Kolkata,TRUE,SUSPECTED FRAUD,2017.0,4372201.11675,Negative
2024-06-03,CREDIT,41.69,AED,18.149,-2419355.2,AutoZone,Utilities,Water,UK,Noida,TRUE,,,143760.0439,Negative
2023-12-22,DEBIT,33.37,INR,1.0,-1641954.78,Reliance,Travel,Hotel,Australia,Bengaluru,TRUE,SUSPECTED FRAUD,,6340.299999999999,Negative
2024-08-18,DEBIT,33.37,GBP,93.2879,-1077199.49,Starbucks,Clothing,Women,India,Pune,TRUE,MANUAL ADJUSTMENT,,591473.2723699999,Negative
2025-07-16,DEBIT,33.37,GBP,94.2949,-1009038.58,AutoZone,Health,Clinic,Australia,Bengaluru,TRUE,REPEAT PURCHASE,,597857.9544699999,Negative
2023-12-27,DEBIT,45.23,USD,82.1454,-1641954.78,Myntra,Electronics,Mobile,USA,Bengaluru,TRUE,CHARGEBACK REQUESTED,,705932.92398,Negative
2025-04-22,REFUND,96.59,INR,1.0,-2249299.94,Reliance,Electronics,Accessory,UK,Jaipur,TRUE,SUSPECTED FRAUD,,18352.100000000002,Negative
2024-11-19,DEBIT,33.37,AED,20.9973,-1641954.78,ShopEasy,Automotive,Fuel,UAE,Kolkata,TRUE,MONTHLY SUBSCRIPTION,,133129.18119,Negative
2023-12-23,CREDIT,17.65,USD,79.5138,-436698.44,Starbucks,Travel,Hotel,India,Bengaluru,TRUE,REPEAT PURCHASE,,266649.5283,Negative
2025-08-12,CREDIT,28.84,INR,1.0,-2428584.0,Flipkart,Utilities,Water,UAE,Gurugram,TRUE,,,5479.6,Negative
2024-05-27,DEBIT,166.58,GBP,102.2818,-1641954.78,ElectroWorld,Electronics,Accessory,UAE,Pune,TRUE,,,3237239.4263600004,Negative
2023-11-09,REFUND,22.35,INR,1.0,-144970.2,ShopEasy,Automotive,Repair,USA,Pune,TRUE,MANUAL ADJUSTMENT,,4246.5,Negative
2024-07-16,CREDIT,33.37,AED,21.7445,-481015.62,Zomato,Electronics,Mobile,India,Pune,TRUE,MONTHLY SUBSCRIPTION,,137866.65334999998,Negative
2024-05-16,DEBIT,33.37,INR,1.0,-2624978.58,LocalMart,Electronics,Accessory,India,Kolkata,TRUE,SUSPECTED FRAUD,,6340.299999999999,Negative
2023-10-21,DEBIT,136.0,INR ,1.0,-2904210.45,Amazon,Travel,Flight,UAE,Bengaluru,TRUE,REPEAT PURCHASE,2016.0,25840.0,Negative
2024-05-07,DEBIT,91.16,USD,77.3292,-2677988.52,ElectroWorld,Travel,Flight,UK,Bengaluru,TRUE,SUSPECTED FRAUD,,1339372.6756799999,Negative
2024-08-21,CREDIT,33.37,INR ,1.0,-974966.2,Flipkart,Education,Books,UK,Hyderabad,TRUE,CHARGEBACK REQUESTED,,6340.299999999999,Negative
2024-08-30,DEBIT,9.4,INRR,1.0,-2122448.24,AutoZone,Dining,Cafe,USA,Delhi,TRUE,MONTHLY SUBSCRIPTION,2018.0,1786.0,Negative
2025-07-19,CREDIT,107.19,INR,1.0,-1271421.66,Starbucks,Entertainment,Streaming,Australia,Jaipur,TRUE,REPEAT PURCHASE,,20366.1,Negative
2025-02-18,DEBIT,84.27,INR,1.0,-987286.92,LocalMart,Dining,Restaurant,UK,Hyderabad,TRUE,REPEAT PURCHASE,,16011.3,Negative
2023-12-30,DEBIT,145.9,INR,1.0,-1270814.32,BigBasket,Health,Pharmacy,Canada,Delhi,TRUE,,,27721.0,Negative
2025-06-22,CREDIT,7.88,INR,1.0,-985668.98,Starbucks,Dining,Restaurant,India,Noida,TRUE,CASHBACK CREDITED,2021.0,1497.2,Negative
2025-05-24,DEBIT,33.37,INR,1.0,-2120822.97,ShopEasy,Electronics,Mobile,Australia,Mumbai,TRUE,SUSPECTED FRAUD,,6340.299999999999,Negative
2025-04-24,DEBIT,83.62,INR,1.0,-1714852.19,Reliance,Education,Books,Canada,Kolkata,TRUE,,,15887.800000000001,Negative
2023-11-29,DEBIT,16.69,AED,18.298,-540488.36,Myntra,Automotive,Repair,UAE,Bengaluru,TRUE,PROMO APPLIED,,58024.7878,Negative
2024-11-06,DEBIT,137.94,AED,18.2636,-1641954.78,Starbucks,Automotive,Repair,UK,Jaipur,TRUE,CHARGEBACK REQUESTED,,478663.38696,Negative
2025-06-12,DEBIT,138.42,USD,80.6741,-2119545.88,ShopEasy,Dining,FastFood,UAE,Delhi,TRUE,MANUAL ADJUSTMENT,2022.0,2121712.69518,Negative
2025-05-14,REFUND,33.37,USD,80.6698,-556625.78,Myntra,Travel,Taxi,USA,Chennai,TRUE,CHARGEBACK REQUESTED,,511470.73293999996,Negative
2023-10-17,DEBIT,33.37,USD,75.6554,-2682215.4,BigBasket,Utilities,Electricity,USA,Hyderabad,TRUE,CHARGEBACK REQUESTED,,479677.9326199999,Negative
2024-03-11,DEBIT,8.98,INRR,1.0,-1271039.39,AutoZone,Entertainment,Concert,UAE,Hyderabad,TRUE,SUSPECTED FRAUD,2016.0,1706.2,Negative
2025-07-31,CREDIT,120.57,INR,1.0,-2463337.19,AutoZone,Electronics,Accessory,UAE,Jaipur,TRUE,SUSPECTED FRAUD,2022.0,22908.3,Negative
2025-05-06,CREDIT,28.01,USD,76.9207,-554969.54,Reliance,Utilities,Water,USA,Gurugram,TRUE,,,409364.27333,Negative
2024-11-27,DEBIT,12.55,USD,78.1749,-144856.95,Starbucks,Health,Clinic,UK,Mumbai,TRUE,SUSPECTED FRAUD,,186408.04904999997,Negative
2024-06-25,DEBIT,7.39,USD,74.6908,-1269258.55,AutoZone,Education,Course,Australia,Pune,TRUE,SUSPECTED FRAUD,2016.0,104873.35228,Negative
2024-05-01,CREDIT,33.37,INR,1.0,-1641954.78,LocalMart,Education,Course,USA,Kolkata,TRUE,CASHBACK CREDITED,2021.0,6340.299999999999,Negative
2023-10-23,DEBIT,18.45,USD,82.139,-2874029.96,Zomato,Clothing,Women,UK,Hyderabad,TRUE,,,287938.2645,Negative
2025-02-19,CREDIT,33.37,AED,21.998,-1850090.79,Paytm Mall,Travel,Flight,Canada,Gurugram,TRUE,,,139473.9194,Negative
2025-03-16,DEBIT,61.51,GBP,108.558,-1001177.46,ShopEasy,Health,Pharmacy,India,Bengaluru,TRUE,REPEAT PURCHASE,,1268706.4902,Negative
2025-01-14,DEBIT,23.76,GBP,90.934,-2868940.95,Flipkart,Dining,FastFood,UAE,Bengaluru,TRUE,SUSPECTED FRAUD,,410512.4496,Negative
2023-10-11,CREDIT,160.86,GBP,93.4031,-1077462.25,Walmart,Automotive,Repair,Australia,Noida,TRUE,MANUAL ADJUSTMENT,2024.0,2854716.30654,Negative
2025-05-19,CREDIT,99.12,USD,72.1328,-1000963.6,Amazon,Groceries,Supermarket,Canada,Hyderabad,TRUE,CHARGEBACK REQUESTED,2024.0,1358462.59584,Negative
2025-06-27,CREDIT,33.37,GBP,102.1239,-2514159.79,Myntra,Education,Course,Australia,Pune,TRUE,REPEAT PURCHASE,,647496.16317,Negative
2025-07-15,REFUND,43.42,USD,78.0877,-2112493.42,Starbucks,Automotive,Fuel,UK,Gurugram,TRUE,PROMO APPLIED,,644207.90746,Negative
2024-07-23,DEBIT,36.07,INR,1.0,-1985686.14,Zomato,Health,Clinic,Canada,Gurugram,TRUE,MANUAL ADJUSTMENT,,6853.3,Negative
2025-01-14,REFUND,46.35,GBP,102.5744,-1162719.48,AutoZone,Clothing,Men,UK,Chennai,TRUE,MANUAL ADJUSTMENT,,903321.4536,Negative
2023-12-31,CREDIT,55.63,USD,80.2088,-1676615.54,Flipkart,Clothing,Women,India,Pune,TRUE,,,847782.9533599999,Negative
2024-01-18,DEBIT,114.33,USD,78.3644,-1150907.94,Paytm Mall,Electronics,Laptop,USA,Delhi,TRUE,PROMO APPLIED,,1702286.3518800002,Negative
2025-07-01,REFUND,127.26,USD,81.806,-2626217.64,LocalMart,Clothing,Men,Australia,Jaipur,TRUE,,,1978019.9964,Negative
2024-03-27,DEBIT,110.9,AED,19.7058,-2514128.96,Swiggy,Automotive,Repair,Australia,Chennai,TRUE,REPEAT PURCHASE,,415220.9118,Negative
2025-08-21,DEBIT,31.9,INR,1.0,-1626938.62,BigBasket,Entertainment,Movies,UK,Hyderabad,TRUE,CASHBACK CREDITED,,6061.0,Negative
2024-05-29,CREDIT,75.01,AED,18.9419,-2419176.59,Swiggy,Dining,Restaurant,USA,Gurugram,TRUE,,2020.0,269958.06461000006,Negative
2024-04-28,DEBIT,146.57,USD,72.0905,-1991263.1,BigBasket,Education,Books,India,Hyderabad,TRUE,,2023.0,2007597.87115,Negative
2024-05-06,DEBIT,21.04,GBP,99.2077,-1641954.78,Reliance,Utilities,Internet,UK,Pune,TRUE,,2018.0,396592.70152,Negative
2025-06-20,CREDIT,1.23,INR,1.0,-1627006.99,Amazon,Groceries,Specialty,USA,Jaipur,TRUE,CHARGEBACK REQUESTED,,233.7,Negative
2024-07-26,REFUND,39.23,INR,1.0,-1637588.32,Starbucks,Health,Pharmacy,Australia,Bengaluru,TRUE,PROMO APPLIED,,7453.7,Negative
2024-06-06,DEBIT,5.17,GBP,93.9783,-1642242.02,Amazon,Education,Books,India,Delhi,TRUE,REPEAT PURCHASE,,92314.88409,Negative
2023-12-21,CREDIT,8.95,INR ,1.0,-1641954.78,Swiggy,Electronics,Mobile,UK,Gurugram,TRUE,CASHBACK CREDITED,,1700.4999999999998,Negative
2024-10-18,DEBIT,33.37,USD,75.0203,-1641954.78,LocalMart,Clothing,Women,Canada,Mumbai,TRUE,CASHBACK CREDITED,,475651.20809000003,Negative
2025-07-18,REFUND,290.37,USD,79.3807,-1560664.53,BigBasket,Travel,Flight,UAE,Bengaluru,TRUE,CHARGEBACK REQUESTED,,4379457.03321,Negative
2024-10-19,CREDIT,33.37,USD,80.3087,-1641954.78,Starbucks,Groceries,Specialty,UAE,Chennai,TRUE,CHARGEBACK REQUESTED,,509181.25061,Negative
2024-04-17,DEBIT,122.3,INR,1.0,-1000268.73,Flipkart,Electronics,Mobile,USA,Pune,TRUE,,,23237.0,Negative
2024-09-06,DEBIT,1.81,GBP,102.1152,-1001090.53,Zomato,Clothing,Men,UK,Bengaluru,TRUE,SUSPECTED FRAUD,2019.0,35117.41728,Negative
2024-11-11,DEBIT,18.02,INR,1.0,-176088.68,Starbucks,Clothing,Women,UK,Mumbai,TRUE,CHARGEBACK REQUESTED,,3423.7999999999997,Negative
2025-05-24,CREDIT,25.52,INR,1.0,-1557053.94,Reliance,Travel,Hotel,India,Bengaluru,TRUE,CASHBACK CREDITED,,4848.8,Negative
2025-04-02,DEBIT,16.83,USD,80.0257,-1641954.78,Amazon,Groceries,Specialty,USA,Pune,TRUE,SUSPECTED FRAUD,,255898.18088999996,Negative
2024-11-02,CREDIT,33.37,INR,1.0,-1412390.37,Paytm Mall,Entertainment,Movies,UK,Jaipur,TRUE,REPEAT PURCHASE,,6340.299999999999,Negative
2023-09-18,DEBIT,33.37,GBP,92.9275,-1603347.53,AutoZone,Groceries,Specialty,UAE,Mumbai,TRUE,MANUAL ADJUSTMENT,2024.0,589188.2282499999,Negative
2024-03-22,DEBIT,6.23,USD,75.9539,-2653341.23,Reliance,Health,Pharmacy,UAE,Bengaluru,TRUE,CHARGEBACK REQUESTED,,89906.63143000001,Negative
2024-09-19,DEBIT,26.34,INR,1.0,-555261.74,Walmart,Groceries,Specialty,Canada,Pune,TRUE,,2016.0,5004.6,Negative
2023-11-17,DEBIT,39.22,AED,21.5738,-1850118.33,Myntra,Health,Pharmacy,Canada,Delhi,TRUE,SUSPECTED FRAUD,,160763.64284,Negative
2024-05-24,CREDIT,19.25,AED,20.0833,-1269350.11,Starbucks,Dining,FastFood,UK,Jaipur,TRUE,REPEAT PURCHASE,2016.0,73454.66975000002,Negative
2025-06-21,CREDIT,41.27,USD,79.4751,-974207.37,Swiggy,Automotive,Fuel,UAE,Chennai,TRUE,PROMO APPLIED,2019.0,623188.10163,Negative
2025-05-14,CREDIT,33.37,INR,1.0,-1641954.78,BigBasket,Dining,FastFood,Canada,Delhi,TRUE,CHARGEBACK REQUESTED,,6340.299999999999,Negative
2024-02-08,CREDIT,4.88,INR,1.0,-2579237.42,Amazon,Health,Pharmacy,UAE,Chennai,TRUE,"MANUAL ADJUSTMENT -- VERIFY
CONTACT SUPPORT",2025.0,927.1999999999999,Negative
2025-06-27,CREDIT,16.01,AED,19.7926,-974732.15,AutoZone,Health,Pharmacy,Australia,Bengaluru,TRUE,MANUAL ADJUSTMENT,,60207.10994000001,Negative
2023-10-29,CREDIT,103.72,GBP,98.3677,-1625546.71,Zomato,Entertainment,Concert,USA,Bengaluru,TRUE,PROMO APPLIED,,1938512.59036,Negative
2023-09-25,CREDIT,71.84,USD,80.7568,-258193.64,ElectroWorld,Entertainment,Concert,USA,Hyderabad,TRUE,,,1102298.01728,Negative
2024-01-31,DEBIT,16.33,INR,1.0,-1641954.78,Starbucks,Utilities,Electricity,Australia,Bengaluru,TRUE,MANUAL ADJUSTMENT,2022.0,3102.7,Negative
2024-09-24,DEBIT,8.64,INR,1.0,-553721.47,Flipkart,Groceries,Supermarket,UAE,Kolkata,TRUE,PROMO APPLIED,,1641.6000000000001,Negative
2024-09-20,DEBIT,33.37,USD,72.2077,-1288348.63,Myntra,Clothing,Men,Canada,Hyderabad,TRUE,,,457818.48031,Negative
2023-09-24,REFUND,9.13,USD,81.6461,-1641954.78,Starbucks,Automotive,Repair,Australia,Bengaluru,TRUE,CHARGEBACK REQUESTED,,141631.48967000004,Negative
2023-10-09,CREDIT,33.37,INR ,1.0,-1641954.78,Amazon,Automotive,Fuel,USA,Hyderabad,TRUE,MONTHLY SUBSCRIPTION,,6340.299999999999,Negative
2024-06-14,CREDIT,33.37,USD,74.2338,-1126379.99,LocalMart,Automotive,Fuel,Canada,Jaipur,TRUE,PROMO APPLIED,,470664.56213999994,Negative
2025-03-09,CREDIT,77.48,GBP,105.956,-1641954.78,BigBasket,Electronics,Mobile,India,Mumbai,TRUE,CASHBACK CREDITED,,1559799.4672,Negative
2025-03-03,CREDIT,29.87,USD,81.4375,-2117887.2,LocalMart,Education,Books,USA,Kolkata,TRUE,MONTHLY SUBSCRIPTION,,462182.24375,Negative
2024-08-05,DEBIT,33.37,AED,18.1679,-2121876.21,AutoZone,Health,Pharmacy,India,Hyderabad,TRUE,,,115189.93636999998,Negative
2024-01-18,REFUND,4.36,INR,1.0,-2208477.87,BigBasket,Utilities,Water,Canada,Kolkata,TRUE,,,828.4000000000001,Negative
2025-01-21,DEBIT,33.37,USD ,81.0115,-2592431.34,Paytm Mall,Education,Books,Australia,Mumbai,TRUE,PROMO APPLIED,,513637.2134499999,Negative
2025-09-11,REFUND,33.37,GBP,108.895,-173910.59,Walmart,Electronics,Mobile,India,Delhi,TRUE,SUSPECTED FRAUD,,690426.9684999998,Negative
2025-08-09,REFUND,50.91,GBP,101.1528,-2913263.77,AutoZone,Automotive,Repair,Canada,Gurugram,TRUE,CHARGEBACK REQUESTED,,978440.9191199999,Negative
2023-10-21,CREDIT,263.05,INR,1.0,-986086.96,ShopEasy,Education,Course,India,Delhi,TRUE,,,49979.5,Negative
2024-04-05,DEBIT,303.68,GBP,102.4548,-530323.26,BigBasket,Health,Clinic,USA,Jaipur,TRUE,MANUAL ADJUSTMENT,,5911559.996160001,Negative
2025-02-27,DEBIT,6.31,USD,76.8217,-2826442.74,ShopEasy,Electronics,Laptop,USA,Gurugram,TRUE,CHARGEBACK REQUESTED,,92101.53613000001,Negative
2024-05-02,DEBIT,22.27,INRR,1.0,-1712971.97,Swiggy,Entertainment,Streaming,USA,Pune,TRUE,,2016.0,4231.3,Negative
2024-05-31,DEBIT,33.37,INR,1.0,-1774484.93,ShopEasy,Dining,Restaurant,Australia,Mumbai,TRUE,MANUAL ADJUSTMENT,,6340.299999999999,Negative
2024-07-26,DEBIT,23.68,GBP ,107.7947,-2579637.62,ShopEasy,Entertainment,Streaming,Canada,Chennai,TRUE,REPEAT PURCHASE,,484989.91424,Negative
2024-04-05,CREDIT,8.53,INR,1.0,-1641954.78,BigBasket,Health,Pharmacy,Australia,Delhi,TRUE,CASHBACK CREDITED,,1620.6999999999998,Negative
2024-06-26,CREDIT,5.95,INR,1.0,-538128.33,BigBasket,Dining,Cafe,India,Pune,TRUE,CASHBACK CREDITED,,1130.5,Negative
2024-09-30,DEBIT,9.54,USD,73.4188,-260528.31,ShopEasy,Health,Pharmacy,UK,Jaipur,TRUE,MONTHLY SUBSCRIPTION,,133078.91688,Negative
2024-05-24,DEBIT,33.37,AED,19.9415,-2626137.89,ElectroWorld,Health,Pharmacy,USA,Pune,TRUE,REPEAT PURCHASE,,126435.09245,Negative
2025-03-31,REFUND,9.76,INR,1.0,-2582644.13,ShopEasy,Entertainment,Concert,India,Hyderabad,TRUE,MONTHLY SUBSCRIPTION,,1854.3999999999999,Negative
2025-07-29,DEBIT,33.87,USD,74.3573,-1131683.51,ElectroWorld,Travel,Hotel,USA,Gurugram,TRUE,PROMO APPLIED,,478511.53268999996,Negative
2023-09-19,DEBIT,41.33,AED,19.2973,-1221204.36,Reliance,Health,Clinic,Australia,Pune,TRUE,MONTHLY SUBSCRIPTION,,151535.90771,Negative
2025-03-07,DEBIT,22.52,GBP,106.4147,-175993.51,Walmart,Health,Clinic,Australia,Bengaluru,TRUE,,,455327.21835999994,Negative
2024-05-25,REFUND,36.65,INR,1.0,-2579736.68,LocalMart,Electronics,Laptop,Canada,Jaipur,TRUE,MONTHLY SUBSCRIPTION,2021.0,6963.5,Negative
2025-07-23,REFUND,66.21,USD,73.8194,-2495207.55,Paytm Mall,Entertainment,Streaming,Canada,Bengaluru,TRUE,REPEAT PURCHASE,2021.0,928640.6700599999,Negative
2024-02-21,CREDIT,224.39,USD,81.4421,-556794.93,BigBasket,Electronics,Accessory,Australia,Mumbai,TRUE,SUSPECTED FRAUD,,3472210.6356099998,Negative
2024-03-21,DEBIT,5.07,AED,18.6764,-1270350.47,ShopEasy,Education,Books,USA,Hyderabad,TRUE,,,17990.976120000003,Negative
2025-03-29,REFUND,168.47,GBP,106.1219,-280289.23,Myntra,Groceries,Specialty,Canada,Jaipur,TRUE,SUSPECTED FRAUD,,3396887.73367,Negative
2024-07-14,CREDIT,7.18,USD,74.1791,-2624419.13,Swiggy,Travel,Taxi,Australia,Bengaluru,TRUE,CHARGEBACK REQUESTED,,101195.12822000001,Negative
2025-01-26,DEBIT,371.79,AED,19.2406,-2122113.47,Walmart,Health,Pharmacy,India,Pune,TRUE,REPEAT PURCHASE,,1359157.90806,Negative
2024-10-01,DEBIT,243.17,INR,1.0,-1214548.28,Reliance,Entertainment,Movies,UK,Jaipur,TRUE,SUSPECTED FRAUD,,46202.299999999996,Negative
2025-05-21,DEBIT,4.81,AED,20.0597,-1198164.92,Starbucks,Dining,Restaurant,UK,Delhi,TRUE,,,18332.55983,Negative
2024-09-22,DEBIT,33.37,GBP,93.2947,-1499747.85,Swiggy,Groceries,Supermarket,USA,Hyderabad,TRUE,REPEAT PURCHASE,,591516.38641,Negative
2024-03-13,REFUND,134.17,GBP,101.2963,-2934394.5,Myntra,Clothing,Women,Canada,Hyderabad,TRUE,,,2582275.66849,Negative
2024-04-18,CREDIT,33.37,INR,1.0,-1641954.78,ShopEasy,Education,Course,Canada,Bengaluru,TRUE,,,6340.299999999999,Negative
2025-07-21,DEBIT,50.49,GBP,103.9301,-1197917.0,AutoZone,Education,Books,UAE,Mumbai,TRUE,MONTHLY SUBSCRIPTION,2016.0,997011.84231,Negative
2025-03-16,DEBIT,24.6,USD,81.1653,-2579504.07,ElectroWorld,Clothing,Men,UK,Pune,TRUE,SUSPECTED FRAUD,,379366.61220000003,Negative
2024-02-25,DEBIT,33.37,INR,1.0,-1641954.78,ElectroWorld,Utilities,Internet,UK,Pune,TRUE,CHARGEBACK REQUESTED,2022.0,6340.299999999999,Negative
2024-03-04,DEBIT,31.1,AED,21.7337,-1625277.58,AutoZone,Health,Pharmacy,Canada,Kolkata,TRUE,MONTHLY SUBSCRIPTION,,128424.43329999999,Negative
2025-07-22,CREDIT,5.91,INR,1.0,-2874032.91,Myntra,Groceries,Supermarket,Australia,Kolkata,TRUE,REPEAT PURCHASE,,1122.9,Negative
2024-09-15,DEBIT,33.37,USD,76.1817,-1639657.18,Walmart,Groceries,Specialty,Canada,Bengaluru,TRUE,MANUAL ADJUSTMENT,2020.0,483014.83251,Negative
2024-10-08,DEBIT,9.0,USD,72.3507,-1271043.89,ShopEasy,Health,Clinic,Australia,Bengaluru,TRUE,CASHBACK CREDITED,,123719.697,Negative
2025-03-06,DEBIT,200.9,INR,1.0,-1641954.78,Amazon,Education,Books,Canada,Bengaluru,TRUE,MONTHLY SUBSCRIPTION,,38171.0,Negative
2024-04-30,DEBIT,33.37,AED,18.827,-2775300.58,Swiggy,Education,Course,UAE,Gurugram,TRUE,,,119368.8281,Negative
2024-09-24,DEBIT,33.37,USD,79.2743,-2463348.42,Amazon,Entertainment,Movies,Australia,Delhi,TRUE,SUSPECTED FRAUD,,502622.84429,Negative
2024-01-19,DEBIT,6.13,INR,1.0,-1625262.03,Reliance,Electronics,Laptop,Canada,Pune,TRUE,CHARGEBACK REQUESTED,,1164.7,Negative
2024-08-21,DEBIT,33.37,INR,1.0,-2583029.39,Zomato,Health,Pharmacy,Australia,Delhi,TRUE,CHARGEBACK REQUESTED,2025.0,6340.299999999999,Negative
2025-01-21,REFUND,33.37,GBP,90.789,-1641954.78,ShopEasy,Health,Clinic,UAE,Gurugram,TRUE,"PROMO APPLIED -- VERIFY
CONTACT SUPPORT",,575629.4967,Negative
2024-04-22,DEBIT,9.01,AED,20.9016,-1500091.55,ElectroWorld,Utilities,Internet,Australia,Noida,TRUE,SUSPECTED FRAUD,,35781.44904,Negative
2025-04-20,CREDIT,8.06,INR,1.0,-1641954.78,Paytm Mall,Dining,Restaurant,UAE,Delhi,TRUE,SUSPECTED FRAUD,,1531.4,Negative
2024-10-17,REFUND,128.24,USD,76.0898,-1641954.78,LocalMart,Automotive,Fuel,USA,Mumbai,TRUE,,,1853973.6308799998,Negative
2024-11-15,DEBIT,33.37,INR,1.0,-2466952.15,Paytm Mall,Clothing,Women,India,Chennai,TRUE,MANUAL ADJUSTMENT,,6340.299999999999,Negative
2024-11-12,DEBIT,26.15,AED,19.7417,-2308564.97,Zomato,Groceries,Specialty,UK,Pune,TRUE,CHARGEBACK REQUESTED,,98086.63645,Negative
2024-11-30,DEBIT,28.85,INR,1.0,-1641954.78,Paytm Mall,Clothing,Men,USA,Gurugram,TRUE,CASHBACK CREDITED,,5481.5,Negative
2023-09-16,DEBIT,33.37,INR,1.0,-1889660.31,ShopEasy,Utilities,Internet,UAE,Chennai,TRUE,MANUAL ADJUSTMENT,,6340.299999999999,Negative
2025-09-08,DEBIT,25.56,INR,1.0,-1774545.02,Flipkart,Automotive,Fuel,Canada,Noida,TRUE,,,4856.4,Negative
2024-11-21,CREDIT,33.37,INR,1.0,-1169012.84,Walmart,Health,Clinic,USA,Mumbai,TRUE,SUSPECTED FRAUD,2020.0,6340.299999999999,Negative
2025-08-12,CREDIT,33.37,AED,21.1078,-1162827.51,Flipkart,Health,Pharmacy,Canada,Delhi,TRUE,PROMO APPLIED,,133829.78434,Negative
2024-01-07,CREDIT,33.47,USD,75.5201,-2624683.61,Zomato,Clothing,Women,UAE,Jaipur,TRUE,CASHBACK CREDITED,,480254.97192999994,Negative
2024-01-22,REFUND,25.2,AED,21.5113,-1931590.6,ElectroWorld,Utilities,Electricity,USA,Mumbai,TRUE,CHARGEBACK REQUESTED,2022.0,102996.1044,Negative
2023-11-09,REFUND,34.05,INR,1.0,-2775097.29,Reliance,Clothing,Men,USA,Kolkata,TRUE,REPEAT PURCHASE,,6469.499999999999,Negative
2025-09-07,REFUND,17.78,INR,1.0,-2582788.72,Zomato,Automotive,Fuel,USA,Jaipur,TRUE,,2022.0,3378.2000000000003,Negative
2024-01-30,REFUND,6.07,USD,80.9133,-595530.32,ElectroWorld,Dining,Cafe,Australia,Hyderabad,TRUE,SUSPECTED FRAUD,,93317.30889000001,Negative
2024-05-26,CREDIT,22.01,USD,72.5124,-1641954.78,Reliance,Education,Course,UK,Kolkata,TRUE,REPEAT PURCHASE,,303239.60556,Negative
2025-01-02,REFUND,42.67,USD,75.3072,-1641954.78,AutoZone,Entertainment,Streaming,USA,Jaipur,TRUE,REPEAT PURCHASE,2019.0,610538.06256,Negative
2024-06-06,DEBIT,163.01,AED,21.3894,-1641954.78,ShopEasy,Groceries,Supermarket,UK,Pune,TRUE,PROMO APPLIED,,662470.35786,Negative
2024-04-03,DEBIT,23.24,INR,1.0,-1641954.78,ElectroWorld,Health,Clinic,USA,Noida,TRUE,SUSPECTED FRAUD,,4415.599999999999,Negative
2023-10-03,CREDIT,14.71,AED,20.7841,-537965.84,Reliance,Dining,FastFood,Canada,Gurugram,TRUE,REPEAT PURCHASE,2016.0,58089.481089999994,Negative
2024-08-23,REFUND,33.37,GBP,106.0708,-594300.86,LocalMart,Automotive,Repair,UK,Kolkata,TRUE,MANUAL ADJUSTMENT,2017.0,672520.6932399999,Negative
2023-10-01,DEBIT,33.37,INR,1.0,-2538885.73,BigBasket,Travel,Taxi,USA,Kolkata,TRUE,MONTHLY SUBSCRIPTION,2023.0,6340.299999999999,Negative
2024-09-05,REFUND,33.37,USD,79.0643,-280473.86,Swiggy,Automotive,Fuel,Australia,Mumbai,TRUE,CHARGEBACK REQUESTED,,501291.38128999993,Negative
2025-01-14,DEBIT,27.29,USD,80.2195,-145096.74,Zomato,Groceries,Specialty,UAE,Gurugram,TRUE,SUSPECTED FRAUD,2017.0,415946.12944999995,Negative
2024-10-01,CREDIT,23.87,USD,78.0701,-281953.03,Flipkart,Utilities,Water,Canada,Hyderabad,TRUE,MONTHLY SUBSCRIPTION,,354071.32453,Negative
2024-01-09,REFUND,77.0,INR,1.0,-2826428.39,Amazon,Entertainment,Streaming,India,Noida,TRUE,REPEAT PURCHASE,,14630.0,Negative
2025-07-31,CREDIT,15.86,USD,72.5276,-2465607.93,Amazon,Clothing,Men,UAE,Hyderabad,TRUE,MONTHLY SUBSCRIPTION,2019.0,218554.66984,Negative
2024-09-03,DEBIT,3.19,USD,78.0722,-1675746.91,Zomato,Automotive,Fuel,USA,Gurugram,TRUE,REPEAT PURCHASE,2022.0,47319.560419999994,Negative
2024-02-11,DEBIT,55.09,GBP,90.8066,-541404.43,Swiggy,Groceries,Specialty,USA,Bengaluru,TRUE,,,950481.7628600001,Negative
2025-08-17,DEBIT,105.89,INR,1.0,-144951.9,Myntra,Groceries,Supermarket,India,Chennai,TRUE,,,20119.1,Negative
2024-03-12,CREDIT,9.67,USD,75.3025,-2680697.54,Walmart,Travel,Flight,USA,Mumbai,TRUE,MONTHLY SUBSCRIPTION,,138353.28325,Negative
2024-08-10,DEBIT,15.41,GBP,106.6556,-1626884.4,Flipkart,Travel,Hotel,UK,Pune,TRUE,,2022.0,312276.93124,Negative
2024-12-23,CREDIT,71.85,GBP,100.5028,-1641954.78,ShopEasy,Health,Clinic,Australia,Gurugram,TRUE,MANUAL ADJUSTMENT,,1372013.9741999998,Negative
2025-08-03,REFUND,33.0,USD,79.7933,-2868208.55,Zomato,Entertainment,Concert,UAE,Noida,TRUE,CHARGEBACK REQUESTED,,500303.991,Negative
2024-10-15,REFUND,26.82,INR,1.0,-1641954.78,ShopEasy,Electronics,Mobile,India,Delhi,TRUE,CHARGEBACK REQUESTED,2018.0,5095.8,Negative
2024-07-05,DEBIT,14.97,INR,1.0,-1641954.78,BigBasket,Groceries,Supermarket,USA,Gurugram,TRUE,,2023.0,2844.3,Negative
2025-04-30,CREDIT,33.37,USD,73.5222,-1676563.71,Flipkart,Electronics,Mobile,Canada,Pune,TRUE,PROMO APPLIED,,466152.80465999997,Negative
2025-06-10,DEBIT,33.37,INR,1.0,-1641954.78,Paytm Mall,Health,Clinic,UAE,Chennai,TRUE,,,6340.299999999999,Negative
2024-10-15,CREDIT,122.68,USD,82.3244,-595680.39,Paytm Mall,Automotive,Repair,Australia,Bengaluru,TRUE,CASHBACK CREDITED,,1918915.90448,Negative
2025-01-19,DEBIT,44.37,INR,1.0,-530061.44,ShopEasy,Travel,Hotel,India,Noida,TRUE,MANUAL ADJUSTMENT,2021.0,8430.3,Negative
2023-12-11,CREDIT,13.53,GBP,102.0848,-1641954.78,Myntra,Education,Books,Canada,Delhi,TRUE,PROMO APPLIED,,262429.39535999997,Negative
2024-08-22,CREDIT,31.6,GBP,90.4002,-1714285.05,LocalMart,Dining,FastFood,UK,Noida,TRUE,PROMO APPLIED,,542762.8008000001,Negative
2025-05-10,DEBIT,5.05,INR,1.0,-1641954.78,Flipkart,Health,Clinic,UAE,Bengaluru,TRUE,,,959.5,Negative
2025-06-23,DEBIT,85.81,INR,1.0,-1150771.35,Starbucks,Automotive,Repair,Canada,Hyderabad,TRUE,REPEAT PURCHASE,,16303.9,Negative
2024-07-04,CREDIT,63.82,INR,1.0,-1641954.78,Amazon,Education,Books,UK,Hyderabad,TRUE,CASHBACK CREDITED,2019.0,12125.8,Negative
2025-02-23,REFUND,25.0,GBP,97.9437,9791.93,BigBasket,Dining,Cafe,UK,Pune,TRUE,MANUAL ADJUSTMENT,,465232.575,Positive
2024-05-28,DEBIT,33.37,USD,80.1304,-2419583.4,AutoZone,Health,Pharmacy,UAE,Delhi,TRUE,,,508050.77511999995,Negative
2024-12-08,REFUND,1.88,INR,1.0,-2121305.01,Amazon,Automotive,Fuel,India,Noida,TRUE,CASHBACK CREDITED,,357.2,Negative
2025-01-10,CREDIT,33.37,INR,1.0,-1642414.84,Walmart,Clothing,Men,UK,Bengaluru,TRUE,MANUAL ADJUSTMENT,,6340.299999999999,Negative
2025-01-25,DEBIT,33.37,USD,78.2245,9559.39,Flipkart,Education,Books,USA,Mumbai,TRUE,MANUAL ADJUSTMENT,2024.0,495966.79735,Positive
2024-06-10,DEBIT,67.51,GBP,103.2305,-1170489.67,LocalMart,Electronics,Laptop,UAE,Kolkata,TRUE,MANUAL ADJUSTMENT,2018.0,1324127.3004500002,Negative
2024-01-28,DEBIT,216.18,USD,81.4538,-1603466.48,Walmart,Education,Course,UK,Mumbai,TRUE,,,3345649.67196,Negative
2024-03-10,DEBIT,3.11,INR,1.0,-1641954.78,Amazon,Education,Books,UAE,Hyderabad,TRUE,,2024.0,590.9,Negative
2024-07-11,DEBIT,33.37,USD,74.1427,-457253.21,Flipkart,Education,Books,USA,Gurugram,TRUE,SUSPECTED FRAUD,,470086.96081,Negative
2024-04-15,CREDIT,14.85,GBP,108.466,-965038.18,Paytm Mall,Electronics,Laptop,USA,Kolkata,TRUE,CASHBACK CREDITED,,306036.81899999996,Negative
2025-02-28,DEBIT,15.79,GBP,98.5884,-2775706.06,Swiggy,Travel,Hotel,USA,Hyderabad,TRUE,MANUAL ADJUSTMENT,,295775.05883999995,Negative
2025-06-29,CREDIT,4.48,INR,1.0,-1641954.78,Starbucks,Utilities,Water,USA,Pune,TRUE,,,851.2,Negative
2025-03-11,CREDIT,10.89,INR,1.0,-1641954.78,Starbucks,Utilities,Water,USA,Bengaluru,TRUE,REPEAT PURCHASE,,2069.1,Negative
2025-07-10,CREDIT,3.8,AED,20.4625,-1131159.29,ElectroWorld,Health,Clinic,Canada,Chennai,TRUE,MANUAL ADJUSTMENT,,14773.925,Negative
2025-04-22,DEBIT,85.89,INR,1.0,-1001231.72,ElectroWorld,Utilities,Electricity,UK,Chennai,TRUE,SUSPECTED FRAUD,2022.0,16319.1,Negative
2024-05-03,DEBIT,408.23,AED,21.6116,-1641954.78,Flipkart,Dining,Restaurant,UAE,Bengaluru,TRUE,PROMO APPLIED,2018.0,1676275.65892,Negative
2023-12-11,CREDIT,33.37,AED,18.3525,-1641954.78,Paytm Mall,Groceries,Supermarket,USA,Bengaluru,TRUE,PROMO APPLIED,2026.0,116360.35574999999,Negative
2025-07-05,DEBIT,133.52,INR,1.0,-1143335.7,Myntra,Clothing,Women,UK,Kolkata,TRUE,,,25368.800000000003,Negative
2024-10-26,DEBIT,59.24,USD,77.682,-1641954.78,BigBasket,Entertainment,Concert,India,Delhi,TRUE,MANUAL ADJUSTMENT,,874357.5192000001,Negative
2025-03-04,REFUND,49.32,INR,1.0,-1105569.99,Zomato,Utilities,Electricity,UAE,Pune,TRUE,CHARGEBACK REQUESTED,,9370.8,Negative
2024-12-01,CREDIT,4.47,INR,1.0,-276242.41,ShopEasy,Health,Pharmacy,UK,Chennai,TRUE,MANUAL ADJUSTMENT,,849.3,Negative
2024-03-24,CREDIT,33.37,AED,21.9367,-2121194.97,Reliance,Utilities,Internet,UK,Bengaluru,TRUE,SUSPECTED FRAUD,,139085.25900999998,Negative
2024-06-22,DEBIT,21.47,AED,20.6676,-1865713.61,Paytm Mall,Dining,Restaurant,UAE,Gurugram,TRUE,CHARGEBACK REQUESTED,,84309.34068,Negative
2025-02-17,DEBIT,33.37,AED,18.5087,-1077316.8,LocalMart,Dining,Cafe,Australia,Kolkata,TRUE,MANUAL ADJUSTMENT,,117350.71061,Negative
2025-01-29,CREDIT,35.26,INR,1.0,-1865467.09,Zomato,Entertainment,Movies,UAE,Jaipur,TRUE,REPEAT PURCHASE,2019.0,6699.4,Negative
2025-08-17,DEBIT,33.37,INR,1.0,-2901119.22,Flipkart,Groceries,Specialty,India,Pune,TRUE,CHARGEBACK REQUESTED,,6340.299999999999,Negative
2024-01-04,REFUND,78.72,GBP,107.5143,-1483535.91,AutoZone,Travel,Taxi,UK,Mumbai,TRUE,,2019.0,1608069.8822400002,Negative
2024-02-07,DEBIT,33.37,INR,1.0,-2121245.83,Reliance,Entertainment,Streaming,USA,Jaipur,TRUE,MANUAL ADJUSTMENT,,6340.299999999999,Negative
2025-05-31,DEBIT,35.59,INR,1.0,-2121091.07,AutoZone,Entertainment,Streaming,Canada,Noida,TRUE,CASHBACK CREDITED,,6762.1,Negative
2024-03-11,CREDIT,8.7,INR,1.0,-1935722.45,LocalMart,Entertainment,Movies,UK,Jaipur,TRUE,MANUAL ADJUSTMENT,,1652.9999999999998,Negative
2024-12-07,DEBIT,29.51,AED,20.1559,-446279.48,Flipkart,Utilities,Water,UK,Noida,TRUE,MANUAL ADJUSTMENT,2015.0,113012.11571,Negative
2024-10-11,CREDIT,33.37,INR,1.0,-2495174.44,Amazon,Dining,FastFood,Canada,Noida,TRUE,CHARGEBACK REQUESTED,2019.0,6340.299999999999,Negative
2024-06-08,DEBIT,16.21,USD,75.5403,-2418952.82,BigBasket,Education,Books,UAE,Noida,TRUE,MONTHLY SUBSCRIPTION,,232656.56997000004,Negative
2025-04-06,CREDIT,12.02,USD,75.4074,-2452524.31,Zomato,Utilities,Internet,India,Jaipur,TRUE,MANUAL ADJUSTMENT,,172215.42012,Negative
2025-06-16,CREDIT,9.33,USD,82.4201,-2867015.77,BigBasket,Groceries,Supermarket,UK,Chennai,TRUE,SUSPECTED FRAUD,,146106.11127000002,Negative
2024-08-11,DEBIT,31.67,INR,1.0,-554526.93,Flipkart,Travel,,Canada,Bengaluru,TRUE,,,6017.3,Negative
2023-12-07,CREDIT,6.56,INR,1.0,-1931920.92,Walmart,Dining,Restaurant,India,Kolkata,TRUE,MANUAL ADJUSTMENT,,1246.3999999999999,Negative
2025-06-02,CREDIT,1.02,INR,1.0,-554752.59,Zomato,Dining,Restaurant,Australia,Mumbai,TRUE,CASHBACK CREDITED,2023.0,193.8,Negative
2024-10-02,CREDIT,9.13,INR,1.0,-1641954.78,Starbucks,Groceries,Supermarket,UK,Gurugram,TRUE,MONTHLY SUBSCRIPTION,2025.0,1734.7,Negative
2023-12-16,DEBIT,33.37,USD,74.921,-2464713.98,Paytm Mall,Electronics,Laptop,Australia,Mumbai,TRUE,,2026.0,475021.6163,Negative
2025-04-09,CREDIT,65.61,USD,80.3424,-537888.04,Reliance,Utilities,Water,India,Gurugram,TRUE,MONTHLY SUBSCRIPTION,,1001540.32416,Negative
2024-05-20,REFUND,17.77,USD,77.2282,-1641954.78,Myntra,Clothing,Men,India,Hyderabad,TRUE,CASHBACK CREDITED,,260745.57166,Negative
2024-04-17,CREDIT,19.98,INR,1.0,-1641954.78,Flipkart,Automotive,Repair,Canada,Kolkata,TRUE,CHARGEBACK REQUESTED,,3796.2000000000003,Negative
2025-03-01,REFUND,306.41,USD,74.7745,-987471.79,ElectroWorld,Travel,Taxi,India,Mumbai,TRUE,MANUAL ADJUSTMENT,2019.0,4353214.36355,Negative
2024-10-26,REFUND,16.1,INR,1.0,-2934461.58,ElectroWorld,Groceries,Specialty,India,Delhi,TRUE,CASHBACK CREDITED,,3059.0000000000005,Negative
2024-03-29,DEBIT,17.12,GBP,100.1033,-1484002.89,BigBasket,Health,Pharmacy,Canada,Kolkata,TRUE,MANUAL ADJUSTMENT,2024.0,325616.01424000005,Negative
2024-09-05,DEBIT,43.33,AED,19.2655,-189100.06,Walmart,Entertainment,Concert,Canada,Mumbai,TRUE,REPEAT PURCHASE,2018.0,158607.08185,Negative
2025-08-28,CREDIT,28.33,USD,79.7747,-1641954.78,Starbucks,Electronics,Accessory,Australia,Pune,TRUE,CHARGEBACK REQUESTED,,429403.27768999996,Negative
2025-04-06,DEBIT,33.37,USD,75.7312,-1169198.19,LocalMart,Entertainment,Concert,UAE,Mumbai,TRUE,MONTHLY SUBSCRIPTION,2025.0,480158.52735999995,Negative
2025-08-24,DEBIT,33.37,USD,80.9542,-1641954.78,Myntra,Travel,Hotel,Australia,Pune,TRUE,REPEAT PURCHASE,,513273.91425999993,Negative
2023-10-16,REFUND,33.37,AED,19.2919,-1001258.94,Starbucks,Automotive,Repair,USA,Gurugram,TRUE,REPEAT PURCHASE,2015.0,122316.43356999998,Negative
2023-09-26,CREDIT,149.44,USD,72.575,-447464.32,Swiggy,Dining,Restaurant,Australia,Mumbai,TRUE,REPEAT PURCHASE,,2060665.52,Negative
2024-03-10,DEBIT,9.16,USD,72.1646,-1714301.11,Myntra,Groceries,Specialty,Canada,Delhi,TRUE,SUSPECTED FRAUD,,125595.26983999998,Negative
2024-04-17,DEBIT,63.13,USD,76.4318,-2121233.99,Walmart,Travel,Flight,Canada,Bengaluru,TRUE,MONTHLY SUBSCRIPTION,,916776.51146,Negative
2023-10-12,CREDIT,18.94,USD,75.5259,9580.05,Swiggy,Automotive,Fuel,India,Gurugram,TRUE,CHARGEBACK REQUESTED,,271787.50374,Positive
2025-01-04,DEBIT,41.29,INR,1.0,-1198433.63,BigBasket,Education,Course,USA,Jaipur,TRUE,,,7845.099999999999,Negative
2023-11-18,REFUND,24.9,GBP,96.7899,-2624696.06,ShopEasy,Automotive,Repair,UAE,Noida,TRUE,,,457913.0169,Negative
2025-05-08,DEBIT,33.37,USD,72.4657,-1641954.78,Myntra,Travel,Flight,UAE,Mumbai,TRUE,SUSPECTED FRAUD,2024.0,459454.27770999994,Negative
2024-09-10,DEBIT,33.64,INR,1.0,-160255.71,ShopEasy,Education,Books,USA,Mumbai,TRUE,,,6391.6,Negative
2025-07-10,DEBIT,3.73,AED,19.9211,-2653345.22,Starbucks,Dining,Cafe,UK,Kolkata,TRUE,SUSPECTED FRAUD,2024.0,14118.083569999999,Negative
2025-06-04,CREDIT,34.14,INR,1.0,-1499722.68,Myntra,Dining,Restaurant,Australia,Mumbai,TRUE,,,6486.6,Negative
2023-11-22,DEBIT,2.37,INR,1.0,-2119650.08,Swiggy,Dining,Cafe,Canada,Jaipur,TRUE,CHARGEBACK REQUESTED,,450.3,Negative
2024-03-16,DEBIT,24.99,AED,20.0803,-1558019.02,ShopEasy,Electronics,Accessory,USA,Noida,TRUE,CHARGEBACK REQUESTED,2025.0,95343.27243,Negative
2025-03-14,DEBIT,60.54,GBP,101.1646,-1886857.47,ElectroWorld,Entertainment,Movies,Canada,Delhi,TRUE,REPEAT PURCHASE,2022.0,1163655.9279599998,Negative
2024-07-25,CREDIT,48.74,INR,1.0,-2112404.66,Myntra,Education,Course,UAE,Kolkata,TRUE,CASHBACK CREDITED,2021.0,9260.6,Negative
2024-03-16,CREDIT,51.96,GBP,91.2336,-2774085.17,ShopEasy,Groceries,Specialty,UAE,Hyderabad,TRUE,MONTHLY SUBSCRIPTION,2023.0,900694.59264,Negative
2025-03-03,DEBIT,2.5,AED,21.1666,-1807046.98,Walmart,Clothing,Men,UAE,Gurugram,TRUE,SUSPECTED FRAUD,,10054.135,Negative
2024-09-20,DEBIT,157.02,USD,78.1186,-1641954.78,BigBasket,Groceries,Supermarket,Canada,Jaipur,TRUE,,,2330574.68868,Negative
2024-06-11,DEBIT,57.66,INR,1.0,-1641954.78,ElectroWorld,Clothing,Women,UAE,Pune,TRUE,SUSPECTED FRAUD,,10955.4,Negative
2024-10-20,CREDIT,8.67,USD,80.105,-1284664.85,Walmart,Electronics,Laptop,USA,Gurugram,TRUE,,2016.0,131956.9665,Negative
2024-02-12,CREDIT,30.18,GBP,98.4575,-1824067.35,BigBasket,Entertainment,Concert,India,Mumbai,TRUE,PROMO APPLIED,,564574.9965,Negative
2025-06-27,REFUND,8.08,USD,76.4182,-1561026.96,Starbucks,Health,Clinic,UK,Jaipur,TRUE,,2023.0,117317.22064,Negative
2024-03-16,DEBIT,42.58,GBP,102.8355,-1641954.78,ShopEasy,Entertainment,Streaming,Canada,Noida,TRUE,"SUSPECTED FRAUD -- VERIFY
CONTACT SUPPORT",2023.0,831959.7620999998,Negative
2024-12-20,DEBIT,33.37,INR,1.0,-1985209.19,Amazon,Groceries,Specialty,USA,Bengaluru,TRUE,REPEAT PURCHASE,,6340.299999999999,Negative
2025-01-19,DEBIT,36.26,GBP,94.281,-2867856.6,AutoZone,Health,Clinic,India,Bengaluru,TRUE,REPEAT PURCHASE,,649539.5214000001,Negative
2024-03-30,DEBIT,33.12,USD,80.9422,-1641954.78,Amazon,Clothing,Women,UAE,Jaipur,TRUE,,,509353.07616,Negative
2024-07-19,CREDIT,54.15,INR,1.0,-1559978.65,Paytm Mall,Health,Pharmacy,India,Pune,TRUE,MONTHLY SUBSCRIPTION,2018.0,10288.5,Negative
2024-03-04,DEBIT,14.73,USD,75.6096,-1825825.1,AutoZone,Electronics,Laptop,Australia,Hyderabad,TRUE,CASHBACK CREDITED,2018.0,211608.58752000003,Negative
2023-12-24,REFUND,102.4,INR,1.0,-565135.8,BigBasket,Dining,FastFood,India,Delhi,TRUE,MONTHLY SUBSCRIPTION,,19456.0,Negative
2025-02-10,DEBIT,96.95,GBP,105.4265,-540798.98,Amazon,Entertainment,Concert,UK,Chennai,TRUE,MONTHLY SUBSCRIPTION,,1942008.8432500002,Negative
2025-06-05,DEBIT,97.99,INR,1.0,-1985074.11,Flipkart,Entertainment,Movies,Canada,Pune,TRUE,SUSPECTED FRAUD,2019.0,18618.1,Negative
2024-09-29,DEBIT,27.35,USD,79.9038,-2085667.3,Swiggy,Education,Books,UAE,Bengaluru,TRUE,MANUAL ADJUSTMENT,,415220.0967,Negative
2025-02-11,DEBIT,22.68,AED,20.3568,-2467584.02,Paytm Mall,Health,Pharmacy,USA,Kolkata,TRUE,REPEAT PURCHASE,,87721.52256,Negative
2023-10-20,DEBIT,116.53,USD,72.2839,-2624477.39,Flipkart,Electronics,Accessory,USA,Gurugram,TRUE,MONTHLY SUBSCRIPTION,2015.0,1600416.14473,Negative
2025-07-21,REFUND,131.67,AED,19.5585,-2775370.79,Myntra,Education,Course,UAE,Noida,TRUE,MONTHLY SUBSCRIPTION,2025.0,489300.86204999994,Negative
2024-09-08,REFUND,33.37,GBP,95.4512,-1641954.78,ShopEasy,Travel,Flight,India,Bengaluru,TRUE,CASHBACK CREDITED,,605189.24336,Negative
2025-05-26,CREDIT,6.13,INR,1.0,-2208883.26,Flipkart,Electronics,Accessory,India,Jaipur,TRUE,MANUAL ADJUSTMENT,2025.0,1164.7,Negative
2024-10-04,DEBIT,38.74,INR,1.0,-174233.49,Paytm Mall,Travel,Hotel,India,Jaipur,TRUE,,2024.0,7360.6,Negative
2024-04-27,DEBIT,33.37,GBP,90.2278,-1197891.76,Myntra,Education,Course,Australia,Chennai,TRUE,,,572071.32034,Negative
2024-06-19,REFUND,7.41,AED,20.1957,-174083.96,Paytm Mall,Travel,Flight,UAE,Bengaluru,TRUE,SUSPECTED FRAUD,,28433.52603,Negative
2023-10-13,DEBIT,29.54,GBP,91.9383,-529673.65,LocalMart,Entertainment,Concert,UAE,Pune,TRUE,MONTHLY SUBSCRIPTION,,516012.90257999994,Negative
2025-07-06,DEBIT,73.67,USD,75.0131,-1641954.78,Walmart,Automotive,Repair,USA,Noida,TRUE,PROMO APPLIED,,1049980.86463,Negative
2024-01-17,DEBIT,85.52,USD,80.0731,-1269962.52,AutoZone,Entertainment,Streaming,UAE,Kolkata,TRUE,MANUAL ADJUSTMENT,2025.0,1301091.7872799998,Negative
2023-10-31,CREDIT,25.8,GBP,90.4182,-174841.9,Flipkart,Electronics,Mobile,UAE,Kolkata,TRUE,MANUAL ADJUSTMENT,,443230.0164,Negative
2024-01-10,DEBIT,13.77,USD,73.5897,-1639894.75,Zomato,Health,Pharmacy,India,Noida,TRUE,CASHBACK CREDITED,,192532.73210999998,Negative
2025-02-25,REFUND,189.3,USD,72.0629,-2607724.11,Paytm Mall,Automotive,Fuel,Australia,Chennai,TRUE,PROMO APPLIED,2025.0,2591886.3243,Negative
2025-03-24,CREDIT,33.37,USD,78.0184,-1199903.44,BigBasket,Utilities,Water,Canada,Pune,TRUE,,,494660.06151999993,Negative
2023-12-11,REFUND,33.37,AED,20.7176,-2465135.8,Paytm Mall,Entertainment,Movies,Canada,Gurugram,TRUE,MONTHLY SUBSCRIPTION,,131355.79928,Negative
2025-08-09,DEBIT,41.82,AED,20.0926,-1077163.8,Zomato,Groceries,Specialty,UAE,Kolkata,TRUE,SUSPECTED FRAUD,,159651.78108000002,Negative
2023-11-15,DEBIT,236.52,INR,1.0,-2236534.93,BigBasket,Groceries,Specialty,India,Chennai,TRUE,REPEAT PURCHASE,,44938.8,Negative
2024-05-06,CREDIT,33.37,INR,1.0,-2254412.2,Zomato,Dining,Cafe,Canada,Gurugram,TRUE,,,6340.299999999999,Negative
2023-11-15,DEBIT,25.84,USD,78.1627,-1641954.78,AutoZone,Groceries,Specialty,USA,Jaipur,TRUE,CHARGEBACK REQUESTED,,383747.59192,Negative
2024-11-19,REFUND,33.37,INR,1.0,-1561308.53,Starbucks,Electronics,Mobile,India,Hyderabad,TRUE,REPEAT PURCHASE,,6340.299999999999,Negative
2025-02-21,REFUND,46.39,AED,21.4183,-174821.15,LocalMart,Dining,Restaurant,UK,Mumbai,TRUE,,2024.0,188783.03803,Negative
2023-10-11,CREDIT,65.82,USD,76.9599,-1675983.31,Paytm Mall,Dining,FastFood,Canada,Bengaluru,TRUE,SUSPECTED FRAUD,2025.0,962445.11742,Negative
2025-08-16,DEBIT,17.3,INRR,1.0,-2783832.6,Paytm Mall,Groceries,Specialty,Australia,Noida,TRUE,,,3287.0,Negative
2024-12-30,CREDIT,33.37,GBP,102.7339,-279520.69,Myntra,Electronics,Mobile,USA,Delhi,TRUE,REPEAT PURCHASE,,651363.7461699999,Negative
2024-03-15,CREDIT,33.37,INR,1.0,-481712.1,Starbucks,Health,Clinic,India,Mumbai,TRUE,MANUAL ADJUSTMENT,,6340.299999999999,Negative
2025-02-10,DEBIT,11.38,USD,75.6434,-1641954.78,Paytm Mall,Health,Pharmacy,India,Bengaluru,TRUE,CASHBACK CREDITED,2018.0,163556.15948,Negative
2024-12-14,REFUND,59.46,GBP,90.4056,-2624507.12,Myntra,Education,Books,UK,Mumbai,TRUE,CHARGEBACK REQUESTED,2024.0,1021348.2254400002,Negative
2024-02-29,CREDIT,33.37,GBP,100.6791,-2774059.19,Amazon,Clothing,Men,India,Noida,TRUE,SUSPECTED FRAUD,,638335.69773,Negative
2023-09-29,DEBIT,80.36,GBP,103.0924,-1126511.55,Reliance,Education,Books,UAE,Delhi,TRUE,REPEAT PURCHASE,,1574056.0001599998,Negative
2024-10-13,REFUND,28.69,AED,18.7307,-2908651.01,Flipkart,Dining,FastFood,India,Jaipur,TRUE,MANUAL ADJUSTMENT,,102102.91877,Negative
2025-02-01,DEBIT,155.35,AED,21.0862,-2625196.28,Myntra,Automotive,Fuel,Canada,Noida,TRUE,MONTHLY SUBSCRIPTION,2016.0,622390.8223,Negative
2024-07-15,DEBIT,7.14,GBP,90.2353,-1641954.78,AutoZone,Clothing,Men,UK,Mumbai,TRUE,SUSPECTED FRAUD,2021.0,122413.20797999999,Negative
2024-11-21,CREDIT,109.68,GBP,100.3424,-1641954.78,Paytm Mall,Clothing,Men,UK,Pune,TRUE,,,2091055.34208,Negative
2023-11-20,CREDIT,14.95,USD,79.5802,-593589.05,BigBasket,Entertainment,Streaming,UAE,Delhi,TRUE,REPEAT PURCHASE,2023.0,226047.5581,Negative
2025-03-19,REFUND,33.37,INR,1.0,-1150431.39,ShopEasy,Entertainment,Streaming,UK,Hyderabad,TRUE,REPEAT PURCHASE,,6340.299999999999,Negative
2024-01-30,REFUND,105.99,INR,1.0,-1150399.38,Starbucks,Groceries,Specialty,Canada,Hyderabad,TRUE,CASHBACK CREDITED,2017.0,20138.1,Negative
2024-04-01,CREDIT,100.1,GBP,98.824,-1527320.1,Starbucks,Health,Pharmacy,USA,Hyderabad,TRUE,CASHBACK CREDITED,2018.0,1879533.656,Negative
2025-07-27,REFUND,33.37,USD,82.2874,-1641954.78,Paytm Mall,Utilities,Internet,Canada,Hyderabad,TRUE,SUSPECTED FRAUD,,521726.80222,Negative
2024-05-30,DEBIT,33.37,USD,79.883,-1078138.07,Flipkart,Entertainment,Streaming,USA,Noida,TRUE,,,506482.18489999993,Negative
2025-01-02,DEBIT,17.97,INR,1.0,-2237067.64,Swiggy,Entertainment,Concert,UK,Gurugram,TRUE,MANUAL ADJUSTMENT,2025.0,3414.2999999999997,Negative
2023-10-11,DEBIT,16.7,GBP,91.4832,-1641954.78,Amazon,Clothing,Men,USA,Mumbai,TRUE,CASHBACK CREDITED,,290276.19359999994,Negative
2025-07-28,DEBIT,13.76,INR,1.0,-2121648.97,Starbucks,Health,Pharmacy,UK,Jaipur,TRUE,SUSPECTED FRAUD,,2614.4,Negative
2023-12-11,DEBIT,33.37,INR,1.0,-182455.33,Amazon,Health,Pharmacy,UAE,Kolkata,TRUE,SUSPECTED FRAUD,,6340.299999999999,Negative
2025-05-04,REFUND,223.14,GBP,101.2108,-1641954.78,Myntra,Entertainment,Movies,UAE,Gurugram,TRUE,MANUAL ADJUSTMENT,,4290993.80328,Negative
2024-10-20,REFUND,14.56,AED,21.3266,-2902696.12,BigBasket,Dining,Cafe,India,Chennai,TRUE,PROMO APPLIED,,58997.90624,Negative
2025-04-22,CREDIT,6.13,AED,19.8712,-1560715.45,AutoZone,Electronics,Mobile,UAE,Bengaluru,TRUE,CASHBACK CREDITED,,23143.98664,Negative
2025-04-02,REFUND,33.37,INR,1.0,-2230671.5,Reliance,Travel,Hotel,UAE,Jaipur,TRUE,MONTHLY SUBSCRIPTION,2022.0,6340.299999999999,Negative
2025-05-27,DEBIT,28.66,GBP,106.8271,-1641954.78,Zomato,Dining,FastFood,Australia,Hyderabad,TRUE,CHARGEBACK REQUESTED,2020.0,581716.2903400001,Negative
2024-10-29,REFUND,9.16,INR,1.0,-160832.06,Amazon,Dining,Restaurant,Canada,Chennai,TRUE,REPEAT PURCHASE,2023.0,1740.4,Negative
2024-12-30,DEBIT,33.37,INR,1.0,-2653001.95,Starbucks,Health,Pharmacy,India,Gurugram,TRUE,CASHBACK CREDITED,,6340.299999999999,Negative
2024-04-06,CREDIT,33.37,INR,1.0,-2653542.68,Reliance,Electronics,Mobile,Australia,Pune,TRUE,CASHBACK CREDITED,2017.0,6340.299999999999,Negative
2025-05-10,DEBIT,180.27,USD,80.3364,-1641954.78,Myntra,Utilities,Electricity,UK,Hyderabad,TRUE,MANUAL ADJUSTMENT,2017.0,2751626.13732,Negative
2024-10-11,DEBIT,256.09,INR,1.0,-2824919.75,AutoZone,Automotive,Repair,UAE,Bengaluru,TRUE,MANUAL ADJUSTMENT,2023.0,48657.1,Negative
2025-04-15,REFUND,25.77,INR,1.0,-977238.04,Paytm Mall,Education,Books,Australia,Pune,TRUE,MONTHLY SUBSCRIPTION,,4896.3,Negative
2023-12-23,CREDIT,3.99,USD,73.8119,-143836.84,Paytm Mall,Automotive,Fuel,India,Kolkata,TRUE,MONTHLY SUBSCRIPTION,,55956.80139,Negative
2024-12-12,REFUND,240.8,INR,1.0,-2935567.58,LocalMart,Entertainment,Streaming,Australia,Delhi,TRUE,CHARGEBACK REQUESTED,2017.0,45752.0,Negative
2024-11-12,DEBIT,33.37,AED,18.3439,-1641954.78,Walmart,Travel,Hotel,USA,Hyderabad,TRUE," -- VERIFY
CONTACT SUPPORT",,116305.82917,Negative
2025-09-02,REFUND,32.88,USD,76.7533,-2465454.45,ElectroWorld,Electronics,Accessory,India,Gurugram,TRUE,CASHBACK CREDITED,,479493.21576000005,Negative
2024-12-24,CREDIT,41.22,INR,1.0,-2118499.51,ElectroWorld,Dining,Restaurant,UK,Kolkata,TRUE,REPEAT PURCHASE,,7831.8,Negative
2023-12-06,CREDIT,318.44,USD,75.3686,-145282.85,Flipkart,Electronics,Mobile,India,Pune,TRUE,MANUAL ADJUSTMENT,,4560071.62696,Negative
2025-03-08,DEBIT,29.76,GBP,102.9567,-1641954.78,Paytm Mall,Travel,Hotel,UK,Delhi,TRUE,,,582158.36448,Negative
2024-02-09,REFUND,16.2,INR,1.0,-1641954.78,Zomato,Education,Books,Canada,Delhi,TRUE,SUSPECTED FRAUD,,3078.0,Negative
2024-05-27,DEBIT,33.18,GBP,101.947,-2514572.0,ElectroWorld,Clothing,Men,USA,Mumbai,TRUE,SUSPECTED FRAUD,2018.0,642694.2774,Negative
2024-07-04,REFUND,23.08,AED,20.1841,-2913975.02,Swiggy,Groceries,Supermarket,UK,Delhi,TRUE,CASHBACK CREDITED,2020.0,88511.31532,Negative
2024-12-04,DEBIT,33.86,GBP,96.1043,-441434.28,BigBasket,Education,Course,UAE,Bengaluru,TRUE,PROMO APPLIED,,618277.40362,Negative
2024-08-29,CREDIT,20.32,USD,77.986,-1270080.59,Walmart,Groceries,Supermarket,India,Kolkata,TRUE,,,301088.3488,Negative
2025-02-27,REFUND,23.27,USD,72.8369,-1273114.65,AutoZone,Electronics,Mobile,UK,Kolkata,TRUE,REPEAT PURCHASE,,322033.78597,Negative
2024-05-18,CREDIT,8.89,AED,20.7569,-2235810.02,Paytm Mall,Groceries,Supermarket,USA,Jaipur,TRUE,MONTHLY SUBSCRIPTION,,35060.479790000005,Negative
2023-12-04,DEBIT,33.37,USD,76.6703,-160119.19,Paytm Mall,Health,Clinic,USA,Noida,TRUE,SUSPECTED FRAUD,,486112.70308999997,Negative
2024-05-23,DEBIT,100.44,GBP,103.8642,-540660.28,LocalMart,Entertainment,Concert,Australia,Kolkata,TRUE,CHARGEBACK REQUESTED,,1982102.8471199998,Negative
2025-05-14,CREDIT,71.26,INR,1.0,-1715004.22,Paytm Mall,Electronics,Accessory,UK,Hyderabad,TRUE,,,13539.400000000001,Negative
2025-05-04,CREDIT,29.26,GBP,99.3969,-1214654.15,ShopEasy,Automotive,Fuel,UK,Jaipur,TRUE,CHARGEBACK REQUESTED,,552587.12586,Negative
2024-12-25,DEBIT,39.82,USD,73.8032,-163807.05,ShopEasy,Utilities,Water,Australia,Bengaluru,TRUE,"MONTHLY SUBSCRIPTION -- VERIFY
CONTACT SUPPORT",,558380.2505600001,Negative
2025-01-13,DEBIT,41.91,GBP,107.641,-2465628.88,Myntra,Utilities,Electricity,USA,Delhi,TRUE,PROMO APPLIED,,857134.5189,Negative
2024-02-28,CREDIT,24.81,INR,1.0,-2118101.07,Walmart,Groceries,Specialty,USA,Mumbai,TRUE,CASHBACK CREDITED,2020.0,4713.9,Negative
2024-08-29,CREDIT,31.03,GBP,102.6355,-281969.19,Zomato,Education,Books,India,Delhi,TRUE,CASHBACK CREDITED,,605108.11735,Negative
2024-04-20,DEBIT,33.37,AED,21.7798,-1652232.23,ShopEasy,Clothing,Men,UAE,Jaipur,TRUE,MANUAL ADJUSTMENT,,138090.46594,Negative
2024-06-11,CREDIT,69.59,USD,78.9716,-2236416.67,Swiggy,Travel,Flight,USA,Chennai,TRUE,,,1044170.3923599999,Negative
2023-10-09,CREDIT,33.37,INR,1.0,-2085586.88,Amazon,Entertainment,Movies,UK,Pune,TRUE,CASHBACK CREDITED,2018.0,6340.299999999999,Negative
2024-04-06,REFUND,8.53,INR,1.0,-1617070.14,Walmart,Travel,Flight,UAE,Pune,TRUE,MONTHLY SUBSCRIPTION,,1620.6999999999998,Negative
2023-11-06,CREDIT,33.37,USD,75.9363,-189336.0,AutoZone,Electronics,Accessory,UAE,Noida,TRUE,PROMO APPLIED,,481458.92289,Negative
2024-08-08,DEBIT,33.37,GBP,90.1763,-2538150.72,Paytm Mall,Health,Pharmacy,UK,Chennai,TRUE,CASHBACK CREDITED,,571744.7948899999,Negative
2024-06-22,DEBIT,2.87,INR,1.0,-278115.38,Flipkart,Entertainment,Movies,Canada,Bengaluru,TRUE,,,545.3000000000001,Negative
2024-03-05,DEBIT,33.37,GBP,90.715,-1937929.34,BigBasket,Education,Books,UAE,Pune,TRUE,CHARGEBACK REQUESTED,,575160.3145,Negative
2023-10-10,CREDIT,3683.01,INR,1.0,-1639524.65,Starbucks,Travel,Flight,India,Chennai,TRUE,CASHBACK CREDITED,2022.0,699771.9,Negative
2025-05-03,REFUND,9.91,INR,1.0,-2464688.47,Walmart,Travel,Hotel,Australia,Gurugram,TRUE,SUSPECTED FRAUD,,1882.9,Negative
2025-05-04,DEBIT,17.85,INR,1.0,-1641954.78,Flipkart,Entertainment,Streaming,Australia,Jaipur,TRUE,MANUAL ADJUSTMENT,,3391.5000000000005,Negative
2025-04-15,REFUND,111.25,AED,19.8179,-556992.69,Amazon,Automotive,Fuel,India,Chennai,TRUE,CASHBACK CREDITED,,418900.86125,Negative
2024-11-27,DEBIT,20.78,USD,72.7958,-2236276.66,Myntra,Groceries,Specialty,Australia,Gurugram,TRUE,,,287412.37756000005,Negative
2024-10-06,DEBIT,33.37,INR,1.0,-538207.92,Starbucks,Automotive,Repair,UAE,Pune,TRUE,REPEAT PURCHASE,,6340.299999999999,Negative
2024-01-02,CREDIT,25.69,INR,1.0,-1641954.78,ShopEasy,Entertainment,Movies,Australia,Gurugram,TRUE,REPEAT PURCHASE,,4881.1,Negative
2025-06-12,DEBIT,82.83,GBP,109.7041,-1935519.48,Flipkart,Clothing,Women,UK,Bengaluru,TRUE,"MONTHLY SUBSCRIPTION -- VERIFY
CONTACT SUPPORT",,1726490.2145699998,Negative
2025-03-26,REFUND,28.55,USD,77.2484,-1935697.18,ElectroWorld,Entertainment,Movies,Canada,Pune,TRUE,MANUAL ADJUSTMENT,,419033.9458,Negative
2024-08-24,CREDIT,74.2,USD,81.403,-1641954.78,LocalMart,Utilities,Internet,India,Noida,TRUE,MONTHLY SUBSCRIPTION,,1147619.4940000002,Negative
2024-11-12,CREDIT,127.73,USD,74.5509,-1641954.78,ElectroWorld,Education,Course,USA,Noida,TRUE,REPEAT PURCHASE,,1809253.42683,Negative
2024-08-02,DEBIT,51.1,INR,1.0,-1131845.03,Zomato,Electronics,Laptop,India,Noida,TRUE,CASHBACK CREDITED,2022.0,9709.0,Negative
2024-01-28,DEBIT,33.37,GBP,108.0796,-1272508.93,BigBasket,Automotive,Repair,Australia,Jaipur,TRUE,CHARGEBACK REQUESTED,,685257.08788,Negative
2024-09-30,REFUND,28.38,INR,1.0,-1131911.09,Amazon,Entertainment,Concert,USA,Kolkata,TRUE,SUSPECTED FRAUD,,5392.2,Negative
2023-11-03,DEBIT,180.73,INR,1.0,-2583217.11,Starbucks,Education,Course,UAE,Delhi,TRUE,SUSPECTED FRAUD,2020.0,34338.7,Negative
2025-04-07,DEBIT,12.34,USD,73.1415,-1198803.46,Reliance,Clothing,Men,Canada,Kolkata,TRUE,CHARGEBACK REQUESTED,,171487.56089999998,Negative
2025-09-11,DEBIT,91.49,USD,82.4838,-1641954.78,Starbucks,Electronics,Accessory,Canada,Noida,TRUE,SUSPECTED FRAUD,,1433824.14378,Negative
2023-10-21,DEBIT,8.93,INR,1.0,-2420193.49,AutoZone,Education,Course,UK,Bengaluru,TRUE,,,1696.7,Negative
2024-07-18,REFUND,9.44,AED,19.6314,-2514357.45,Reliance,Groceries,Supermarket,UK,Kolkata,TRUE,,,35210.87904,Negative
2023-10-27,DEBIT,124.55,AED,18.8091,-2514796.2,Flipkart,Entertainment,Concert,Australia,Pune,TRUE,,,445107.94695,Negative
2025-03-09,REFUND,78.84,INR,1.0,-2514073.51,LocalMart,Entertainment,Streaming,Canada,Kolkata,TRUE,,,14979.6,Negative
2023-10-13,CREDIT,33.37,AED,19.0148,-2934560.02,Myntra,Electronics,Mobile,Australia,Chennai,TRUE,MONTHLY SUBSCRIPTION,,120559.53644,Negative
2025-04-22,DEBIT,33.37,AED,19.34,-481319.27,LocalMart,Clothing,Men,Canada,Kolkata,TRUE,,,122621.40199999999,Negative
2025-02-05,REFUND,33.17,INR,1.0,-2463060.36,Walmart,Automotive,Fuel,USA,Mumbai,TRUE," -- VERIFY
CONTACT SUPPORT",,6302.3,Negative
2025-03-15,REFUND,15.81,USD,76.3894,-1214598.66,LocalMart,Education,Course,UK,Bengaluru,TRUE,CASHBACK CREDITED,2020.0,229466.11866,Negative
2025-09-08,CREDIT,33.37,GBP,105.8052,-1641954.78,Zomato,Dining,Cafe,UAE,Noida,TRUE,MONTHLY SUBSCRIPTION,2024.0,670836.70956,Negative
2024-10-12,REFUND,64.83,USD,73.1346,-446889.93,BigBasket,Automotive,Repair,UK,Kolkata,TRUE,SUSPECTED FRAUD,2022.0,900850.0624200001,Negative
2025-02-14,DEBIT,117.75,AED,19.7532,-143809.84,Myntra,Groceries,Specialty,Canada,Chennai,TRUE,CASHBACK CREDITED,2020.0,441928.467,Negative
2025-07-04,DEBIT,64.13,USD,73.6295,-1935877.73,Flipkart,Electronics,Laptop,UK,Kolkata,TRUE,,,897153.3686499998,Negative
2023-10-04,REFUND,33.37,INR,1.0,-2902034.1,BigBasket,Entertainment,Streaming,Canada,Delhi,TRUE,REPEAT PURCHASE,,6340.299999999999,Negative
2025-02-22,REFUND,33.37,INR,1.0,-2463335.97,AutoZone,Utilities,Electricity,USA,Kolkata,TRUE,CASHBACK CREDITED,,6340.299999999999,Negative
2025-08-26,CREDIT,17.79,AED,19.9362,-1641954.78,LocalMart,Dining,FastFood,UK,Chennai,TRUE,SUSPECTED FRAUD,,67386.34962,Negative
2023-12-06,DEBIT,83.5,USD,76.0509,-2680283.85,Swiggy,Clothing,Men,UK,Delhi,TRUE,REPEAT PURCHASE,,1206547.5285,Negative
2024-04-22,DEBIT,33.37,GBP,104.6269,-1641954.78,BigBasket,Utilities,Internet,UAE,Gurugram,TRUE,"PROMO APPLIED -- VERIFY
CONTACT SUPPORT",2018.0,663365.93407,Negative
2024-12-26,DEBIT,79.99,GBP,109.8633,-1641954.78,Swiggy,Health,Pharmacy,UK,Hyderabad,TRUE,SUSPECTED FRAUD,,1669713.4197299997,Negative
2025-02-15,DEBIT,538.94,AED,21.4802,-2653271.42,Walmart,Education,Books,Australia,Kolkata,TRUE,PROMO APPLIED,,2199542.40772,Negative
2024-11-12,REFUND,4.5,INR,1.0,-1150850.78,Zomato,Education,Course,Australia,Hyderabad,TRUE,CHARGEBACK REQUESTED,2018.0,855.0,Negative
2023-10-25,DEBIT,33.37,AED,18.9086,-2775304.95,Walmart,Utilities,Internet,Australia,Noida,TRUE,MANUAL ADJUSTMENT,,119886.19657999999,Negative
2023-10-08,CREDIT,3.47,AED,18.7217,-1713232.63,Paytm Mall,Travel,Flight,Australia,Pune,TRUE,PROMO APPLIED,,12343.21681,Negative
2023-10-02,DEBIT,9.31,USD,82.8196,-143549.76,LocalMart,Groceries,Supermarket,USA,Chennai,TRUE,MANUAL ADJUSTMENT,,146499.59044,Negative
2023-10-13,DEBIT,57.46,INR,1.0,-447024.27,LocalMart,Groceries,Specialty,USA,Gurugram,TRUE,CASHBACK CREDITED,2018.0,10917.4,Negative
2023-09-27,DEBIT,15.02,INR,1.0,-2678147.51,Reliance,Education,Course,UK,Hyderabad,TRUE,SUSPECTED FRAUD,,2853.7999999999997,Negative
2024-12-07,CREDIT,294.32,AED,19.5295,-1641954.78,Amazon,Clothing,Men,India,Mumbai,TRUE,MANUAL ADJUSTMENT,,1092105.2636,Negative
2025-08-24,DEBIT,83.51,INR,1.0,-2773817.49,Amazon,Health,Pharmacy,Canada,Bengaluru,TRUE,REPEAT PURCHASE,2018.0,15866.900000000001,Negative
2024-07-17,CREDIT,33.37,USD,78.1588,-1560112.0,LocalMart,Automotive,Repair,Canada,Mumbai,TRUE,SUSPECTED FRAUD,,495550.2396399999,Negative
2024-12-14,DEBIT,316.52,INR,1.0,-529954.42,Zomato,Clothing,Women,Canada,Mumbai,TRUE,CHARGEBACK REQUESTED,2024.0,60138.799999999996,Negative
2024-06-10,CREDIT,33.37,USD,78.9689,-1641954.78,LocalMart,Electronics,Mobile,UAE,Gurugram,TRUE,REPEAT PURCHASE,2024.0,500686.51667,Negative
2023-10-15,DEBIT,33.37,INR,1.0,-1641954.78,Myntra,Travel,Taxi,UK,Gurugram,TRUE,REPEAT PURCHASE,,6340.299999999999,Negative
2023-10-06,CREDIT,43.84,USD,79.1902,-595160.48,Paytm Mall,Utilities,Electricity,UK,Hyderabad,TRUE,CHARGEBACK REQUESTED,2020.0,659622.68992,Negative
2024-09-26,DEBIT,33.37,USD,77.185,-2581038.23,Zomato,Automotive,Repair,Australia,Jaipur,TRUE,PROMO APPLIED,,489376.0555,Negative
2025-01-25,DEBIT,14.26,AED,21.8588,-144959.03,Paytm Mall,Utilities,Water,UK,Noida,TRUE,SUSPECTED FRAUD,,59224.23271999999,Negative
2024-10-17,DEBIT,33.37,USD,78.2646,-2727690.98,Walmart,Electronics,Accessory,UAE,Kolkata,TRUE,"PROMO APPLIED -- VERIFY
CONTACT SUPPORT",,496221.04337999993,Negative
2024-11-24,DEBIT,33.37,AED,18.5996,-2866239.02,BigBasket,Electronics,Mobile,Australia,Kolkata,TRUE,MONTHLY SUBSCRIPTION,2020.0,117927.04388,Negative
2025-08-02,CREDIT,137.11,INR,1.0,-2783792.65,LocalMart,Clothing,Men,UAE,Noida,TRUE,MONTHLY SUBSCRIPTION,,26050.9,Negative
2025-02-28,CREDIT,45.96,INR,1.0,-2868187.05,Walmart,Education,Books,USA,Delhi,TRUE,MONTHLY SUBSCRIPTION,2025.0,8732.4,Negative
2025-03-26,CREDIT,90.02,INR,1.0,-1626452.5,Paytm Mall,Clothing,Men,Canada,Chennai,TRUE,PROMO APPLIED,,17103.8,Negative
2025-07-25,DEBIT,10.89,USD,75.1703,-1624180.41,Amazon,Travel,Taxi,Australia,Hyderabad,TRUE,REPEAT PURCHASE,2017.0,155534.86773,Negative
2024-08-16,CREDIT,16.04,USD,73.8677,-2901070.78,Myntra,Health,Clinic,UAE,Delhi,TRUE,,,225119.20252,Negative
2024-10-26,CREDIT,131.52,AED,19.1515,-446345.24,Flipkart,Automotive,Fuel,UK,Gurugram,TRUE,PROMO APPLIED,,478573.00320000004,Negative
2024-01-11,DEBIT,8.53,USD,76.2862,-1641954.78,Flipkart,Automotive,Fuel,UK,Kolkata,TRUE,CASHBACK CREDITED,,123637.04433999998,Negative
2025-03-17,DEBIT,38.46,INR,1.0,-2825318.12,Zomato,Groceries,Supermarket,UK,Mumbai,TRUE,REPEAT PURCHASE,,7307.400000000001,Negative
2024-04-21,DEBIT,33.37,GBP,90.4743,-1435772.71,Walmart,Travel,Flight,Canada,Chennai,TRUE,MANUAL ADJUSTMENT,,573634.2042899999,Negative
2025-07-08,CREDIT,33.37,USD,75.7649,-1641954.78,Swiggy,Health,Clinic,USA,Mumbai,TRUE,MANUAL ADJUSTMENT,2020.0,480372.19547,Negative
2025-02-05,CREDIT,14.17,INR,1.0,-174002.66,ElectroWorld,Health,Pharmacy,Canada,Bengaluru,TRUE,SUSPECTED FRAUD,2021.0,2692.3,Negative
2025-06-23,CREDIT,33.37,USD,75.4656,-1641954.78,Myntra,Clothing,Men,India,Mumbai,TRUE,REPEAT PURCHASE,,478474.54367999994,Negative
2025-04-06,DEBIT,434.49,USD,79.643,-593855.39,ElectroWorld,Dining,FastFood,UAE,Kolkata,TRUE,MANUAL ADJUSTMENT,,6574776.5433,Negative
2024-08-31,DEBIT,517.56,INR,1.0,-1641954.78,Starbucks,Travel,Flight,Canada,Delhi,TRUE,MONTHLY SUBSCRIPTION,2019.0,98336.4,Negative
2023-12-28,REFUND,70.73,INR,1.0,-1641954.78,Myntra,Groceries,Supermarket,USA,Chennai,TRUE,"PROMO APPLIED -- VERIFY
CONTACT SUPPORT",,13438.7,Negative
2025-09-04,DEBIT,238.0,USD,78.6231,-2868578.69,ElectroWorld,Dining,Restaurant,UK,Kolkata,TRUE,MANUAL ADJUSTMENT,,3555336.582,Negative
2024-08-03,CREDIT,89.17,USD,76.968,-1641954.78,ElectroWorld,Dining,Cafe,Australia,Delhi,TRUE,,,1304014.9464,Negative
2025-01-02,DEBIT,14.53,INR,1.0,-1641954.78,Flipkart,Dining,FastFood,USA,Noida,TRUE,"CASHBACK CREDITED -- VERIFY
CONTACT SUPPORT",2024.0,2760.7,Negative
2024-01-05,REFUND,33.37,INR,1.0,-2230497.45,Zomato,Utilities,Electricity,Australia,Jaipur,TRUE,PROMO APPLIED,,6340.299999999999,Negative
2025-08-24,DEBIT,27.94,INR,1.0,-2581170.34,ShopEasy,Education,Books,UAE,Jaipur,TRUE,"REPEAT PURCHASE -- VERIFY
CONTACT SUPPORT",,5308.6,Negative
2025-03-22,CREDIT,7.46,USD,76.2402,-1641958.51,Myntra,Electronics,Accessory,India,Kolkata,TRUE,CASHBACK CREDITED,,108062.85948,Negative
2025-07-15,DEBIT,51.25,AED,21.3399,-2254624.27,Flipkart,Groceries,Specialty,UAE,Jaipur,TRUE,SUSPECTED FRAUD,,207797.27625,Negative
2024-11-10,CREDIT,4.34,INR ,1.0,-564894.48,AutoZone,Automotive,Fuel,India,Bengaluru,TRUE,PROMO APPLIED,,824.6,Negative
2023-09-15,REFUND,176.29,USD,79.9761,-2119919.5,Zomato,Automotive,Repair,Canada,Kolkata,TRUE,CHARGEBACK REQUESTED,,2678807.46711,Negative
2024-05-10,REFUND,25.29,INR,1.0,-1641954.78,Paytm Mall,Groceries,Specialty,UK,Gurugram,TRUE,MONTHLY SUBSCRIPTION,2023.0,4805.099999999999,Negative
2025-06-13,DEBIT,58.31,INR,1.0,-2117865.27,Reliance,Groceries,Supermarket,Australia,Bengaluru,TRUE,MONTHLY SUBSCRIPTION,,11078.9,Negative
2024-09-21,REFUND,26.23,INR,1.0,-1676106.72,ShopEasy,Clothing,Men,UK,Pune,TRUE,PROMO APPLIED,2020.0,4983.7,Negative
2024-04-21,REFUND,33.37,GBP,96.24,-1886721.6,Paytm Mall,Groceries,Specialty,UAE,Delhi,TRUE,REPEAT PURCHASE,,610190.472,Negative
2025-07-15,CREDIT,72.28,USD,79.7231,-1271457.87,Zomato,Entertainment,Movies,Australia,Kolkata,TRUE,MANUAL ADJUSTMENT,,1094853.27692,Negative
2025-09-03,DEBIT,57.4,INR,1.0,-1641954.78,ElectroWorld,Electronics,Laptop,USA,Mumbai,TRUE,MONTHLY SUBSCRIPTION,,10906.0,Negative
2025-05-08,DEBIT,19.8,INR,1.0,-2680077.9,Zomato,Electronics,Mobile,UAE,Delhi,TRUE,PROMO APPLIED,,3762.0,Negative
2024-10-11,DEBIT,59.76,GBP,99.1446,-1641954.78,ElectroWorld,Automotive,Repair,UAE,Hyderabad,TRUE,CASHBACK CREDITED,,1125727.44624,Negative
2025-09-11,DEBIT,33.37,AED,20.1954,-1483107.78,Paytm Mall,Electronics,Accessory,UK,Gurugram,TRUE,CASHBACK CREDITED,2015.0,128044.89461999999,Negative
2025-06-18,DEBIT,81.78,USD,75.0473,-977235.88,Flipkart,Utilities,Internet,USA,Jaipur,TRUE,CASHBACK CREDITED,,1166099.95686,Negative
2025-02-08,CREDIT,79.29,USD,72.5685,-554566.58,ShopEasy,Dining,Restaurant,UK,Bengaluru,TRUE,MONTHLY SUBSCRIPTION,2025.0,1093251.7093500001,Negative
2024-09-17,DEBIT,102.05,INR,1.0,-1714285.05,BigBasket,Education,Books,USA,Mumbai,TRUE,SUSPECTED FRAUD,2020.0,19389.5,Negative
2024-09-12,REFUND,19.92,USD,80.5266,-2624396.71,Zomato,Utilities,Electricity,Canada,Hyderabad,TRUE,MONTHLY SUBSCRIPTION,,304777.07568000007,Negative
2024-03-25,DEBIT,30.75,USD,76.7046,-1617405.88,AutoZone,Health,Clinic,India,Kolkata,TRUE,CHARGEBACK REQUESTED,,448146.6255,Negative
2024-02-22,DEBIT,91.08,AED,19.8891,-1641954.78,Flipkart,Utilities,Electricity,India,Kolkata,TRUE,CHARGEBACK REQUESTED,2017.0,344184.85332,Negative
2025-04-30,CREDIT,43.28,AED,21.4012,-2452544.78,Amazon,Automotive,Repair,UK,Gurugram,TRUE,REPEAT PURCHASE,2023.0,175986.34784,Negative
2023-11-20,REFUND,33.4,USD,81.8346,-1935961.95,LocalMart,Utilities,Water,India,Pune,TRUE,MONTHLY SUBSCRIPTION,2022.0,519322.37159999995,Negative
2024-11-01,DEBIT,143.78,USD,80.5886,-1558902.55,Amazon,Travel,Hotel,Canada,Mumbai,TRUE,CASHBACK CREDITED,2018.0,2201535.49252,Negative
2025-04-27,DEBIT,14.09,INR,1.0,-1774007.53,ShopEasy,Clothing,Women,UAE,Hyderabad,TRUE,MANUAL ADJUSTMENT,2016.0,2677.1,Negative
2024-08-17,CREDIT,6.38,AED,21.5274,-974547.02,Reliance,Electronics,Accessory,UK,Pune,TRUE,SUSPECTED FRAUD,2025.0,26095.51428,Negative
2025-06-25,DEBIT,23.63,USD,82.181,-1641954.78,Starbucks,Electronics,Accessory,Australia,Gurugram,TRUE,REPEAT PURCHASE,,368968.03569999995,Negative
2024-06-06,CREDIT,41.8,USD,78.9203,-1641954.78,Swiggy,Utilities,Electricity,USA,Mumbai,TRUE,MANUAL ADJUSTMENT,,626785.0225999999,Negative
2024-06-01,CREDIT,33.37,USD,79.8531,-2308551.9,Zomato,Electronics,Accessory,Canada,Mumbai,TRUE,CHARGEBACK REQUESTED,,506292.6099299999,Negative
2023-10-16,CREDIT,69.09,USD,76.4757,-1641954.78,AutoZone,Travel,Hotel,UAE,Pune,TRUE,CHARGEBACK REQUESTED,,1003904.16147,Negative
2025-07-25,DEBIT,4.94,USD,79.1632,-1557558.39,ShopEasy,Entertainment,Concert,Australia,Bengaluru,TRUE,MONTHLY SUBSCRIPTION,,74302.57952000001,Negative
2023-09-24,CREDIT,20.87,AED,19.7547,-276412.59,Amazon,Health,Pharmacy,UAE,Mumbai,TRUE,,,78333.31191,Negative
2024-03-25,CREDIT,7.96,USD,76.857,-593859.37,Reliance,Clothing,Men,India,Hyderabad,TRUE,MANUAL ADJUSTMENT,,116238.52679999999,Negative
2025-02-03,CREDIT,17.66,INR,1.0,-2254562.37,ElectroWorld,Electronics,Accessory,UK,Chennai,TRUE,MONTHLY SUBSCRIPTION,2020.0,3355.4,Negative
